geo_name_id,city,state,country,latitude,longitude,timezone,sort_order,display_name
1270996,Gonda City,Uttar Pradesh,IN,27.13181,81.95332,Asia/Kolkata,1,"Gonda City, Uttar Pradesh, IN"
1271005,Gomoh,Jharkhand,IN,23.87355,86.1516,Asia/Kolkata,1,"Gomoh, Jharkhand, IN"
1271047,Golakganj,Assam,IN,26.10216,89.82275,Asia/Kolkata,1,"Golakganj, Assam, IN"
1271050,Golaghat,Assam,IN,26.51167,93.95951,Asia/Kolkata,1,"Golaghat, Assam, IN"
1271049,Gola Gokarannath,Uttar Pradesh,IN,28.07837,80.47054,Asia/Kolkata,1,"Gola Gokarannath, Uttar Pradesh, IN"
1271052,Gola Bazar,Uttar Pradesh,IN,26.3446,83.35303,Asia/Kolkata,1,"Gola Bazar, Uttar Pradesh, IN"
1271059,Gokul,Uttar Pradesh,IN,27.43926,77.72019,Asia/Kolkata,1,"Gokul, Uttar Pradesh, IN"
1271062,Gokavaram,Andhra Pradesh,IN,17.25823,81.84985,Asia/Kolkata,1,"Gokavaram, Andhra Pradesh, IN"
1271064,Gokarna,Karnataka,IN,14.55,74.31667,Asia/Kolkata,1,"Gokarna, Karnataka, IN"
1271067,Gokak,Karnataka,IN,16.16901,74.82393,Asia/Kolkata,1,"Gokak, Karnataka, IN"
1271074,Gohpur,Assam,IN,26.88184,93.6156,Asia/Kolkata,1,"Gohpur, Assam, IN"
1271078,Gohand,Uttar Pradesh,IN,25.69871,79.54567,Asia/Kolkata,1,"Gohand, Uttar Pradesh, IN"
1271079,Gohana,Haryana,IN,29.13777,76.70247,Asia/Kolkata,1,"Gohana, Haryana, IN"
1271083,Gohadi,Madhya Pradesh,IN,26.43278,78.44205,Asia/Kolkata,1,"Gohadi, Madhya Pradesh, IN"
1271093,Gogapur,Madhya Pradesh,IN,23.55746,75.51665,Asia/Kolkata,1,"Gogapur, Madhya Pradesh, IN"
1271107,Godhra,Gujarat,IN,22.77547,73.61488,Asia/Kolkata,1,"Godhra, Gujarat, IN"
1271113,Godda,Jharkhand,IN,24.827,87.2125,Asia/Kolkata,1,"Godda, Jharkhand, IN"
1271131,Gobindpur,Jharkhand,IN,22.63393,86.07162,Asia/Kolkata,1,"Gobindpur, Jharkhand, IN"
1271130,Gobindpur,Jharkhand,IN,23.83556,86.51853,Asia/Kolkata,1,"Gobindpur, Jharkhand, IN"
1348791,Gobindapur,West Bengal,IN,22.59306,88.09139,Asia/Kolkata,1,"Gobindapur, West Bengal, IN"
1270947,Gobichettipalayam,Tamil Nadu,IN,11.45496,77.4422,Asia/Kolkata,1,"Gobichettipalayam, Tamil Nadu, IN"
1271142,Gobardanga,West Bengal,IN,22.8774,88.75479,Asia/Kolkata,1,"Gobardanga, West Bengal, IN"
1271151,Goalpara,Assam,IN,26.17668,90.62634,Asia/Kolkata,1,"Goalpara, Assam, IN"
1271146,Goa Velha,Goa,IN,15.44384,73.88572,Asia/Kolkata,1,"Goa Velha, Goa, IN"
1271175,Giridih,Jharkhand,IN,24.18622,86.30875,Asia/Kolkata,1,"Giridih, Jharkhand, IN"
1271199,Gingee,Tamil Nadu,IN,12.25282,79.41727,Asia/Kolkata,1,"Gingee, Tamil Nadu, IN"
1271212,Giddarbaha,Punjab,IN,30.19953,74.66627,Asia/Kolkata,1,"Giddarbaha, Punjab, IN"
1271213,Giddalur,Andhra Pradesh,IN,15.37439,78.92609,Asia/Kolkata,1,"Giddalur, Andhra Pradesh, IN"
1271215,Gidam,Chhattisgarh,IN,18.97431,81.39894,Asia/Kolkata,1,"Gidam, Chhattisgarh, IN"
1271393,Ghumarwin,Himachal Pradesh,IN,31.44166,76.71509,Asia/Kolkata,1,"Ghumarwin, Himachal Pradesh, IN"
1271244,Ghugus,Maharashtra,IN,19.9381,79.11192,Asia/Kolkata,1,"Ghugus, Maharashtra, IN"
1271250,Ghoti Budrukh,Maharashtra,IN,19.71641,73.62821,Asia/Kolkata,1,"Ghoti Budrukh, Maharashtra, IN"
1271259,Ghosi,Uttar Pradesh,IN,26.10587,83.5393,Asia/Kolkata,1,"Ghosi, Uttar Pradesh, IN"
1271264,Ghorawal,Uttar Pradesh,IN,24.75459,82.77965,Asia/Kolkata,1,"Ghorawal, Uttar Pradesh, IN"
1271285,Ghogha,Gujarat,IN,21.68813,72.2763,Asia/Kolkata,1,"Ghogha, Gujarat, IN"
1271288,Ghoga,Bihar,IN,25.21738,87.1571,Asia/Kolkata,1,"Ghoga, Bihar, IN"
1439622,Gho Brahmanan De,Jammu And Kashmir,IN,32.5559,74.9539,Asia/Kolkata,1,"Gho Brahmanan De, Jammu And Kashmir, IN"
1271295,Ghiror,Uttar Pradesh,IN,27.18912,78.79312,Asia/Kolkata,1,"Ghiror, Uttar Pradesh, IN"
1271306,Ghazipur,Uttar Pradesh,IN,25.58333,83.58526,Asia/Kolkata,1,"Ghazipur, Uttar Pradesh, IN"
1271308,Ghaziabad,Uttar Pradesh,IN,28.66535,77.43915,Asia/Kolkata,1,"Ghaziabad, Uttar Pradesh, IN"
1271319,Ghatsila,Jharkhand,IN,22.58531,86.47682,Asia/Kolkata,1,"Ghatsila, Jharkhand, IN"
1445378,Ghatkesar,Telangana,IN,17.45081,78.68366,Asia/Kolkata,1,"Ghatkesar, Telangana, IN"
1271343,Ghatanji,Maharashtra,IN,20.14183,78.31333,Asia/Kolkata,1,"Ghatanji, Maharashtra, IN"
1271345,Ghatampur,Uttar Pradesh,IN,26.15272,80.16803,Asia/Kolkata,1,"Ghatampur, Uttar Pradesh, IN"
1271346,Ghatal,West Bengal,IN,22.66244,87.73399,Asia/Kolkata,1,"Ghatal, West Bengal, IN"
1271361,Gharghoda,Chhattisgarh,IN,22.17427,83.3517,Asia/Kolkata,1,"Gharghoda, Chhattisgarh, IN"
1271363,Gharaunda,Haryana,IN,29.53692,76.97142,Asia/Kolkata,1,"Gharaunda, Haryana, IN"
1271374,Ghansor,Madhya Pradesh,IN,22.65976,79.95013,Asia/Kolkata,1,"Ghansor, Madhya Pradesh, IN"
1271386,Ghanaur,Punjab,IN,30.33092,76.61203,Asia/Kolkata,1,"Ghanaur, Punjab, IN"
1271413,Gevrai,Maharashtra,IN,19.26372,75.75007,Asia/Kolkata,1,"Gevrai, Maharashtra, IN"
1271422,George Town,Tamil Nadu,IN,13.0926,80.2801,Asia/Kolkata,1,"George Town, Tamil Nadu, IN"
1271439,Gaya,Bihar,IN,24.79686,85.00385,Asia/Kolkata,1,"Gaya, Bihar, IN"
1271444,Gawan,Uttar Pradesh,IN,28.41969,78.35186,Asia/Kolkata,1,"Gawan, Uttar Pradesh, IN"
1271449,Gautampura,Madhya Pradesh,IN,22.98664,75.51921,Asia/Kolkata,1,"Gautampura, Madhya Pradesh, IN"
1271453,Gauripur,Assam,IN,26.08334,89.96118,Asia/Kolkata,1,"Gauripur, Assam, IN"
1271459,Gauribidanur,Karnataka,IN,13.61072,77.51738,Asia/Kolkata,1,"Gauribidanur, Karnataka, IN"
1271464,Gaurela,Chhattisgarh,IN,22.75449,81.90107,Asia/Kolkata,1,"Gaurela, Chhattisgarh, IN"
1271495,Garui,West Bengal,IN,22.63333,88.4,Asia/Kolkata,1,"Garui, West Bengal, IN"
1271533,Gariadhar,Gujarat,IN,21.53889,71.57737,Asia/Kolkata,1,"Gariadhar, Gujarat, IN"
1271534,Gariaband,Chhattisgarh,IN,20.63323,82.06221,Asia/Kolkata,1,"Gariaband, Chhattisgarh, IN"
1271493,Garhwa,Jharkhand,IN,24.16002,83.80755,Asia/Kolkata,1,"Garhwa, Jharkhand, IN"
1271538,Garhshankar,Punjab,IN,31.21537,76.14149,Asia/Kolkata,1,"Garhshankar, Punjab, IN"
1271543,Garhmuktesar,Uttar Pradesh,IN,28.78732,78.10214,Asia/Kolkata,1,"Garhmuktesar, Uttar Pradesh, IN"
1271551,Garhi Pukhta,Uttar Pradesh,IN,29.5498,77.30881,Asia/Kolkata,1,"Garhi Pukhta, Uttar Pradesh, IN"
1271575,Garhdiwala,Punjab,IN,31.74147,75.75567,Asia/Kolkata,1,"Garhdiwala, Punjab, IN"
1271563,Garhakota,Madhya Pradesh,IN,23.7791,79.14321,Asia/Kolkata,1,"Garhakota, Madhya Pradesh, IN"
11280421,Garha Brahman,Madhya Pradesh,IN,23.86873,77.35731,Asia/Kolkata,1,"Garha Brahman, Madhya Pradesh, IN"
1271582,Garautha,Uttar Pradesh,IN,25.5719,79.29764,Asia/Kolkata,1,"Garautha, Uttar Pradesh, IN"
11875605,Garamur,Assam,IN,26.94891,94.17205,Asia/Kolkata,1,"Garamur, Assam, IN"
1271613,Gannavaram,Andhra Pradesh,IN,16.54092,80.80213,Asia/Kolkata,1,"Gannavaram, Andhra Pradesh, IN"
1271621,Ganjam,Odisha,IN,19.38705,85.05079,Asia/Kolkata,1,"Ganjam, Odisha, IN"
1271616,Ganj Muradabad,Uttar Pradesh,IN,26.95733,80.184,Asia/Kolkata,1,"Ganj Muradabad, Uttar Pradesh, IN"
1272207,Ganj Dundwara,Uttar Pradesh,IN,27.73308,78.94119,Asia/Kolkata,1,"Ganj Dundwara, Uttar Pradesh, IN"
1271630,Ganguvada,Andhra Pradesh,IN,18.66667,84.11667,Asia/Kolkata,1,"Ganguvada, Andhra Pradesh, IN"
1271631,Gangtok,Sikkim,IN,27.32574,88.61216,Asia/Kolkata,1,"Gangtok, Sikkim, IN"
1271642,Gangolli,Karnataka,IN,13.65024,74.67072,Asia/Kolkata,1,"Gangolli, Karnataka, IN"
1271644,Gangoh,Uttar Pradesh,IN,29.78004,77.26346,Asia/Kolkata,1,"Gangoh, Uttar Pradesh, IN"
1271662,Gangawati,Karnataka,IN,15.4313,76.52933,Asia/Kolkata,1,"Gangawati, Karnataka, IN"
1271663,Gangavalli,Tamil Nadu,IN,11.49828,78.64966,Asia/Kolkata,1,"Gangavalli, Tamil Nadu, IN"
1271670,Gangarampur,West Bengal,IN,25.40138,88.52978,Asia/Kolkata,1,"Gangarampur, West Bengal, IN"
1271680,Gangapur,Maharashtra,IN,19.69718,75.01045,Asia/Kolkata,1,"Gangapur, Maharashtra, IN"
1271676,Gangapur,Rajasthan,IN,25.21954,74.26028,Asia/Kolkata,1,"Gangapur, Rajasthan, IN"
1271675,Gangapur,Rajasthan,IN,26.47249,76.71744,Asia/Kolkata,1,"Gangapur, Rajasthan, IN"
1271685,Ganganagar,Rajasthan,IN,29.92009,73.87496,Asia/Kolkata,1,"Ganganagar, Rajasthan, IN"
1271688,Gangakher,Maharashtra,IN,18.96962,76.74946,Asia/Kolkata,1,"Gangakher, Maharashtra, IN"
1271692,Gangaikondan,Tamil Nadu,IN,8.85785,77.78019,Asia/Kolkata,1,"Gangaikondan, Tamil Nadu, IN"
8985894,Gangadharpur,West Bengal,IN,22.76,88.22,Asia/Kolkata,1,"Gangadharpur, West Bengal, IN"
1271715,Gandhinagar,Gujarat,IN,23.21667,72.68333,Asia/Kolkata,1,"Gandhinagar, Gujarat, IN"
1271717,Gandhidham,Gujarat,IN,23.08333,70.13333,Asia/Kolkata,1,"Gandhidham, Gujarat, IN"
1271714,Gandhi Nagar,Tamil Nadu,IN,13.00639,80.25417,Asia/Kolkata,1,"Gandhi Nagar, Tamil Nadu, IN"
1271722,Gandevi,Gujarat,IN,20.81214,72.99811,Asia/Kolkata,1,"Gandevi, Gujarat, IN"
1271729,Gandarbal,Jammu And Kashmir,IN,34.22619,74.77478,Asia/Kolkata,1,"Gandarbal, Jammu And Kashmir, IN"
1271734,Gandai,Chhattisgarh,IN,21.66667,81.10013,Asia/Kolkata,1,"Gandai, Chhattisgarh, IN"
1271771,Galiakot,Rajasthan,IN,23.51995,74.02028,Asia/Kolkata,1,"Galiakot, Rajasthan, IN"
7302833,Gajuwaka,Andhra Pradesh,IN,17.7,83.21667,Asia/Kolkata,1,"Gajuwaka, Andhra Pradesh, IN"
1271780,Gajraula,Uttar Pradesh,IN,28.8457,78.2396,Asia/Kolkata,1,"Gajraula, Uttar Pradesh, IN"
1271789,Gajendragarh,Karnataka,IN,15.73628,75.96976,Asia/Kolkata,1,"Gajendragarh, Karnataka, IN"
1271813,Gagret,Himachal Pradesh,IN,31.65846,76.06144,Asia/Kolkata,1,"Gagret, Himachal Pradesh, IN"
1271819,Gadwal,Telangana,IN,16.23504,77.79556,Asia/Kolkata,1,"Gadwal, Telangana, IN"
1271834,Gadhinglaj,Maharashtra,IN,16.22291,74.3501,Asia/Kolkata,1,"Gadhinglaj, Maharashtra, IN"
1271839,Gadhada,Gujarat,IN,21.96957,71.57828,Asia/Kolkata,1,"Gadhada, Gujarat, IN"
7302810,Gaddi Annaram,Telangana,IN,17.36687,78.5242,Asia/Kolkata,1,"Gaddi Annaram, Telangana, IN"
1271847,Gadarwara,Madhya Pradesh,IN,22.9235,78.7849,Asia/Kolkata,1,"Gadarwara, Madhya Pradesh, IN"
8740017,Gadag-Betageri,Karnataka,IN,15.4167,75.6167,Asia/Kolkata,1,"Gadag-Betageri, Karnataka, IN"
1271850,Gadag,Karnataka,IN,15.42977,75.62971,Asia/Kolkata,1,"Gadag, Karnataka, IN"
1271976,Fyzabad,Uttar Pradesh,IN,26.77549,82.15018,Asia/Kolkata,1,"Fyzabad, Uttar Pradesh, IN"
1260553,French Rocks,Karnataka,IN,12.50094,76.67416,Asia/Kolkata,1,"French Rocks, Karnataka, IN"
1271871,Fort Gloster,West Bengal,IN,22.50444,88.18333,Asia/Kolkata,1,"Fort Gloster, West Bengal, IN"
1271874,Forbesganj,Bihar,IN,26.30253,87.26556,Asia/Kolkata,1,"Forbesganj, Bihar, IN"
1271881,Firozpur Jhirka,Haryana,IN,27.78853,76.94496,Asia/Kolkata,1,"Firozpur Jhirka, Haryana, IN"
1271885,Firozabad,Uttar Pradesh,IN,27.15092,78.39781,Asia/Kolkata,1,"Firozabad, Uttar Pradesh, IN"
1271883,Ferozepore,Punjab,IN,30.92574,74.61311,Asia/Kolkata,1,"Ferozepore, Punjab, IN"
1271888,Ferokh,Kerala,IN,11.17989,75.84141,Asia/Kolkata,1,"Ferokh, Kerala, IN"
1271891,Fazilka,Punjab,IN,30.40207,74.02836,Asia/Kolkata,1,"Fazilka, Punjab, IN"
1271892,Fatwa,Bihar,IN,25.50958,85.30504,Asia/Kolkata,1,"Fatwa, Bihar, IN"
1271900,Fatehpur Sikri,Uttar Pradesh,IN,27.0937,77.66003,Asia/Kolkata,1,"Fatehpur Sikri, Uttar Pradesh, IN"
1271902,Fatehpur Chaurasi,Uttar Pradesh,IN,26.78925,80.26547,Asia/Kolkata,1,"Fatehpur Chaurasi, Uttar Pradesh, IN"
1271912,Fatehpur,Uttar Pradesh,IN,25.92774,80.81266,Asia/Kolkata,1,"Fatehpur, Uttar Pradesh, IN"
1271911,Fatehpur,Uttar Pradesh,IN,27.17281,81.21061,Asia/Kolkata,1,"Fatehpur, Uttar Pradesh, IN"
1271910,Fatehpur,Rajasthan,IN,27.99486,74.95628,Asia/Kolkata,1,"Fatehpur, Rajasthan, IN"
1271923,Fatehgarh Churian,Punjab,IN,31.86431,74.95665,Asia/Kolkata,1,"Fatehgarh Churian, Punjab, IN"
1271925,Fatehgarh,Uttar Pradesh,IN,27.36409,79.63111,Asia/Kolkata,1,"Fatehgarh, Uttar Pradesh, IN"
1271929,Fatehganj West,Uttar Pradesh,IN,28.4662,79.30657,Asia/Kolkata,1,"Fatehganj West, Uttar Pradesh, IN"
1271936,Fatehabad,Uttar Pradesh,IN,27.02645,78.3027,Asia/Kolkata,1,"Fatehabad, Uttar Pradesh, IN"
1271934,Fatehabad,Haryana,IN,29.51525,75.45554,Asia/Kolkata,1,"Fatehabad, Haryana, IN"
1271940,Farrukhnagar,Telangana,IN,17.07787,78.20339,Asia/Kolkata,1,"Farrukhnagar, Telangana, IN"
1271939,Farrukhnagar,Haryana,IN,28.44745,76.82391,Asia/Kolkata,1,"Farrukhnagar, Haryana, IN"
1271942,Farrukhabad,Uttar Pradesh,IN,27.39134,79.5793,Asia/Kolkata,1,"Farrukhabad, Uttar Pradesh, IN"
1271947,Faridpur,Uttar Pradesh,IN,28.20997,79.54149,Asia/Kolkata,1,"Faridpur, Uttar Pradesh, IN"
1271948,Faridnagar,Uttar Pradesh,IN,28.76923,77.62934,Asia/Kolkata,1,"Faridnagar, Uttar Pradesh, IN"
1271949,Faridkot,Punjab,IN,30.67399,74.75579,Asia/Kolkata,1,"Faridkot, Punjab, IN"
1271951,Faridabad,Haryana,IN,28.41124,77.31316,Asia/Kolkata,1,"Faridabad, Haryana, IN"
1271954,Farakka,West Bengal,IN,24.81667,87.9,Asia/Kolkata,1,"Farakka, West Bengal, IN"
1271956,Farah,Uttar Pradesh,IN,27.32081,77.76185,Asia/Kolkata,1,"Farah, Uttar Pradesh, IN"
1271965,Falakata,West Bengal,IN,26.51963,89.20423,Asia/Kolkata,1,"Falakata, West Bengal, IN"
1271975,Faizpur,Maharashtra,IN,21.16766,75.86006,Asia/Kolkata,1,"Faizpur, Maharashtra, IN"
1271984,Ettaiyapuram,Tamil Nadu,IN,9.14405,77.99066,Asia/Kolkata,1,"Ettaiyapuram, Tamil Nadu, IN"
1271985,Etikoppaka,Andhra Pradesh,IN,17.5,82.73333,Asia/Kolkata,1,"Etikoppaka, Andhra Pradesh, IN"
1271987,Etawah,Uttar Pradesh,IN,26.77615,79.02133,Asia/Kolkata,1,"Etawah, Uttar Pradesh, IN"
1275582,Etawa,Madhya Pradesh,IN,24.18351,78.20289,Asia/Kolkata,1,"Etawa, Madhya Pradesh, IN"
1272001,Erumaippatti,Tamil Nadu,IN,11.14671,78.28996,Asia/Kolkata,1,"Erumaippatti, Tamil Nadu, IN"
1272008,Erraguntla,Andhra Pradesh,IN,14.63853,78.53974,Asia/Kolkata,1,"Erraguntla, Andhra Pradesh, IN"
1272013,Erode,Tamil Nadu,IN,11.3428,77.72741,Asia/Kolkata,1,"Erode, Tamil Nadu, IN"
1272022,Erattupetta,Kerala,IN,9.68747,76.77891,Asia/Kolkata,1,"Erattupetta, Kerala, IN"
1272023,Eraniel,Tamil Nadu,IN,8.20589,77.31726,Asia/Kolkata,1,"Eraniel, Tamil Nadu, IN"
1272025,Erandol,Maharashtra,IN,20.92206,75.32641,Asia/Kolkata,1,"Erandol, Maharashtra, IN"
1272027,Eral,Tamil Nadu,IN,8.62584,78.02282,Asia/Kolkata,1,"Eral, Tamil Nadu, IN"
1272045,Emmiganur,Andhra Pradesh,IN,15.77203,77.48345,Asia/Kolkata,1,"Emmiganur, Andhra Pradesh, IN"
1272052,Elur,Kerala,IN,10.06667,76.28333,Asia/Kolkata,1,"Elur, Kerala, IN"
1272053,Elumalai,Tamil Nadu,IN,9.86501,77.69923,Asia/Kolkata,1,"Elumalai, Tamil Nadu, IN"
1272051,Ellore,Andhra Pradesh,IN,16.71311,81.10437,Asia/Kolkata,1,"Ellore, Andhra Pradesh, IN"
1272061,Ellenabad,Haryana,IN,29.45282,74.66122,Asia/Kolkata,1,"Ellenabad, Haryana, IN"
1272074,Elayirampannai,Tamil Nadu,IN,9.27033,77.82494,Asia/Kolkata,1,"Elayirampannai, Tamil Nadu, IN"
1272084,Elamanchili,Andhra Pradesh,IN,17.54907,82.85749,Asia/Kolkata,1,"Elamanchili, Andhra Pradesh, IN"
1272101,Egra,West Bengal,IN,21.89947,87.53794,Asia/Kolkata,1,"Egra, West Bengal, IN"
7283585,Edakkulam,Kerala,IN,10.6102,76.18352,Asia/Kolkata,1,"Edakkulam, Kerala, IN"
1272140,Dwarka,Gujarat,IN,22.23944,68.96778,Asia/Kolkata,1,"Dwarka, Gujarat, IN"
1272145,Dwarahat,Uttarakhand,IN,29.77785,79.42731,Asia/Kolkata,1,"Dwarahat, Uttarakhand, IN"
1272156,Dusi,Tamil Nadu,IN,12.77574,79.67892,Asia/Kolkata,1,"Dusi, Tamil Nadu, IN"
1272177,Durgapur,Maharashtra,IN,20.0054,79.30273,Asia/Kolkata,1,"Durgapur, Maharashtra, IN"
1272175,Durgapur,West Bengal,IN,23.51583,87.30801,Asia/Kolkata,1,"Durgapur, West Bengal, IN"
1272181,Durg,Chhattisgarh,IN,21.19147,81.27619,Asia/Kolkata,1,"Durg, Chhattisgarh, IN"
1272202,Dungarpur,Gujarat,IN,21.28777,71.7556,Asia/Kolkata,1,"Dungarpur, Gujarat, IN"
1272201,Dungarpur,Rajasthan,IN,23.84306,73.71466,Asia/Kolkata,1,"Dungarpur, Rajasthan, IN"
1272225,Dumraon,Bihar,IN,25.55265,84.15149,Asia/Kolkata,1,"Dumraon, Bihar, IN"
1272229,Dumra,Bihar,IN,26.56708,85.5204,Asia/Kolkata,1,"Dumra, Bihar, IN"
1272237,Dumka,Jharkhand,IN,24.26778,87.24855,Asia/Kolkata,1,"Dumka, Jharkhand, IN"
1348739,Dumjor,West Bengal,IN,22.61993,88.24566,Asia/Kolkata,1,"Dumjor, West Bengal, IN"
1272242,Dum Duma,Assam,IN,27.56884,95.55664,Asia/Kolkata,1,"Dum Duma, Assam, IN"
1272259,Duliagaon,Assam,IN,27.37227,95.30754,Asia/Kolkata,1,"Duliagaon, Assam, IN"
1272277,Dugda,Jharkhand,IN,23.74516,86.17175,Asia/Kolkata,1,"Dugda, Jharkhand, IN"
1272453,Dugadda,Uttarakhand,IN,29.80673,78.61109,Asia/Kolkata,1,"Dugadda, Uttarakhand, IN"
1272302,Dudhi,Uttar Pradesh,IN,24.21357,83.24067,Asia/Kolkata,1,"Dudhi, Uttar Pradesh, IN"
1272307,Dudhani,Maharashtra,IN,17.35792,76.36688,Asia/Kolkata,1,"Dudhani, Maharashtra, IN"
1272320,Dubrajpur,West Bengal,IN,23.7902,87.37648,Asia/Kolkata,1,"Dubrajpur, West Bengal, IN"
1272358,Dostpur,Uttar Pradesh,IN,26.27486,82.47091,Asia/Kolkata,1,"Dostpur, Uttar Pradesh, IN"
1272367,Dornakal,Telangana,IN,17.44475,80.14905,Asia/Kolkata,1,"Dornakal, Telangana, IN"
1272375,Doraha,Punjab,IN,30.79953,76.02355,Asia/Kolkata,1,"Doraha, Punjab, IN"
1272396,Dongargarh,Chhattisgarh,IN,21.18893,80.75459,Asia/Kolkata,1,"Dongargarh, Chhattisgarh, IN"
1272400,Dongargaon,Chhattisgarh,IN,20.97172,80.85077,Asia/Kolkata,1,"Dongargaon, Chhattisgarh, IN"
1272411,Dondaicha,Maharashtra,IN,21.3236,74.56804,Asia/Kolkata,1,"Dondaicha, Maharashtra, IN"
1272423,Dombivli,Maharashtra,IN,19.21667,73.08333,Asia/Kolkata,1,"Dombivli, Maharashtra, IN"
1272444,Doiwala,Uttarakhand,IN,30.17667,78.11659,Asia/Kolkata,1,"Doiwala, Uttarakhand, IN"
1272446,Dohrighat,Uttar Pradesh,IN,26.27217,83.50916,Asia/Kolkata,1,"Dohrighat, Uttar Pradesh, IN"
1273687,Dohad,Gujarat,IN,22.83283,74.25986,Asia/Kolkata,1,"Dohad, Gujarat, IN"
1272473,Doddaballapura,Karnataka,IN,13.29452,77.53777,Asia/Kolkata,1,"Doddaballapura, Karnataka, IN"
1272476,Doda,Jammu And Kashmir,IN,33.14916,75.54746,Asia/Kolkata,1,"Doda, Jammu And Kashmir, IN"
1272502,Diu,Dadra And Nagar Haveli And Daman And Diu,IN,20.71405,70.98224,Asia/Kolkata,1,"Diu, Dadra And Nagar Haveli And Daman And Diu, IN"
1272508,Dispur,Assam,IN,26.13564,91.80069,Asia/Kolkata,1,"Dispur, Assam, IN"
1272513,Disa,Gujarat,IN,24.25612,72.17928,Asia/Kolkata,1,"Disa, Gujarat, IN"
1272517,Dirba,Punjab,IN,30.07222,75.99607,Asia/Kolkata,1,"Dirba, Punjab, IN"
1272525,Diphu,Assam,IN,25.84341,93.43116,Asia/Kolkata,1,"Diphu, Assam, IN"
1272532,Dinhata,West Bengal,IN,26.13526,89.46129,Asia/Kolkata,1,"Dinhata, West Bengal, IN"
1272540,Dindori,Madhya Pradesh,IN,22.94141,81.07975,Asia/Kolkata,1,"Dindori, Madhya Pradesh, IN"
1272543,Dindigul,Tamil Nadu,IN,10.36896,77.98036,Asia/Kolkata,1,"Dindigul, Tamil Nadu, IN"
1273581,Dinapore,Bihar,IN,25.63705,85.04794,Asia/Kolkata,1,"Dinapore, Bihar, IN"
1272546,Dinanagar,Punjab,IN,32.13664,75.47291,Asia/Kolkata,1,"Dinanagar, Punjab, IN"
1272552,Dimapur,Nagaland,IN,25.91174,93.7217,Asia/Kolkata,1,"Dimapur, Nagaland, IN"
1272587,Diguvametta,Andhra Pradesh,IN,15.39507,78.8293,Asia/Kolkata,1,"Diguvametta, Andhra Pradesh, IN"
1272596,Digras,Maharashtra,IN,20.1035,77.71846,Asia/Kolkata,1,"Digras, Maharashtra, IN"
1272606,Diglur,Maharashtra,IN,18.54829,77.57695,Asia/Kolkata,1,"Diglur, Maharashtra, IN"
1272610,Dighwara,Bihar,IN,25.74434,85.01003,Asia/Kolkata,1,"Dighwara, Bihar, IN"
1272625,Digha,West Bengal,IN,21.62776,87.51965,Asia/Kolkata,1,"Digha, West Bengal, IN"
1272629,Digboi,Assam,IN,27.39321,95.61839,Asia/Kolkata,1,"Digboi, Assam, IN"
1272634,Digapahandi,Odisha,IN,19.37275,84.57184,Asia/Kolkata,1,"Digapahandi, Odisha, IN"
1272639,Dig,Rajasthan,IN,27.47188,77.32564,Asia/Kolkata,1,"Dig, Rajasthan, IN"
1272640,Didwana,Rajasthan,IN,27.40096,74.57537,Asia/Kolkata,1,"Didwana, Rajasthan, IN"
1272646,Dicholi,Goa,IN,15.59319,73.94571,Asia/Kolkata,1,"Dicholi, Goa, IN"
1272648,Dibrugarh,Assam,IN,27.47989,94.90837,Asia/Kolkata,1,"Dibrugarh, Assam, IN"
1272653,Dibai,Uttar Pradesh,IN,28.20849,78.26173,Asia/Kolkata,1,"Dibai, Uttar Pradesh, IN"
1272657,Diamond Harbour,West Bengal,IN,22.19101,88.19047,Asia/Kolkata,1,"Diamond Harbour, West Bengal, IN"
1272660,Dhuwaran,Gujarat,IN,22.23779,72.7591,Asia/Kolkata,1,"Dhuwaran, Gujarat, IN"
1272670,Dhuri,Punjab,IN,30.36846,75.86791,Asia/Kolkata,1,"Dhuri, Punjab, IN"
1272674,Dhupgari,West Bengal,IN,26.58904,89.00732,Asia/Kolkata,1,"Dhupgari, West Bengal, IN"
1272689,Dhulian,West Bengal,IN,24.68127,87.9535,Asia/Kolkata,1,"Dhulian, West Bengal, IN"
1272691,Dhulia,Maharashtra,IN,20.9013,74.77737,Asia/Kolkata,1,"Dhulia, Maharashtra, IN"
1348780,Dhulagari,West Bengal,IN,22.58213,88.171,Asia/Kolkata,1,"Dhulagari, West Bengal, IN"
1272694,Dhuburi,Assam,IN,26.01856,89.98564,Asia/Kolkata,1,"Dhuburi, Assam, IN"
1272699,Dhrol,Gujarat,IN,22.567,70.41769,Asia/Kolkata,1,"Dhrol, Gujarat, IN"
1272701,Dhrangadhra,Gujarat,IN,22.99167,71.46793,Asia/Kolkata,1,"Dhrangadhra, Gujarat, IN"
1272720,Dhoraji,Gujarat,IN,21.73359,70.45004,Asia/Kolkata,1,"Dhoraji, Gujarat, IN"
1272722,Dhone,Andhra Pradesh,IN,15.3952,77.8715,Asia/Kolkata,1,"Dhone, Andhra Pradesh, IN"
1272733,Dholka,Gujarat,IN,22.72732,72.44128,Asia/Kolkata,1,"Dholka, Gujarat, IN"
1272744,Dhola,Gujarat,IN,21.88129,71.77269,Asia/Kolkata,1,"Dhola, Gujarat, IN"
1272768,Dhing,Assam,IN,26.46793,92.47336,Asia/Kolkata,1,"Dhing, Assam, IN"
1272771,Dhilwan,Punjab,IN,31.51432,75.34574,Asia/Kolkata,1,"Dhilwan, Punjab, IN"
1272780,Dhenkanal,Odisha,IN,20.65744,85.59693,Asia/Kolkata,1,"Dhenkanal, Odisha, IN"
1272783,Dhemaji,Assam,IN,27.48333,94.58333,Asia/Kolkata,1,"Dhemaji, Assam, IN"
1272790,Dhekiajuli,Assam,IN,26.70367,92.47808,Asia/Kolkata,1,"Dhekiajuli, Assam, IN"
1272802,Dhaurahra,Uttar Pradesh,IN,27.99814,81.08975,Asia/Kolkata,1,"Dhaurahra, Uttar Pradesh, IN"
1272805,Dhaulpur,Rajasthan,IN,26.69286,77.87968,Asia/Kolkata,1,"Dhaulpur, Rajasthan, IN"
1272819,Dharur,Maharashtra,IN,18.82017,76.10937,Asia/Kolkata,1,"Dharur, Maharashtra, IN"
1272822,Dharuhera,Haryana,IN,28.20553,76.79691,Asia/Kolkata,1,"Dharuhera, Haryana, IN"
1272842,Dharmavaram,Andhra Pradesh,IN,14.41435,77.72035,Asia/Kolkata,1,"Dharmavaram, Andhra Pradesh, IN"
1272847,Dharmapuri,Tamil Nadu,IN,12.1277,78.15794,Asia/Kolkata,1,"Dharmapuri, Tamil Nadu, IN"
1272852,Dharmanagar,Tripura,IN,24.36667,92.16667,Asia/Kolkata,1,"Dharmanagar, Tripura, IN"
1272856,Dharmadam,Kerala,IN,11.77538,75.46459,Asia/Kolkata,1,"Dharmadam, Kerala, IN"
1272857,Dharmabad,Maharashtra,IN,18.89116,77.8494,Asia/Kolkata,1,"Dharmabad, Maharashtra, IN"
1272860,Dhariwal,Punjab,IN,31.95616,75.32386,Asia/Kolkata,1,"Dhariwal, Punjab, IN"
1272861,Dhari,Gujarat,IN,21.32855,71.02645,Asia/Kolkata,1,"Dhari, Gujarat, IN"
1272864,Dharchula,Uttarakhand,IN,29.84707,80.51951,Asia/Kolkata,1,"Dharchula, Uttarakhand, IN"
1272873,Dharapuram,Tamil Nadu,IN,10.73828,77.53223,Asia/Kolkata,1,"Dharapuram, Tamil Nadu, IN"
1272874,Dharangaon,Maharashtra,IN,21.01187,75.27407,Asia/Kolkata,1,"Dharangaon, Maharashtra, IN"
1272832,Dharamsala,Himachal Pradesh,IN,32.22006,76.32013,Asia/Kolkata,1,"Dharamsala, Himachal Pradesh, IN"
1272878,Dharampuri,Madhya Pradesh,IN,22.14951,75.34439,Asia/Kolkata,1,"Dharampuri, Madhya Pradesh, IN"
1272881,Dharampur,Gujarat,IN,20.53693,73.17368,Asia/Kolkata,1,"Dharampur, Gujarat, IN"
1272892,Dhar,Madhya Pradesh,IN,22.59373,75.29774,Asia/Kolkata,1,"Dhar, Madhya Pradesh, IN"
1272902,Dhanwar,Jharkhand,IN,24.41074,85.98183,Asia/Kolkata,1,"Dhanwar, Jharkhand, IN"
1272962,Dhanera,Gujarat,IN,24.50967,72.02343,Asia/Kolkata,1,"Dhanera, Gujarat, IN"
1272970,Dhandhuka,Gujarat,IN,22.38185,71.98664,Asia/Kolkata,1,"Dhandhuka, Gujarat, IN"
1272979,Dhanbad,Jharkhand,IN,23.79759,86.42992,Asia/Kolkata,1,"Dhanbad, Jharkhand, IN"
1272983,Dhanaura,Uttar Pradesh,IN,28.95912,78.25629,Asia/Kolkata,1,"Dhanaura, Uttar Pradesh, IN"
1272985,Dhanaula,Punjab,IN,30.28216,75.57341,Asia/Kolkata,1,"Dhanaula, Punjab, IN"
1272996,Dhana,Madhya Pradesh,IN,23.74697,78.86234,Asia/Kolkata,1,"Dhana, Madhya Pradesh, IN"
1272997,Dhamtari,Chhattisgarh,IN,20.70718,81.54874,Asia/Kolkata,1,"Dhamtari, Chhattisgarh, IN"
1273002,Dhampur,Uttar Pradesh,IN,29.30883,78.51083,Asia/Kolkata,1,"Dhampur, Uttar Pradesh, IN"
1273006,Dhamnod,Madhya Pradesh,IN,22.20928,75.47057,Asia/Kolkata,1,"Dhamnod, Madhya Pradesh, IN"
1273033,Dhali,Tamil Nadu,IN,10.51049,77.18806,Asia/Kolkata,1,"Dhali, Tamil Nadu, IN"
1273043,Dhaka,Bihar,IN,26.67479,85.16698,Asia/Kolkata,1,"Dhaka, Bihar, IN"
1273066,Dewas,Madhya Pradesh,IN,22.96585,76.05526,Asia/Kolkata,1,"Dewas, Madhya Pradesh, IN"
1273077,Dewa,Uttar Pradesh,IN,27.03621,81.16692,Asia/Kolkata,1,"Dewa, Uttar Pradesh, IN"
1273098,Devgarh,Rajasthan,IN,25.52533,73.90812,Asia/Kolkata,1,"Devgarh, Rajasthan, IN"
1273104,Devgadh Bariya,Gujarat,IN,22.70517,73.90882,Asia/Kolkata,1,"Devgadh Bariya, Gujarat, IN"
1273109,Devarkonda,Telangana,IN,16.69186,78.92073,Asia/Kolkata,1,"Devarkonda, Telangana, IN"
1273119,Devaprayag,Uttarakhand,IN,30.14603,78.60272,Asia/Kolkata,1,"Devaprayag, Uttarakhand, IN"
1273123,Devanhalli,Karnataka,IN,13.24655,77.71183,Asia/Kolkata,1,"Devanhalli, Karnataka, IN"
1273128,Devakottai,Tamil Nadu,IN,9.94704,78.8233,Asia/Kolkata,1,"Devakottai, Tamil Nadu, IN"
1273132,Devadanappatti,Tamil Nadu,IN,10.14673,77.6439,Asia/Kolkata,1,"Devadanappatti, Tamil Nadu, IN"
1273136,Deulgaon Raja,Maharashtra,IN,20.01757,76.03755,Asia/Kolkata,1,"Deulgaon Raja, Maharashtra, IN"
1273145,Desur,Tamil Nadu,IN,12.43727,79.48145,Asia/Kolkata,1,"Desur, Tamil Nadu, IN"
1273153,Deshnoke,Rajasthan,IN,27.79836,73.34297,Asia/Kolkata,1,"Deshnoke, Rajasthan, IN"
1273166,Dergaon,Assam,IN,26.7,93.96667,Asia/Kolkata,1,"Dergaon, Assam, IN"
1273173,Dera Nanak,Punjab,IN,32.03733,75.02787,Asia/Kolkata,1,"Dera Nanak, Punjab, IN"
1273172,Dera Gopipur,Himachal Pradesh,IN,31.87919,76.21871,Asia/Kolkata,1,"Dera Gopipur, Himachal Pradesh, IN"
1273181,Depalpur,Madhya Pradesh,IN,22.85095,75.54224,Asia/Kolkata,1,"Depalpur, Madhya Pradesh, IN"
1273193,Deoria,Uttar Pradesh,IN,26.50167,83.77936,Asia/Kolkata,1,"Deoria, Uttar Pradesh, IN"
1273191,Deori Khas,Madhya Pradesh,IN,23.39017,79.0163,Asia/Kolkata,1,"Deori Khas, Madhya Pradesh, IN"
1273201,Deori,Chhattisgarh,IN,21.45,82.61667,Asia/Kolkata,1,"Deori, Chhattisgarh, IN"
1273206,Deoranian,Uttar Pradesh,IN,28.62989,79.47648,Asia/Kolkata,1,"Deoranian, Uttar Pradesh, IN"
10263232,Deoli,Delhi,IN,28.50254,77.23117,Asia/Kolkata,1,"Deoli, Delhi, IN"
1273228,Deoli,Maharashtra,IN,20.6492,78.48023,Asia/Kolkata,1,"Deoli, Maharashtra, IN"
1273083,Deoli,Rajasthan,IN,25.75728,75.37991,Asia/Kolkata,1,"Deoli, Rajasthan, IN"
1273232,Deolali,Maharashtra,IN,19.94404,73.83441,Asia/Kolkata,1,"Deolali, Maharashtra, IN"
1273246,Deogarh,Odisha,IN,21.53827,84.73337,Asia/Kolkata,1,"Deogarh, Odisha, IN"
1273265,Deoband,Uttar Pradesh,IN,29.69505,77.67964,Asia/Kolkata,1,"Deoband, Uttar Pradesh, IN"
1273272,Denkanikota,Tamil Nadu,IN,12.5301,77.78887,Asia/Kolkata,1,"Denkanikota, Tamil Nadu, IN"
1273287,Delvada,Gujarat,IN,20.77544,71.04646,Asia/Kolkata,1,"Delvada, Gujarat, IN"
1273294,Delhi,Delhi,IN,28.65195,77.23149,Asia/Kolkata,1,"Delhi, Delhi, IN"
1273304,Dehu,Maharashtra,IN,18.71851,73.76635,Asia/Kolkata,1,"Dehu, Maharashtra, IN"
1273309,Dehri,Bihar,IN,24.90247,84.18217,Asia/Kolkata,1,"Dehri, Bihar, IN"
1273313,Dehra Dun,Uttarakhand,IN,30.32443,78.03392,Asia/Kolkata,1,"Dehra Dun, Uttarakhand, IN"
10263259,Defence Colony,Delhi,IN,28.57144,77.23272,Asia/Kolkata,1,"Defence Colony, Delhi, IN"
1273347,Debipur,West Bengal,IN,24.25029,88.61824,Asia/Kolkata,1,"Debipur, West Bengal, IN"
8593959,Dayapar,Gujarat,IN,23.63371,68.90192,Asia/Kolkata,1,"Dayapar, Gujarat, IN"
1273358,Dayal Bagh,Uttar Pradesh,IN,27.22122,78.01095,Asia/Kolkata,1,"Dayal Bagh, Uttar Pradesh, IN"
1273367,Davorlim,Goa,IN,15.27221,73.99242,Asia/Kolkata,1,"Davorlim, Goa, IN"
1273368,Davangere,Karnataka,IN,14.46693,75.92694,Asia/Kolkata,1,"Davangere, Karnataka, IN"
1273369,Dausa,Rajasthan,IN,26.89,76.33584,Asia/Kolkata,1,"Dausa, Rajasthan, IN"
1273371,Daurala,Uttar Pradesh,IN,29.11344,77.70467,Asia/Kolkata,1,"Daurala, Uttar Pradesh, IN"
1273374,Daund,Maharashtra,IN,18.46515,74.58375,Asia/Kolkata,1,"Daund, Maharashtra, IN"
1275848,Bhongir,Telangana,IN,17.51544,78.88563,Asia/Kolkata,1,"Bhongir, Telangana, IN"
1275849,Bhongaon,Uttar Pradesh,IN,27.25515,79.18118,Asia/Kolkata,1,"Bhongaon, Uttar Pradesh, IN"
1275866,Bhojudih,Jharkhand,IN,23.63962,86.44105,Asia/Kolkata,1,"Bhojudih, Jharkhand, IN"
1275882,Bhogpur,Punjab,IN,31.55442,75.64271,Asia/Kolkata,1,"Bhogpur, Punjab, IN"
1275899,Bhiwani,Haryana,IN,28.79304,76.13968,Asia/Kolkata,1,"Bhiwani, Haryana, IN"
1275901,Bhiwandi,Maharashtra,IN,19.30023,73.05881,Asia/Kolkata,1,"Bhiwandi, Maharashtra, IN"
7279747,Bhiwadi,Rajasthan,IN,28.21024,76.86056,Asia/Kolkata,1,"Bhiwadi, Rajasthan, IN"
1275905,Bhitarwar,Madhya Pradesh,IN,25.79216,78.11085,Asia/Kolkata,1,"Bhitarwar, Madhya Pradesh, IN"
1275920,Bhinmal,Rajasthan,IN,24.99944,72.27141,Asia/Kolkata,1,"Bhinmal, Rajasthan, IN"
1275921,Bhinga,Uttar Pradesh,IN,27.70283,81.9343,Asia/Kolkata,1,"Bhinga, Uttar Pradesh, IN"
1275925,Bhindar,Rajasthan,IN,24.50235,74.18551,Asia/Kolkata,1,"Bhindar, Rajasthan, IN"
1275926,Bhind,Madhya Pradesh,IN,26.56671,78.78728,Asia/Kolkata,1,"Bhind, Madhya Pradesh, IN"
1275930,Bhimunipatnam,Andhra Pradesh,IN,17.89017,83.45203,Asia/Kolkata,1,"Bhimunipatnam, Andhra Pradesh, IN"
1275947,Bhimavaram,Andhra Pradesh,IN,16.54078,81.52322,Asia/Kolkata,1,"Bhimavaram, Andhra Pradesh, IN"
1275931,Bhim Tal,Uttarakhand,IN,29.34447,79.56336,Asia/Kolkata,1,"Bhim Tal, Uttarakhand, IN"
1275960,Bhilwara,Rajasthan,IN,25.34707,74.64081,Asia/Kolkata,1,"Bhilwara, Rajasthan, IN"
1275971,Bhilai,Chhattisgarh,IN,21.20919,81.4285,Asia/Kolkata,1,"Bhilai, Chhattisgarh, IN"
1275977,Bhikhi,Punjab,IN,30.05918,75.535,Asia/Kolkata,1,"Bhikhi, Punjab, IN"
1275978,Bhikangaon,Madhya Pradesh,IN,21.86764,75.96391,Asia/Kolkata,1,"Bhikangaon, Madhya Pradesh, IN"
1275980,Bhigvan,Maharashtra,IN,18.3007,74.76701,Asia/Kolkata,1,"Bhigvan, Maharashtra, IN"
1276013,Bhayavadar,Gujarat,IN,21.85523,70.24791,Asia/Kolkata,1,"Bhayavadar, Gujarat, IN"
1276014,Bhayandar,Maharashtra,IN,19.30157,72.85107,Asia/Kolkata,1,"Bhayandar, Maharashtra, IN"
7626554,Bhawanipur,Bihar,IN,26.45352,87.02744,Asia/Kolkata,1,"Bhawanipur, Bihar, IN"
1276023,Bhawanipatna,Odisha,IN,19.90717,83.16697,Asia/Kolkata,1,"Bhawanipatna, Odisha, IN"
1276026,Bhawanigarh,Punjab,IN,30.26685,76.03854,Asia/Kolkata,1,"Bhawanigarh, Punjab, IN"
1276027,Bhawaniganj,Madhya Pradesh,IN,24.41582,75.83552,Asia/Kolkata,1,"Bhawaniganj, Madhya Pradesh, IN"
1276032,Bhavnagar,Gujarat,IN,21.76287,72.15331,Asia/Kolkata,1,"Bhavnagar, Gujarat, IN"
1276037,Bhavani,Tamil Nadu,IN,11.44553,77.68215,Asia/Kolkata,1,"Bhavani, Tamil Nadu, IN"
1276054,Bhattiprolu,Andhra Pradesh,IN,16.1026,80.78074,Asia/Kolkata,1,"Bhattiprolu, Andhra Pradesh, IN"
1276058,Bhatpara,West Bengal,IN,22.86643,88.40113,Asia/Kolkata,1,"Bhatpara, West Bengal, IN"
1276067,Bhatkal,Karnataka,IN,13.98534,74.55531,Asia/Kolkata,1,"Bhatkal, Karnataka, IN"
1276079,Bhatgaon,Chhattisgarh,IN,21.15,81.7,Asia/Kolkata,1,"Bhatgaon, Chhattisgarh, IN"
1276084,Bhatapara,Chhattisgarh,IN,21.735,81.94711,Asia/Kolkata,1,"Bhatapara, Chhattisgarh, IN"
1276092,Bhasawar,Rajasthan,IN,27.03895,77.04849,Asia/Kolkata,1,"Bhasawar, Rajasthan, IN"
1276095,Bharwari,Uttar Pradesh,IN,25.56078,81.49164,Asia/Kolkata,1,"Bharwari, Uttar Pradesh, IN"
1276100,Bharuch,Gujarat,IN,21.69482,72.9805,Asia/Kolkata,1,"Bharuch, Gujarat, IN"
1276103,Bharthana,Uttar Pradesh,IN,26.75231,79.2218,Asia/Kolkata,1,"Bharthana, Uttar Pradesh, IN"
1276128,Bharatpur,Rajasthan,IN,27.21731,77.49009,Asia/Kolkata,1,"Bharatpur, Rajasthan, IN"
1276147,Bhanvad,Gujarat,IN,21.93053,69.78081,Asia/Kolkata,1,"Bhanvad, Gujarat, IN"
1276151,Bhanpuri,Chhattisgarh,IN,21.0919,80.93218,Asia/Kolkata,1,"Bhanpuri, Chhattisgarh, IN"
1276152,Bhanpura,Madhya Pradesh,IN,24.513,75.7469,Asia/Kolkata,1,"Bhanpura, Madhya Pradesh, IN"
1276159,Bhanjanagar,Odisha,IN,19.92719,84.58201,Asia/Kolkata,1,"Bhanjanagar, Odisha, IN"
1276178,Bhander,Madhya Pradesh,IN,25.73581,78.74555,Asia/Kolkata,1,"Bhander, Madhya Pradesh, IN"
1348737,Bhandardaha,West Bengal,IN,22.61476,88.1919,Asia/Kolkata,1,"Bhandardaha, West Bengal, IN"
1276191,Bhandara,Maharashtra,IN,21.16817,79.64885,Asia/Kolkata,1,"Bhandara, Maharashtra, IN"
1276219,Bhalki,Karnataka,IN,18.04348,77.206,Asia/Kolkata,1,"Bhalki, Karnataka, IN"
1276249,Bhaisa,Telangana,IN,19.11285,77.96336,Asia/Kolkata,1,"Bhaisa, Telangana, IN"
1276265,Bhainsdehi,Madhya Pradesh,IN,21.64491,77.63023,Asia/Kolkata,1,"Bhainsdehi, Madhya Pradesh, IN"
1276275,Bhagwantnagar,Uttar Pradesh,IN,26.22383,80.7575,Asia/Kolkata,1,"Bhagwantnagar, Uttar Pradesh, IN"
9863201,Bhagirathpur,Bihar,IN,26.2695,86.06346,Asia/Kolkata,1,"Bhagirathpur, Bihar, IN"
1276300,Bhagalpur,Bihar,IN,25.24446,86.97183,Asia/Kolkata,1,"Bhagalpur, Bihar, IN"
1276320,Bhadreswar,West Bengal,IN,22.82449,88.33841,Asia/Kolkata,1,"Bhadreswar, West Bengal, IN"
1276321,Bhadravati,Karnataka,IN,13.84846,75.70502,Asia/Kolkata,1,"Bhadravati, Karnataka, IN"
1276325,Bhadrakh,Odisha,IN,21.05447,86.5156,Asia/Kolkata,1,"Bhadrakh, Odisha, IN"
1276328,Bhadrachalam,Telangana,IN,17.66846,80.88887,Asia/Kolkata,1,"Bhadrachalam, Telangana, IN"
1276330,Bhadra,Rajasthan,IN,29.10298,75.17138,Asia/Kolkata,1,"Bhadra, Rajasthan, IN"
1276335,Bhadohi,Uttar Pradesh,IN,25.39526,82.5703,Asia/Kolkata,1,"Bhadohi, Uttar Pradesh, IN"
1276353,Bhadaur,Punjab,IN,30.47651,75.33049,Asia/Kolkata,1,"Bhadaur, Punjab, IN"
1276355,Bhadasar,Rajasthan,IN,28.31457,74.28952,Asia/Kolkata,1,"Bhadasar, Rajasthan, IN"
1276358,Bhadarwah,Jammu And Kashmir,IN,32.97941,75.71723,Asia/Kolkata,1,"Bhadarwah, Jammu And Kashmir, IN"
1276370,Bhachau,Gujarat,IN,23.29858,70.34279,Asia/Kolkata,1,"Bhachau, Gujarat, IN"
1276371,Bhabhua,Bihar,IN,25.04049,83.60749,Asia/Kolkata,1,"Bhabhua, Bihar, IN"
1276374,Bhabhra,Madhya Pradesh,IN,22.53048,74.32846,Asia/Kolkata,1,"Bhabhra, Madhya Pradesh, IN"
1276378,Beypore,Kerala,IN,11.17151,75.80611,Asia/Kolkata,1,"Beypore, Kerala, IN"
1276381,Bewar,Uttar Pradesh,IN,27.21869,79.29761,Asia/Kolkata,1,"Bewar, Uttar Pradesh, IN"
1276388,Betul Bazar,Madhya Pradesh,IN,21.85572,77.92913,Asia/Kolkata,1,"Betul Bazar, Madhya Pradesh, IN"
1276389,Betul,Madhya Pradesh,IN,21.90056,77.90229,Asia/Kolkata,1,"Betul, Madhya Pradesh, IN"
1276393,Bettiah,Bihar,IN,26.80229,84.50311,Asia/Kolkata,1,"Bettiah, Bihar, IN"
1276400,Betma,Madhya Pradesh,IN,22.68653,75.61456,Asia/Kolkata,1,"Betma, Madhya Pradesh, IN"
1276416,Betamcherla,Andhra Pradesh,IN,15.45144,78.14797,Asia/Kolkata,1,"Betamcherla, Andhra Pradesh, IN"
1276419,Beswan,Uttar Pradesh,IN,27.63792,77.88019,Asia/Kolkata,1,"Beswan, Uttar Pradesh, IN"
1276437,Beri Khas,Haryana,IN,28.70146,76.57708,Asia/Kolkata,1,"Beri Khas, Haryana, IN"
1276449,Berasia,Madhya Pradesh,IN,23.63134,77.43351,Asia/Kolkata,1,"Berasia, Madhya Pradesh, IN"
1276455,Beohari,Madhya Pradesh,IN,24.02423,81.37831,Asia/Kolkata,1,"Beohari, Madhya Pradesh, IN"
1276463,Beniganj,Uttar Pradesh,IN,27.29293,80.44364,Asia/Kolkata,1,"Beniganj, Uttar Pradesh, IN"
1277333,Bengaluru,Karnataka,IN,12.97194,77.59369,Asia/Kolkata,1,"Bengaluru, Karnataka, IN"
1276472,Benaulim,Goa,IN,15.26435,73.92812,Asia/Kolkata,1,"Benaulim, Goa, IN"
1276478,Bemetara,Chhattisgarh,IN,21.71556,81.53423,Asia/Kolkata,1,"Bemetara, Chhattisgarh, IN"
1276487,Belur,Tamil Nadu,IN,11.70752,78.41437,Asia/Kolkata,1,"Belur, Tamil Nadu, IN"
1276486,Belur,Karnataka,IN,13.16558,75.86519,Asia/Kolkata,1,"Belur, Karnataka, IN"
1276491,Beltangadi,Karnataka,IN,13.98333,75.3,Asia/Kolkata,1,"Beltangadi, Karnataka, IN"
1276495,Belsand,Bihar,IN,26.44365,85.40076,Asia/Kolkata,1,"Belsand, Bihar, IN"
1276502,Belonia,Tripura,IN,23.25178,91.45407,Asia/Kolkata,1,"Belonia, Tripura, IN"
1276506,Belluru,Karnataka,IN,12.9814,76.73308,Asia/Kolkata,1,"Belluru, Karnataka, IN"
1276509,Bellary,Karnataka,IN,15.14205,76.92398,Asia/Kolkata,1,"Bellary, Karnataka, IN"
7302806,Bellampalli,Telangana,IN,19.05577,79.493,Asia/Kolkata,1,"Bellampalli, Telangana, IN"
1276520,Beliator,West Bengal,IN,23.32052,87.22081,Asia/Kolkata,1,"Beliator, West Bengal, IN"
1276533,Belgaum,Karnataka,IN,15.85212,74.50447,Asia/Kolkata,1,"Belgaum, Karnataka, IN"
1276548,Beldanga,West Bengal,IN,23.93428,88.26018,Asia/Kolkata,1,"Beldanga, West Bengal, IN"
1276568,Belaguntha,Odisha,IN,19.88249,84.63801,Asia/Kolkata,1,"Belaguntha, Odisha, IN"
1276574,Bela,Uttar Pradesh,IN,25.92058,81.99629,Asia/Kolkata,1,"Bela, Uttar Pradesh, IN"
1276589,Behror,Rajasthan,IN,27.88832,76.28108,Asia/Kolkata,1,"Behror, Rajasthan, IN"
1276600,Behat,Uttar Pradesh,IN,30.1718,77.6139,Asia/Kolkata,1,"Behat, Uttar Pradesh, IN"
1276609,Begusarai,Bihar,IN,25.41853,86.13389,Asia/Kolkata,1,"Begusarai, Bihar, IN"
1276615,Begun,Rajasthan,IN,24.98333,75,Asia/Kolkata,1,"Begun, Rajasthan, IN"
1276616,Begowal,Punjab,IN,31.61152,75.52135,Asia/Kolkata,1,"Begowal, Punjab, IN"
1348694,Begampur,West Bengal,IN,22.7307,88.25764,Asia/Kolkata,1,"Begampur, West Bengal, IN"
1276621,Begamganj,Madhya Pradesh,IN,23.59917,78.34064,Asia/Kolkata,1,"Begamganj, Madhya Pradesh, IN"
1275539,Beed,Maharashtra,IN,18.98921,75.75634,Asia/Kolkata,1,"Beed, Maharashtra, IN"
1276627,Bedi,Gujarat,IN,22.50143,70.04363,Asia/Kolkata,1,"Bedi, Gujarat, IN"
1276634,Beawar,Rajasthan,IN,26.10119,74.32028,Asia/Kolkata,1,"Beawar, Rajasthan, IN"
1276642,Bazpur,Uttarakhand,IN,29.15299,79.10814,Asia/Kolkata,1,"Bazpur, Uttarakhand, IN"
1276652,Bayana,Rajasthan,IN,26.90791,77.28985,Asia/Kolkata,1,"Bayana, Rajasthan, IN"
1276663,Bawana,Delhi,IN,28.7982,77.03431,Asia/Kolkata,1,"Bawana, Delhi, IN"
1276666,Bawal,Haryana,IN,28.07184,76.58312,Asia/Kolkata,1,"Bawal, Haryana, IN"
1276686,Baud,Odisha,IN,20.83773,84.32618,Asia/Kolkata,1,"Baud, Odisha, IN"
1276697,Batoti,Jammu And Kashmir,IN,33.11826,75.30889,Asia/Kolkata,1,"Batoti, Jammu And Kashmir, IN"
1276070,Bathinda,Punjab,IN,30.20747,74.93893,Asia/Kolkata,1,"Bathinda, Punjab, IN"
1276720,Batala,Punjab,IN,31.80921,75.20294,Asia/Kolkata,1,"Batala, Punjab, IN"
1276724,Baswa,Rajasthan,IN,27.14955,76.58345,Asia/Kolkata,1,"Baswa, Rajasthan, IN"
1276728,Basugaon,Assam,IN,26.46742,90.41951,Asia/Kolkata,1,"Basugaon, Assam, IN"
1276731,Basudebpur,Odisha,IN,21.11974,86.72896,Asia/Kolkata,1,"Basudebpur, Odisha, IN"
1276736,Basti,Uttar Pradesh,IN,26.78817,82.71617,Asia/Kolkata,1,"Basti, Uttar Pradesh, IN"
1276752,Basoda,Madhya Pradesh,IN,23.85153,77.93652,Asia/Kolkata,1,"Basoda, Madhya Pradesh, IN"
1276754,Basni,Rajasthan,IN,27.17232,73.64519,Asia/Kolkata,1,"Basni, Rajasthan, IN"
1276756,Basna,Chhattisgarh,IN,21.27885,82.8267,Asia/Kolkata,1,"Basna, Chhattisgarh, IN"
1276757,Basmat,Maharashtra,IN,19.32872,77.15746,Asia/Kolkata,1,"Basmat, Maharashtra, IN"
1276767,Basi,Rajasthan,IN,26.8315,76.04856,Asia/Kolkata,1,"Basi, Rajasthan, IN"
1276765,Basi,Punjab,IN,30.58813,76.84498,Asia/Kolkata,1,"Basi, Punjab, IN"
1276764,Basi,Punjab,IN,30.6885,76.40111,Asia/Kolkata,1,"Basi, Punjab, IN"
1276782,Basavana Bagevadi,Karnataka,IN,16.57278,75.97252,Asia/Kolkata,1,"Basavana Bagevadi, Karnataka, IN"
1276783,Basavakalyan,Karnataka,IN,17.87445,76.94972,Asia/Kolkata,1,"Basavakalyan, Karnataka, IN"
1276788,Basar,Arunachal Pradesh,IN,27.99008,94.69451,Asia/Kolkata,1,"Basar, Arunachal Pradesh, IN"
1276810,Barwani,Madhya Pradesh,IN,22.03232,74.89982,Asia/Kolkata,1,"Barwani, Madhya Pradesh, IN"
1276815,Barwala,Haryana,IN,29.36747,75.90809,Asia/Kolkata,1,"Barwala, Haryana, IN"
1276819,Barwadih,Jharkhand,IN,23.8478,84.11049,Asia/Kolkata,1,"Barwadih, Jharkhand, IN"
1276829,Baruni,Bihar,IN,25.47509,85.96813,Asia/Kolkata,1,"Baruni, Bihar, IN"
1276832,Baruipur,West Bengal,IN,22.36544,88.4325,Asia/Kolkata,1,"Baruipur, West Bengal, IN"
1276856,Barsi,Maharashtra,IN,18.23454,75.69275,Asia/Kolkata,1,"Barsi, Maharashtra, IN"
1276857,Barsana,Uttar Pradesh,IN,27.64802,77.3764,Asia/Kolkata,1,"Barsana, Uttar Pradesh, IN"
7302849,Barpeta Road,Assam,IN,26.50284,90.96937,Asia/Kolkata,1,"Barpeta Road, Assam, IN"
1276867,Barpeta,Assam,IN,26.32293,91.00632,Asia/Kolkata,1,"Barpeta, Assam, IN"
1276869,Barpathar,Assam,IN,26.28709,93.88844,Asia/Kolkata,1,"Barpathar, Assam, IN"
1276870,Barpali,Odisha,IN,21.19005,83.58721,Asia/Kolkata,1,"Barpali, Odisha, IN"
1276895,Barnala,Punjab,IN,30.37451,75.5487,Asia/Kolkata,1,"Barnala, Punjab, IN"
1276901,Barmer,Rajasthan,IN,25.74572,71.39211,Asia/Kolkata,1,"Barmer, Rajasthan, IN"
1276917,Barkot,Uttarakhand,IN,30.80861,78.20596,Asia/Kolkata,1,"Barkot, Uttarakhand, IN"
1276919,Barki Saria,Jharkhand,IN,24.17594,85.88938,Asia/Kolkata,1,"Barki Saria, Jharkhand, IN"
1276922,Barkhera Kalan,Uttar Pradesh,IN,28.45209,79.80655,Asia/Kolkata,1,"Barkhera Kalan, Uttar Pradesh, IN"
1276927,Barka Kana,Jharkhand,IN,23.62118,85.46748,Asia/Kolkata,1,"Barka Kana, Jharkhand, IN"
1276932,Barjora,West Bengal,IN,23.42754,87.29037,Asia/Kolkata,1,"Barjora, West Bengal, IN"
1276938,Barjala,Tripura,IN,23.6182,91.35596,Asia/Kolkata,1,"Barjala, Tripura, IN"
1276945,Bariarpur,Bihar,IN,25.28791,86.57643,Asia/Kolkata,1,"Bariarpur, Bihar, IN"
1276939,Bari Sadri,Rajasthan,IN,24.41339,74.47331,Asia/Kolkata,1,"Bari Sadri, Rajasthan, IN"
1276948,Bari,Rajasthan,IN,26.64661,77.61634,Asia/Kolkata,1,"Bari, Rajasthan, IN"
1276954,Barhiya,Bihar,IN,25.28814,86.02055,Asia/Kolkata,1,"Barhiya, Bihar, IN"
1276956,Barhi,Madhya Pradesh,IN,23.90326,80.81516,Asia/Kolkata,1,"Barhi, Madhya Pradesh, IN"
1276977,Barh,Bihar,IN,25.48339,85.70928,Asia/Kolkata,1,"Barh, Bihar, IN"
1276982,Bargi,Madhya Pradesh,IN,22.99138,79.8755,Asia/Kolkata,1,"Bargi, Madhya Pradesh, IN"
1276983,Barghat,Madhya Pradesh,IN,22.03065,79.7328,Asia/Kolkata,1,"Barghat, Madhya Pradesh, IN"
1276988,Bargarh,Odisha,IN,21.33348,83.61905,Asia/Kolkata,1,"Bargarh, Odisha, IN"
1277008,Barela,Madhya Pradesh,IN,23.09678,80.05084,Asia/Kolkata,1,"Barela, Madhya Pradesh, IN"
1277013,Bareilly,Uttar Pradesh,IN,28.36678,79.43167,Asia/Kolkata,1,"Bareilly, Uttar Pradesh, IN"
1277022,Bardoli,Gujarat,IN,21.12297,73.11151,Asia/Kolkata,1,"Bardoli, Gujarat, IN"
1277029,Barddhaman,West Bengal,IN,23.25572,87.85691,Asia/Kolkata,1,"Barddhaman, West Bengal, IN"
7279597,Barbil,Odisha,IN,22.10194,85.37752,Asia/Kolkata,1,"Barbil, Odisha, IN"
1277044,Baraut,Uttar Pradesh,IN,29.10199,77.26334,Asia/Kolkata,1,"Baraut, Uttar Pradesh, IN"
1277053,Barauli,Bihar,IN,26.38109,84.58648,Asia/Kolkata,1,"Barauli, Bihar, IN"
1277065,Barasat,West Bengal,IN,22.72154,88.48198,Asia/Kolkata,1,"Barasat, West Bengal, IN"
1277082,Baranagar,West Bengal,IN,22.64132,88.37727,Asia/Kolkata,1,"Baranagar, West Bengal, IN"
1277084,Baran,Rajasthan,IN,25.1,76.51667,Asia/Kolkata,1,"Baran, Rajasthan, IN"
1277085,Baramula,Jammu And Kashmir,IN,34.209,74.34285,Asia/Kolkata,1,"Baramula, Jammu And Kashmir, IN"
1277091,Baramati,Maharashtra,IN,18.15174,74.57767,Asia/Kolkata,1,"Baramati, Maharashtra, IN"
1277100,Barakpur,West Bengal,IN,22.76602,88.36336,Asia/Kolkata,1,"Barakpur, West Bengal, IN"
1277135,Baragaon,Uttar Pradesh,IN,25.42936,82.81709,Asia/Kolkata,1,"Baragaon, Uttar Pradesh, IN"
1277134,Baragaon,Uttar Pradesh,IN,25.47554,78.71224,Asia/Kolkata,1,"Baragaon, Uttar Pradesh, IN"
1254000,Bara Uchana,Haryana,IN,29.46747,76.17798,Asia/Kolkata,1,"Bara Uchana, Haryana, IN"
1277155,Bara Bazar,West Bengal,IN,22.56667,88.35,Asia/Kolkata,1,"Bara Bazar, West Bengal, IN"
1277038,Bar Bigha,Bihar,IN,25.21855,85.7332,Asia/Kolkata,1,"Bar Bigha, Bihar, IN"
1277183,Bapatla,Andhra Pradesh,IN,15.90422,80.46743,Asia/Kolkata,1,"Bapatla, Andhra Pradesh, IN"
1277200,Banur,Punjab,IN,30.55407,76.71948,Asia/Kolkata,1,"Banur, Punjab, IN"
1277201,Bantval,Karnataka,IN,12.8905,75.03489,Asia/Kolkata,1,"Bantval, Karnataka, IN"
1277202,Bantva,Gujarat,IN,21.48815,70.07576,Asia/Kolkata,1,"Bantva, Gujarat, IN"
1277214,Banswara,Rajasthan,IN,23.54109,74.4425,Asia/Kolkata,1,"Banswara, Rajasthan, IN"
1277216,Banswada,Telangana,IN,18.37725,77.88007,Asia/Kolkata,1,"Banswada, Telangana, IN"
1277232,Bansi,Uttar Pradesh,IN,27.17749,82.93442,Asia/Kolkata,1,"Bansi, Uttar Pradesh, IN"
1277235,Bansgaon,Uttar Pradesh,IN,26.55032,83.34503,Asia/Kolkata,1,"Bansgaon, Uttar Pradesh, IN"
1277238,Bansdih,Uttar Pradesh,IN,25.88377,84.21827,Asia/Kolkata,1,"Bansdih, Uttar Pradesh, IN"
1277240,Bansbaria,West Bengal,IN,22.95387,88.40098,Asia/Kolkata,1,"Bansbaria, West Bengal, IN"
1277247,Banposh,Odisha,IN,22.24834,84.81044,Asia/Kolkata,1,"Banposh, Odisha, IN"
1277255,Bannur,Karnataka,IN,12.33295,76.86201,Asia/Kolkata,1,"Bannur, Karnataka, IN"
1277263,Banmankhi,Bihar,IN,25.88857,87.19421,Asia/Kolkata,1,"Banmankhi, Bihar, IN"
1277264,Bankura,West Bengal,IN,23.23241,87.0716,Asia/Kolkata,1,"Bankura, West Bengal, IN"
1348747,Bankra,West Bengal,IN,22.60291,88.27751,Asia/Kolkata,1,"Bankra, West Bengal, IN"
1277273,Banki,Odisha,IN,20.37912,85.52953,Asia/Kolkata,1,"Banki, Odisha, IN"
1277289,Banka,Bihar,IN,24.88091,86.92257,Asia/Kolkata,1,"Banka, Bihar, IN"
1277294,Banjar,Himachal Pradesh,IN,31.639,77.34055,Asia/Kolkata,1,"Banjar, Himachal Pradesh, IN"
1277297,Banihal,Jammu And Kashmir,IN,33.43647,75.19684,Asia/Kolkata,1,"Banihal, Jammu And Kashmir, IN"
1277318,Bangarmau,Uttar Pradesh,IN,26.8912,80.21149,Asia/Kolkata,1,"Bangarmau, Uttar Pradesh, IN"
1277320,Bangarapet,Karnataka,IN,12.99116,78.17804,Asia/Kolkata,1,"Bangarapet, Karnataka, IN"
1277324,Bangaon,West Bengal,IN,23.04553,88.83084,Asia/Kolkata,1,"Bangaon, West Bengal, IN"
1277322,Bangaon,Bihar,IN,25.86728,86.51152,Asia/Kolkata,1,"Bangaon, Bihar, IN"
1277330,Banganapalle,Andhra Pradesh,IN,15.31771,78.22669,Asia/Kolkata,1,"Banganapalle, Andhra Pradesh, IN"
1277338,Banga,Punjab,IN,31.18874,75.99495,Asia/Kolkata,1,"Banga, Punjab, IN"
1277353,Bandora,Goa,IN,15.40823,73.98129,Asia/Kolkata,1,"Bandora, Goa, IN"
1277358,Bandipura,Jammu And Kashmir,IN,34.41728,74.64308,Asia/Kolkata,1,"Bandipura, Jammu And Kashmir, IN"
1277362,Bandikui,Rajasthan,IN,27.05087,76.57325,Asia/Kolkata,1,"Bandikui, Rajasthan, IN"
1277398,Banda,Madhya Pradesh,IN,24.04488,78.96094,Asia/Kolkata,1,"Banda, Madhya Pradesh, IN"
1277397,Banda,Uttar Pradesh,IN,25.47758,80.33491,Asia/Kolkata,1,"Banda, Uttar Pradesh, IN"
7117985,Banbasa,Uttar Pradesh,IN,28.99132,80.07608,Asia/Kolkata,1,"Banbasa, Uttar Pradesh, IN"
1277408,Banavar,Karnataka,IN,13.41029,76.16314,Asia/Kolkata,1,"Banavar, Karnataka, IN"
1277409,Banat,Uttar Pradesh,IN,29.46355,77.35478,Asia/Kolkata,1,"Banat, Uttar Pradesh, IN"
1277426,Banapur,Odisha,IN,19.77889,85.17033,Asia/Kolkata,1,"Banapur, Odisha, IN"
1277450,Bamora,Madhya Pradesh,IN,24.05539,78.08925,Asia/Kolkata,1,"Bamora, Madhya Pradesh, IN"
1277442,Bamor Kalan,Madhya Pradesh,IN,24.89298,78.15105,Asia/Kolkata,1,"Bamor Kalan, Madhya Pradesh, IN"
1277455,Bamna,Madhya Pradesh,IN,23.09454,74.76164,Asia/Kolkata,1,"Bamna, Madhya Pradesh, IN"
1277476,Bamboo Flat,Andaman And Nicobar,IN,11.7,92.71667,Asia/Kolkata,1,"Bamboo Flat, Andaman And Nicobar, IN"
1277477,Bambolim,Goa,IN,15.46361,73.8531,Asia/Kolkata,1,"Bambolim, Goa, IN"
1277508,Balurghat,West Bengal,IN,25.22099,88.77732,Asia/Kolkata,1,"Balurghat, West Bengal, IN"
1277514,Balugaon,Odisha,IN,20.17838,85.11327,Asia/Kolkata,1,"Balugaon, Odisha, IN"
11875614,Balrampur,Chhattisgarh,IN,23.61219,83.61115,Asia/Kolkata,1,"Balrampur, Chhattisgarh, IN"
1277525,Balrampur,Uttar Pradesh,IN,27.42949,82.18545,Asia/Kolkata,1,"Balrampur, Uttar Pradesh, IN"
1277527,Balotra,Rajasthan,IN,25.83242,72.24,Asia/Kolkata,1,"Balotra, Rajasthan, IN"
1277530,Baloda Bazar,Chhattisgarh,IN,21.65678,82.16062,Asia/Kolkata,1,"Baloda Bazar, Chhattisgarh, IN"
1277533,Baloda,Chhattisgarh,IN,22.1389,82.48171,Asia/Kolkata,1,"Baloda, Chhattisgarh, IN"
1277535,Balod,Chhattisgarh,IN,20.73081,81.20578,Asia/Kolkata,1,"Balod, Chhattisgarh, IN"
1277557,Ballalpur,Maharashtra,IN,19.84696,79.34578,Asia/Kolkata,1,"Ballalpur, Maharashtra, IN"
1277570,Balimila,Odisha,IN,18.25167,82.10659,Asia/Kolkata,1,"Balimila, Odisha, IN"
1277581,Bali Chak,West Bengal,IN,22.36482,87.55304,Asia/Kolkata,1,"Bali Chak, West Bengal, IN"
1277590,Bali,Rajasthan,IN,25.19725,73.29117,Asia/Kolkata,1,"Bali, Rajasthan, IN"
1277539,Bali,West Bengal,IN,22.64859,88.34115,Asia/Kolkata,1,"Bali, West Bengal, IN"
1277614,Baldev,Uttar Pradesh,IN,27.40684,77.82214,Asia/Kolkata,1,"Baldev, Uttar Pradesh, IN"
1277613,Baldeogarh,Madhya Pradesh,IN,24.75619,79.06715,Asia/Kolkata,1,"Baldeogarh, Madhya Pradesh, IN"
1277599,Balasore,Odisha,IN,21.49266,86.93348,Asia/Kolkata,1,"Balasore, Odisha, IN"
1277634,Balarampur,West Bengal,IN,23.09714,86.22292,Asia/Kolkata,1,"Balarampur, West Bengal, IN"
1445310,Balapur,Telangana,IN,17.31018,78.49969,Asia/Kolkata,1,"Balapur, Telangana, IN"
1277636,Balapur,Maharashtra,IN,20.66612,76.77386,Asia/Kolkata,1,"Balapur, Maharashtra, IN"
1277643,Balangir,Odisha,IN,20.70419,83.49029,Asia/Kolkata,1,"Balangir, Odisha, IN"
1277661,Balaghat,Madhya Pradesh,IN,21.8156,80.18845,Asia/Kolkata,1,"Balaghat, Madhya Pradesh, IN"
1277666,Balachor,Punjab,IN,31.06062,76.30166,Asia/Kolkata,1,"Balachor, Punjab, IN"
1277671,Bakshwaho,Madhya Pradesh,IN,24.25106,79.28618,Asia/Kolkata,1,"Bakshwaho, Madhya Pradesh, IN"
1277675,Bakreswar,West Bengal,IN,23.8832,87.37265,Asia/Kolkata,1,"Bakreswar, West Bengal, IN"
1277681,Bakloh,Punjab,IN,32.47939,75.91874,Asia/Kolkata,1,"Bakloh, Punjab, IN"
1277684,Bakhtiyarpur,Bihar,IN,25.46179,85.53179,Asia/Kolkata,1,"Bakhtiyarpur, Bihar, IN"
1277695,Bakewar,Uttar Pradesh,IN,26.66226,79.17625,Asia/Kolkata,1,"Bakewar, Uttar Pradesh, IN"
1277699,Bakani,Rajasthan,IN,24.28624,76.23709,Asia/Kolkata,1,"Bakani, Rajasthan, IN"
1277716,Bajna,Uttar Pradesh,IN,27.89793,77.67836,Asia/Kolkata,1,"Bajna, Uttar Pradesh, IN"
1277737,Baisi,Bihar,IN,25.86302,87.74487,Asia/Kolkata,1,"Baisi, Bihar, IN"
1277748,Bairagnia,Bihar,IN,26.74063,85.27323,Asia/Kolkata,1,"Bairagnia, Bihar, IN"
1277765,Bail-Hongal,Karnataka,IN,15.8137,74.85895,Asia/Kolkata,1,"Bail-Hongal, Karnataka, IN"
1277770,Baikunthpur,Madhya Pradesh,IN,24.72768,81.40975,Asia/Kolkata,1,"Baikunthpur, Madhya Pradesh, IN"
1277769,Baikunthpur,Chhattisgarh,IN,23.26206,82.56051,Asia/Kolkata,1,"Baikunthpur, Chhattisgarh, IN"
1277776,Baihar,Madhya Pradesh,IN,22.10133,80.54967,Asia/Kolkata,1,"Baihar, Madhya Pradesh, IN"
1277780,Baidyabati,West Bengal,IN,22.78498,88.32586,Asia/Kolkata,1,"Baidyabati, West Bengal, IN"
7302862,Bahula,West Bengal,IN,23.65176,87.16475,Asia/Kolkata,1,"Bahula, West Bengal, IN"
1277793,Bahua,Uttar Pradesh,IN,25.83942,80.62255,Asia/Kolkata,1,"Bahua, Uttar Pradesh, IN"
1277795,Bahsuma,Uttar Pradesh,IN,29.20063,77.97221,Asia/Kolkata,1,"Bahsuma, Uttar Pradesh, IN"
1277799,Bahraigh,Uttar Pradesh,IN,27.57429,81.59474,Asia/Kolkata,1,"Bahraigh, Uttar Pradesh, IN"
1277808,Bahjoi,Uttar Pradesh,IN,28.39502,78.62659,Asia/Kolkata,1,"Bahjoi, Uttar Pradesh, IN"
1277814,Baheri,Uttar Pradesh,IN,28.77416,79.4974,Asia/Kolkata,1,"Baheri, Uttar Pradesh, IN"
1277820,Baharampur,West Bengal,IN,24.10473,88.25155,Asia/Kolkata,1,"Baharampur, West Bengal, IN"
1277835,Bahadurgarh,Haryana,IN,28.69287,76.93555,Asia/Kolkata,1,"Bahadurgarh, Haryana, IN"
1277836,Bahadurganj,Bihar,IN,26.26172,87.82443,Asia/Kolkata,1,"Bahadurganj, Bihar, IN"
1277841,Bah,Uttar Pradesh,IN,26.86912,78.59385,Asia/Kolkata,1,"Bah, Uttar Pradesh, IN"
1277844,Bagula,West Bengal,IN,23.33664,88.64109,Asia/Kolkata,1,"Bagula, West Bengal, IN"
1277863,Bagra,Jharkhand,IN,23.73333,86.31667,Asia/Kolkata,1,"Bagra, Jharkhand, IN"
1348615,Bagnan,West Bengal,IN,22.93338,88.13856,Asia/Kolkata,1,"Bagnan, West Bengal, IN"
1277874,Bagli,Madhya Pradesh,IN,22.64124,76.34877,Asia/Kolkata,1,"Bagli, Madhya Pradesh, IN"
1277882,Baghpat,Uttar Pradesh,IN,28.94485,77.21865,Asia/Kolkata,1,"Baghpat, Uttar Pradesh, IN"
1277902,Bagha Purana,Punjab,IN,30.68809,75.09838,Asia/Kolkata,1,"Bagha Purana, Punjab, IN"
1277907,Bageshwar,Uttarakhand,IN,29.83738,79.77161,Asia/Kolkata,1,"Bageshwar, Uttarakhand, IN"
1277909,Bagepalli,Karnataka,IN,13.78338,77.79667,Asia/Kolkata,1,"Bagepalli, Karnataka, IN"
1277897,Bagdogra,West Bengal,IN,26.69929,88.31177,Asia/Kolkata,1,"Bagdogra, West Bengal, IN"
1277924,Bagasra,Gujarat,IN,21.48719,70.95516,Asia/Kolkata,1,"Bagasra, Gujarat, IN"
1277930,Bagar,Rajasthan,IN,28.18784,75.50012,Asia/Kolkata,1,"Bagar, Rajasthan, IN"
1277936,Bagalkot,Karnataka,IN,16.18673,75.69614,Asia/Kolkata,1,"Bagalkot, Karnataka, IN"
1277940,Bagaha,Bihar,IN,24.52898,85.06019,Asia/Kolkata,1,"Bagaha, Bihar, IN"
1277939,Bagaha,Bihar,IN,27.09918,84.09003,Asia/Kolkata,1,"Bagaha, Bihar, IN"
7284334,Baga,Goa,IN,15.56517,73.75517,Asia/Kolkata,1,"Baga, Goa, IN"
1277905,Bag,Madhya Pradesh,IN,22.35905,74.79052,Asia/Kolkata,1,"Bag, Madhya Pradesh, IN"
1277949,Badvel,Andhra Pradesh,IN,14.7451,79.06288,Asia/Kolkata,1,"Badvel, Andhra Pradesh, IN"
1277950,Baduria,West Bengal,IN,22.74431,88.78655,Asia/Kolkata,1,"Baduria, West Bengal, IN"
1277970,Badnawar,Madhya Pradesh,IN,23.02181,75.23268,Asia/Kolkata,1,"Badnawar, Madhya Pradesh, IN"
1277976,Badlapur,Maharashtra,IN,19.15516,73.26553,Asia/Kolkata,1,"Badlapur, Maharashtra, IN"
1277992,Badhni Kalan,Punjab,IN,30.6813,75.29087,Asia/Kolkata,1,"Badhni Kalan, Punjab, IN"
7279742,Baddi,Himachal Pradesh,IN,30.95783,76.79136,Asia/Kolkata,1,"Baddi, Himachal Pradesh, IN"
1278006,Badarwas,Madhya Pradesh,IN,24.97516,77.5649,Asia/Kolkata,1,"Badarwas, Madhya Pradesh, IN"
1278008,Badarpur,Assam,IN,24.86852,92.59606,Asia/Kolkata,1,"Badarpur, Assam, IN"
1278017,Badami,Karnataka,IN,15.91495,75.67683,Asia/Kolkata,1,"Badami, Karnataka, IN"
1278023,Badagara,Kerala,IN,11.59776,75.58142,Asia/Kolkata,1,"Badagara, Kerala, IN"
1278026,Bada Barabil,Odisha,IN,22.11186,85.38684,Asia/Kolkata,1,"Bada Barabil, Odisha, IN"
1278035,Bachhrawan,Uttar Pradesh,IN,26.4709,81.1158,Asia/Kolkata,1,"Bachhrawan, Uttar Pradesh, IN"
1278036,Bachhraon,Uttar Pradesh,IN,28.92694,78.23456,Asia/Kolkata,1,"Bachhraon, Uttar Pradesh, IN"
1278051,Babugarh,Uttar Pradesh,IN,28.72353,77.84677,Asia/Kolkata,1,"Babugarh, Uttar Pradesh, IN"
1278052,Babrala,Uttar Pradesh,IN,28.26419,78.4056,Asia/Kolkata,1,"Babrala, Uttar Pradesh, IN"
1278054,Babra,Gujarat,IN,21.84577,71.30544,Asia/Kolkata,1,"Babra, Gujarat, IN"
1278058,Babina,Uttar Pradesh,IN,25.23947,78.47028,Asia/Kolkata,1,"Babina, Uttar Pradesh, IN"
1278064,Baberu,Uttar Pradesh,IN,25.54711,80.70443,Asia/Kolkata,1,"Baberu, Uttar Pradesh, IN"
1278073,Babai,Madhya Pradesh,IN,22.70256,77.93494,Asia/Kolkata,1,"Babai, Madhya Pradesh, IN"
10924927,Azhiyur,Kerala,IN,11.69348,75.56013,Asia/Kolkata,1,"Azhiyur, Kerala, IN"
1253500,Azhikkal,Kerala,IN,11.94043,75.30512,Asia/Kolkata,1,"Azhikkal, Kerala, IN"
1278083,Azamgarh,Uttar Pradesh,IN,26.06832,83.18358,Asia/Kolkata,1,"Azamgarh, Uttar Pradesh, IN"
1278090,Ayyampettai,Tamil Nadu,IN,10.90141,79.17984,Asia/Kolkata,1,"Ayyampettai, Tamil Nadu, IN"
1278100,Ayakudi,Tamil Nadu,IN,10.44992,77.55198,Asia/Kolkata,1,"Ayakudi, Tamil Nadu, IN"
1278103,Awantipur,Jammu And Kashmir,IN,33.91978,75.01515,Asia/Kolkata,1,"Awantipur, Jammu And Kashmir, IN"
1278124,Avinashi,Tamil Nadu,IN,11.19297,77.26865,Asia/Kolkata,1,"Avinashi, Tamil Nadu, IN"
7283587,Avanoor,Kerala,IN,10.60826,76.1762,Asia/Kolkata,1,"Avanoor, Kerala, IN"
1278122,Avanigadda,Andhra Pradesh,IN,16.02148,80.91808,Asia/Kolkata,1,"Avanigadda, Andhra Pradesh, IN"
1278130,Avadi,Tamil Nadu,IN,13.1147,80.10981,Asia/Kolkata,1,"Avadi, Tamil Nadu, IN"
1278139,Ausa,Maharashtra,IN,18.24728,76.4993,Asia/Kolkata,1,"Ausa, Maharashtra, IN"
6620455,Auroville,Tamil Nadu,IN,12.00549,79.80885,Asia/Kolkata,1,"Auroville, Tamil Nadu, IN"
1278142,Auras,Uttar Pradesh,IN,26.91414,80.50792,Asia/Kolkata,1,"Auras, Uttar Pradesh, IN"
1278149,Aurangabad,Maharashtra,IN,19.87757,75.34226,Asia/Kolkata,1,"Aurangabad, Maharashtra, IN"
1278148,Aurangabad,Bihar,IN,24.75204,84.3742,Asia/Kolkata,1,"Aurangabad, Bihar, IN"
1278152,Auraiya,Uttar Pradesh,IN,26.46517,79.50918,Asia/Kolkata,1,"Auraiya, Uttar Pradesh, IN"
1278156,Aurad,Karnataka,IN,18.25397,77.41761,Asia/Kolkata,1,"Aurad, Karnataka, IN"
1278173,Attur,Tamil Nadu,IN,11.59414,78.60143,Asia/Kolkata,1,"Attur, Tamil Nadu, IN"
1278176,Attingal,Kerala,IN,8.69609,76.81507,Asia/Kolkata,1,"Attingal, Kerala, IN"
1278178,Attili,Andhra Pradesh,IN,16.7,81.6,Asia/Kolkata,1,"Attili, Andhra Pradesh, IN"
1278182,Attayyampatti,Tamil Nadu,IN,11.53272,78.05363,Asia/Kolkata,1,"Attayyampatti, Tamil Nadu, IN"
1278189,Atraulia,Uttar Pradesh,IN,26.3333,82.94727,Asia/Kolkata,1,"Atraulia, Uttar Pradesh, IN"
1278190,Atrauli,Uttar Pradesh,IN,28.02964,78.28571,Asia/Kolkata,1,"Atrauli, Uttar Pradesh, IN"
1278201,Atmakur,Andhra Pradesh,IN,15.88109,78.58704,Asia/Kolkata,1,"Atmakur, Andhra Pradesh, IN"
1278208,Athni,Karnataka,IN,16.72613,75.06421,Asia/Kolkata,1,"Athni, Karnataka, IN"
1278216,Athagarh,Odisha,IN,20.51999,85.62965,Asia/Kolkata,1,"Athagarh, Odisha, IN"
1278223,Ateli Mandi,Haryana,IN,28.1008,76.2598,Asia/Kolkata,1,"Ateli Mandi, Haryana, IN"
1278228,Atarra,Uttar Pradesh,IN,25.28618,80.57155,Asia/Kolkata,1,"Atarra, Uttar Pradesh, IN"
1278278,Asind,Rajasthan,IN,25.7342,74.33278,Asia/Kolkata,1,"Asind, Rajasthan, IN"
1278279,Asika,Odisha,IN,19.61114,84.65998,Asia/Kolkata,1,"Asika, Odisha, IN"
1278282,Asifabad,Telangana,IN,19.35851,79.28415,Asia/Kolkata,1,"Asifabad, Telangana, IN"
1278290,Ashti,Maharashtra,IN,19.37671,76.2252,Asia/Kolkata,1,"Ashti, Maharashtra, IN"
1278296,Ashta,Maharashtra,IN,16.94943,74.40936,Asia/Kolkata,1,"Ashta, Maharashtra, IN"
1278294,Ashta,Madhya Pradesh,IN,23.01754,76.72208,Asia/Kolkata,1,"Ashta, Madhya Pradesh, IN"
7302861,Ashoknagar Kalyangarh,West Bengal,IN,22.86416,88.63701,Asia/Kolkata,1,"Ashoknagar Kalyangarh, West Bengal, IN"
1278297,Ashoknagar,Madhya Pradesh,IN,24.57578,77.73123,Asia/Kolkata,1,"Ashoknagar, Madhya Pradesh, IN"
1278308,Asarganj,Bihar,IN,25.15046,86.68639,Asia/Kolkata,1,"Asarganj, Bihar, IN"
1278314,Asansol,West Bengal,IN,23.68333,86.98333,Asia/Kolkata,1,"Asansol, West Bengal, IN"
1278320,Asandh,Haryana,IN,29.52119,76.60552,Asia/Kolkata,1,"Asandh, Haryana, IN"
1278335,Arvi,Maharashtra,IN,20.99585,78.22914,Asia/Kolkata,1,"Arvi, Maharashtra, IN"
1278433,Aruvankad,Tamil Nadu,IN,11.36315,76.7579,Asia/Kolkata,1,"Aruvankad, Tamil Nadu, IN"
1278340,Aruppukkottai,Tamil Nadu,IN,9.5096,78.09588,Asia/Kolkata,1,"Aruppukkottai, Tamil Nadu, IN"
1278343,Arumuganeri,Tamil Nadu,IN,8.5688,78.09091,Asia/Kolkata,1,"Arumuganeri, Tamil Nadu, IN"
1278344,Arumbavur,Tamil Nadu,IN,11.38096,78.72965,Asia/Kolkata,1,"Arumbavur, Tamil Nadu, IN"
1278345,Arukutti,Kerala,IN,9.86667,76.35,Asia/Kolkata,1,"Arukutti, Kerala, IN"
8199556,Artist Village,Maharashtra,IN,19.03227,73.04276,Asia/Kolkata,1,"Artist Village, Maharashtra, IN"
1278354,Arsikere,Karnataka,IN,13.31446,76.25704,Asia/Kolkata,1,"Arsikere, Karnataka, IN"
1278483,Arrah,Bihar,IN,25.55629,84.66335,Asia/Kolkata,1,"Arrah, Bihar, IN"
10628607,Aroor,Kerala,IN,9.8694,76.30498,Asia/Kolkata,1,"Aroor, Kerala, IN"
1278365,Aron,Madhya Pradesh,IN,24.38109,77.41739,Asia/Kolkata,1,"Aron, Madhya Pradesh, IN"
1278454,Arni,Tamil Nadu,IN,12.66771,79.28529,Asia/Kolkata,1,"Arni, Tamil Nadu, IN"
1278389,Arki,Himachal Pradesh,IN,31.15196,76.96675,Asia/Kolkata,1,"Arki, Himachal Pradesh, IN"
1278393,Arkalgud,Karnataka,IN,12.76171,76.06035,Asia/Kolkata,1,"Arkalgud, Karnataka, IN"
1278405,Ariyalur,Tamil Nadu,IN,11.13849,79.07556,Asia/Kolkata,1,"Ariyalur, Tamil Nadu, IN"
1278409,Arimalam,Tamil Nadu,IN,10.25498,78.88403,Asia/Kolkata,1,"Arimalam, Tamil Nadu, IN"
1278432,Arcot,Tamil Nadu,IN,12.90569,79.31897,Asia/Kolkata,1,"Arcot, Tamil Nadu, IN"
1278446,Araria,Bihar,IN,26.14934,87.51323,Asia/Kolkata,1,"Araria, Bihar, IN"
1278448,Arantangi,Tamil Nadu,IN,10.17235,78.99118,Asia/Kolkata,1,"Arantangi, Tamil Nadu, IN"
1278455,Arangaon,Maharashtra,IN,19.02681,74.71487,Asia/Kolkata,1,"Arangaon, Maharashtra, IN"
1278458,Arang,Chhattisgarh,IN,21.19639,81.96912,Asia/Kolkata,1,"Arang, Chhattisgarh, IN"
1278464,Arambol,Goa,IN,15.68681,73.70449,Asia/Kolkata,1,"Arambol, Goa, IN"
1278466,Arambagh,West Bengal,IN,22.88333,87.78333,Asia/Kolkata,1,"Arambagh, West Bengal, IN"
1278471,Arakkonam,Tamil Nadu,IN,13.08449,79.67053,Asia/Kolkata,1,"Arakkonam, Tamil Nadu, IN"
1278498,Aonla,Uttar Pradesh,IN,28.27402,79.16521,Asia/Kolkata,1,"Aonla, Uttar Pradesh, IN"
1278507,Anupshahr,Uttar Pradesh,IN,28.35748,78.26914,Asia/Kolkata,1,"Anupshahr, Uttar Pradesh, IN"
1278508,Anuppur,Madhya Pradesh,IN,23.10344,81.69083,Asia/Kolkata,1,"Anuppur, Madhya Pradesh, IN"
1278510,Anupgarh,Rajasthan,IN,29.19111,73.20861,Asia/Kolkata,1,"Anupgarh, Rajasthan, IN"
1278515,Antu,Uttar Pradesh,IN,26.05654,81.90267,Asia/Kolkata,1,"Antu, Uttar Pradesh, IN"
1278516,Antri,Madhya Pradesh,IN,26.05804,78.21027,Asia/Kolkata,1,"Antri, Madhya Pradesh, IN"
1278622,Anthiyur,Tamil Nadu,IN,11.57506,77.59043,Asia/Kolkata,1,"Anthiyur, Tamil Nadu, IN"
1278532,Anta,Rajasthan,IN,25.15,76.3,Asia/Kolkata,1,"Anta, Rajasthan, IN"
1278534,Anshing,Maharashtra,IN,20.0409,77.31501,Asia/Kolkata,1,"Anshing, Maharashtra, IN"
1278539,Annur,Tamil Nadu,IN,11.23616,77.10514,Asia/Kolkata,1,"Annur, Tamil Nadu, IN"
1278540,Annigeri,Karnataka,IN,15.42513,75.4335,Asia/Kolkata,1,"Annigeri, Karnataka, IN"
1278541,Annavasal,Tamil Nadu,IN,10.4606,78.70029,Asia/Kolkata,1,"Annavasal, Tamil Nadu, IN"
1278546,Annamalainagar,Tamil Nadu,IN,11.4,79.73333,Asia/Kolkata,1,"Annamalainagar, Tamil Nadu, IN"
1278551,Ankola,Karnataka,IN,14.66049,74.3047,Asia/Kolkata,1,"Ankola, Karnataka, IN"
1278553,Ankleshwar,Gujarat,IN,21.63236,72.99001,Asia/Kolkata,1,"Ankleshwar, Gujarat, IN"
1278573,Anjar,Gujarat,IN,23.11316,70.02671,Asia/Kolkata,1,"Anjar, Gujarat, IN"
1278580,Anjangaon,Maharashtra,IN,21.16516,77.3091,Asia/Kolkata,1,"Anjangaon, Maharashtra, IN"
1278588,Anjad,Madhya Pradesh,IN,22.04171,75.05519,Asia/Kolkata,1,"Anjad, Madhya Pradesh, IN"
1278593,Angul,Odisha,IN,20.84089,85.10192,Asia/Kolkata,1,"Angul, Odisha, IN"
1278602,Angamali,Kerala,IN,10.19055,76.38789,Asia/Kolkata,1,"Angamali, Kerala, IN"
1278609,Anekal,Karnataka,IN,12.7111,77.69557,Asia/Kolkata,1,"Anekal, Karnataka, IN"
1278621,Andol,Telangana,IN,17.81458,78.07713,Asia/Kolkata,1,"Andol, Telangana, IN"
1278625,Andippatti,Tamil Nadu,IN,9.99797,77.62097,Asia/Kolkata,1,"Andippatti, Tamil Nadu, IN"
1278667,Anantnag,Jammu And Kashmir,IN,33.73068,75.15418,Asia/Kolkata,1,"Anantnag, Jammu And Kashmir, IN"
1278672,Anantapur,Andhra Pradesh,IN,14.67784,77.60813,Asia/Kolkata,1,"Anantapur, Andhra Pradesh, IN"
1278676,Anandpur,Punjab,IN,31.23926,76.50253,Asia/Kolkata,1,"Anandpur, Punjab, IN"
1278682,Anandnagar,Uttar Pradesh,IN,27.10062,83.27156,Asia/Kolkata,1,"Anandnagar, Uttar Pradesh, IN"
1278685,Anand,Gujarat,IN,22.55251,72.9552,Asia/Kolkata,1,"Anand, Gujarat, IN"
1278692,Anamalais,Tamil Nadu,IN,10.58303,76.93441,Asia/Kolkata,1,"Anamalais, Tamil Nadu, IN"
1278688,Anakapalle,Andhra Pradesh,IN,17.69134,83.00395,Asia/Kolkata,1,"Anakapalle, Andhra Pradesh, IN"
1278698,Amudalavalasa,Andhra Pradesh,IN,18.41025,83.90295,Asia/Kolkata,1,"Amudalavalasa, Andhra Pradesh, IN"
1278703,Amta,West Bengal,IN,22.58344,88.01039,Asia/Kolkata,1,"Amta, West Bengal, IN"
1278707,Amroli,Gujarat,IN,21.25084,72.83878,Asia/Kolkata,1,"Amroli, Gujarat, IN"
1278708,Amroha,Uttar Pradesh,IN,28.90314,78.46984,Asia/Kolkata,1,"Amroha, Uttar Pradesh, IN"
1278710,Amritsar,Punjab,IN,31.62234,74.87534,Asia/Kolkata,1,"Amritsar, Punjab, IN"
1278715,Amreli,Gujarat,IN,21.59983,71.21169,Asia/Kolkata,1,"Amreli, Gujarat, IN"
1278718,Amravati,Maharashtra,IN,20.93333,77.75,Asia/Kolkata,1,"Amravati, Maharashtra, IN"
11875610,Ampati,Meghalaya,IN,25.4623,89.93325,Asia/Kolkata,1,"Ampati, Meghalaya, IN"
1278742,Amod,Gujarat,IN,21.99317,72.87047,Asia/Kolkata,1,"Amod, Gujarat, IN"
1278752,Ammapettai,Tamil Nadu,IN,10.79476,79.31986,Asia/Kolkata,1,"Ammapettai, Tamil Nadu, IN"
1278751,Ammapettai,Tamil Nadu,IN,11.61975,77.74264,Asia/Kolkata,1,"Ammapettai, Tamil Nadu, IN"
1278758,Amloh,Punjab,IN,30.60837,76.23199,Asia/Kolkata,1,"Amloh, Punjab, IN"
1278768,Amli,Dadra And Nagar Haveli And Daman And Diu,IN,20.28333,73.01667,Asia/Kolkata,1,"Amli, Dadra And Nagar Haveli And Daman And Diu, IN"
1278774,Amlagora,West Bengal,IN,22.84616,87.33559,Asia/Kolkata,1,"Amlagora, West Bengal, IN"
1278775,Amla,Madhya Pradesh,IN,21.92485,78.12786,Asia/Kolkata,1,"Amla, Madhya Pradesh, IN"
1278796,Amguri,Assam,IN,26.81482,94.52614,Asia/Kolkata,1,"Amguri, Assam, IN"
1278806,Amethi,Uttar Pradesh,IN,26.15696,81.80519,Asia/Kolkata,1,"Amethi, Uttar Pradesh, IN"
1278805,Amethi,Uttar Pradesh,IN,28.01667,81.05,Asia/Kolkata,1,"Amethi, Uttar Pradesh, IN"
1279396,Abu,Rajasthan,IN,24.59365,72.71756,Asia/Kolkata,1,"Abu, Rajasthan, IN"
11102685,Abrama,Gujarat,IN,20.85865,72.90648,Asia/Kolkata,1,"Abrama, Gujarat, IN"
1279403,Abohar,Punjab,IN,30.14453,74.19552,Asia/Kolkata,1,"Abohar, Punjab, IN"
1279405,Abiramam,Tamil Nadu,IN,9.4423,78.4399,Asia/Kolkata,1,"Abiramam, Tamil Nadu, IN"
1279407,Abhayapuri,Assam,IN,26.32255,90.68526,Asia/Kolkata,1,"Abhayapuri, Assam, IN"
6698412,Abhaneri,Rajasthan,IN,27.00743,76.6076,Asia/Kolkata,1,"Abhaneri, Rajasthan, IN"
1278808,Amet,Rajasthan,IN,25.30609,73.9258,Asia/Kolkata,1,"Amet, Rajasthan, IN"
1278815,Ambur,Tamil Nadu,IN,12.79163,78.71644,Asia/Kolkata,1,"Ambur, Tamil Nadu, IN"
1278827,Ambikapur,Chhattisgarh,IN,23.11892,83.19537,Asia/Kolkata,1,"Ambikapur, Chhattisgarh, IN"
1278840,Ambattur,Tamil Nadu,IN,13.09818,80.16152,Asia/Kolkata,1,"Ambattur, Tamil Nadu, IN"
1278841,Ambasamudram,Tamil Nadu,IN,8.71068,77.4519,Asia/Kolkata,1,"Ambasamudram, Tamil Nadu, IN"
1278842,Ambasa,Tripura,IN,23.936,91.85436,Asia/Kolkata,1,"Ambasa, Tripura, IN"
1278860,Ambala,Haryana,IN,30.36099,76.79782,Asia/Kolkata,1,"Ambala, Haryana, IN"
1278862,Ambajogai,Maharashtra,IN,18.73312,76.38616,Asia/Kolkata,1,"Ambajogai, Maharashtra, IN"
1278867,Ambahta,Uttar Pradesh,IN,29.85706,77.33583,Asia/Kolkata,1,"Ambahta, Uttar Pradesh, IN"
1278868,Ambah,Madhya Pradesh,IN,26.70423,78.22678,Asia/Kolkata,1,"Ambah, Madhya Pradesh, IN"
1278869,Ambagarh Chauki,Chhattisgarh,IN,20.77644,80.74608,Asia/Kolkata,1,"Ambagarh Chauki, Chhattisgarh, IN"
1278871,Ambad,Maharashtra,IN,19.61301,75.78906,Asia/Kolkata,1,"Ambad, Maharashtra, IN"
1278889,Amarwara,Madhya Pradesh,IN,22.2978,79.16943,Asia/Kolkata,1,"Amarwara, Madhya Pradesh, IN"
1278897,Amarpur,Tripura,IN,23.5257,91.65879,Asia/Kolkata,1,"Amarpur, Tripura, IN"
1278895,Amarpur,Bihar,IN,25.03967,86.90247,Asia/Kolkata,1,"Amarpur, Bihar, IN"
1278899,Amarpatan,Madhya Pradesh,IN,24.31371,80.97703,Asia/Kolkata,1,"Amarpatan, Madhya Pradesh, IN"
1278903,Amarnath,Maharashtra,IN,19.2,73.16667,Asia/Kolkata,1,"Amarnath, Maharashtra, IN"
1278905,Amarkantak,Madhya Pradesh,IN,22.67486,81.75908,Asia/Kolkata,1,"Amarkantak, Madhya Pradesh, IN"
12261477,Amaravati,Andhra Pradesh,IN,16.514,80.516,Asia/Kolkata,1,"Amaravati, Andhra Pradesh, IN"
1278921,Amanpur,Uttar Pradesh,IN,27.71222,78.73788,Asia/Kolkata,1,"Amanpur, Uttar Pradesh, IN"
1278923,Amanganj,Madhya Pradesh,IN,24.42664,80.03579,Asia/Kolkata,1,"Amanganj, Madhya Pradesh, IN"
1278931,Amalner,Maharashtra,IN,21.03983,75.05887,Asia/Kolkata,1,"Amalner, Maharashtra, IN"
1278935,Amalapuram,Andhra Pradesh,IN,16.57868,82.00609,Asia/Kolkata,1,"Amalapuram, Andhra Pradesh, IN"
1278941,Alwaye,Kerala,IN,10.10649,76.35484,Asia/Kolkata,1,"Alwaye, Kerala, IN"
1278946,Alwar,Rajasthan,IN,27.56246,76.625,Asia/Kolkata,1,"Alwar, Rajasthan, IN"
1278943,Alwa Tirunagari,Tamil Nadu,IN,8.60635,77.93983,Asia/Kolkata,1,"Alwa Tirunagari, Tamil Nadu, IN"
7279600,Aluva,Kerala,IN,10.10764,76.35158,Asia/Kolkata,1,"Aluva, Kerala, IN"
1278953,Alur,Karnataka,IN,12.97805,75.99094,Asia/Kolkata,1,"Alur, Karnataka, IN"
1278964,Alot,Madhya Pradesh,IN,23.76336,75.55662,Asia/Kolkata,1,"Alot, Madhya Pradesh, IN"
1278969,Along,Arunachal Pradesh,IN,28.16951,94.8006,Asia/Kolkata,1,"Along, Arunachal Pradesh, IN"
1278973,Alnavar,Karnataka,IN,15.42727,74.74111,Asia/Kolkata,1,"Alnavar, Karnataka, IN"
1278974,Almora,Uttarakhand,IN,29.59713,79.65911,Asia/Kolkata,1,"Almora, Uttarakhand, IN"
1278987,Allapalli,Maharashtra,IN,19.43172,80.06377,Asia/Kolkata,1,"Allapalli, Maharashtra, IN"
1278990,Allahganj,Uttar Pradesh,IN,27.5454,79.68715,Asia/Kolkata,1,"Allahganj, Uttar Pradesh, IN"
1278994,Allahabad,Uttar Pradesh,IN,25.44478,81.84322,Asia/Kolkata,1,"Allahabad, Uttar Pradesh, IN"
1279003,Alipur Duar,West Bengal,IN,26.4835,89.52286,Asia/Kolkata,1,"Alipur Duar, West Bengal, IN"
1279005,Alipur,Delhi,IN,28.79862,77.13314,Asia/Kolkata,1,"Alipur, Delhi, IN"
1279017,Aligarh,Uttar Pradesh,IN,27.88145,78.07464,Asia/Kolkata,1,"Aligarh, Uttar Pradesh, IN"
1279023,Aliganj,Uttar Pradesh,IN,27.49358,79.17127,Asia/Kolkata,1,"Aliganj, Uttar Pradesh, IN"
1279027,Alibag,Maharashtra,IN,18.64813,72.87579,Asia/Kolkata,1,"Alibag, Maharashtra, IN"
1279045,Aldona,Goa,IN,15.59337,73.87482,Asia/Kolkata,1,"Aldona, Goa, IN"
1279050,Alawalpur,Punjab,IN,31.43161,75.65614,Asia/Kolkata,1,"Alawalpur, Punjab, IN"
1278985,Alappuzha,Kerala,IN,9.49004,76.3264,Asia/Kolkata,1,"Alappuzha, Kerala, IN"
1279056,Alappakkam,Tamil Nadu,IN,11.59895,79.71893,Asia/Kolkata,1,"Alappakkam, Tamil Nadu, IN"
1279058,Alangulam,Tamil Nadu,IN,8.86404,77.49937,Asia/Kolkata,1,"Alangulam, Tamil Nadu, IN"
1279059,Alangudi,Tamil Nadu,IN,10.3606,78.98492,Asia/Kolkata,1,"Alangudi, Tamil Nadu, IN"
1279061,Alangayam,Tamil Nadu,IN,12.62235,78.75207,Asia/Kolkata,1,"Alangayam, Tamil Nadu, IN"
1279062,Alanganallur,Tamil Nadu,IN,10.04697,78.09033,Asia/Kolkata,1,"Alanganallur, Tamil Nadu, IN"
1279064,Alandur,Tamil Nadu,IN,13.0025,80.20611,Asia/Kolkata,1,"Alandur, Tamil Nadu, IN"
1279066,Alandi,Maharashtra,IN,18.67756,73.89868,Asia/Kolkata,1,"Alandi, Maharashtra, IN"
1279068,Aland,Karnataka,IN,17.56425,76.56854,Asia/Kolkata,1,"Aland, Karnataka, IN"
1279074,Alampur,Telangana,IN,15.87987,78.13352,Asia/Kolkata,1,"Alampur, Telangana, IN"
1279072,Alampur,Madhya Pradesh,IN,26.02514,78.79697,Asia/Kolkata,1,"Alampur, Madhya Pradesh, IN"
1279084,Alagapuram,Tamil Nadu,IN,11.88705,78.91758,Asia/Kolkata,1,"Alagapuram, Tamil Nadu, IN"
1279094,Akot,Maharashtra,IN,21.0963,77.0588,Asia/Kolkata,1,"Akot, Maharashtra, IN"
1279105,Akola,Maharashtra,IN,20.70957,76.9981,Asia/Kolkata,1,"Akola, Maharashtra, IN"
1279110,Akodia,Madhya Pradesh,IN,23.38027,76.59875,Asia/Kolkata,1,"Akodia, Madhya Pradesh, IN"
1279115,Aklera,Rajasthan,IN,24.41288,76.56719,Asia/Kolkata,1,"Aklera, Rajasthan, IN"
7302805,Akkarampalle,Andhra Pradesh,IN,13.65,79.42,Asia/Kolkata,1,"Akkarampalle, Andhra Pradesh, IN"
1279123,Akividu,Andhra Pradesh,IN,16.58225,81.38112,Asia/Kolkata,1,"Akividu, Andhra Pradesh, IN"
1279126,Akhnur,Jammu And Kashmir,IN,32.86667,74.73333,Asia/Kolkata,1,"Akhnur, Jammu And Kashmir, IN"
1279135,Akbarpur,Uttar Pradesh,IN,26.38371,79.94926,Asia/Kolkata,1,"Akbarpur, Uttar Pradesh, IN"
1279134,Akbarpur,Uttar Pradesh,IN,26.42953,82.53431,Asia/Kolkata,1,"Akbarpur, Uttar Pradesh, IN"
10770254,Akasahebpet,Andhra Pradesh,IN,17.50455,82.56597,Asia/Kolkata,1,"Akasahebpet, Andhra Pradesh, IN"
1279144,Akaltara,Chhattisgarh,IN,22.02463,82.42641,Asia/Kolkata,1,"Akaltara, Chhattisgarh, IN"
1279147,Akalkot,Maharashtra,IN,17.52532,76.20611,Asia/Kolkata,1,"Akalkot, Maharashtra, IN"
1279148,Akalgarh,Punjab,IN,29.82074,75.89078,Asia/Kolkata,1,"Akalgarh, Punjab, IN"
1279154,Ajra,Maharashtra,IN,16.11601,74.21097,Asia/Kolkata,1,"Ajra, Maharashtra, IN"
1278094,Ajodhya,Uttar Pradesh,IN,26.79909,82.2047,Asia/Kolkata,1,"Ajodhya, Uttar Pradesh, IN"
1279158,Ajnala,Punjab,IN,31.84473,74.76295,Asia/Kolkata,1,"Ajnala, Punjab, IN"
1279159,Ajmer,Rajasthan,IN,26.4521,74.63867,Asia/Kolkata,1,"Ajmer, Rajasthan, IN"
1279161,Ajjampur,Karnataka,IN,13.72794,76.0068,Asia/Kolkata,1,"Ajjampur, Karnataka, IN"
1279181,Ajaigarh,Madhya Pradesh,IN,24.89879,80.25921,Asia/Kolkata,1,"Ajaigarh, Madhya Pradesh, IN"
1279186,Aizawl,Mizoram,IN,23.72894,92.71791,Asia/Kolkata,1,"Aizawl, Mizoram, IN"
7302860,Aistala,West Bengal,IN,23.18,88.58,Asia/Kolkata,1,"Aistala, West Bengal, IN"
7279599,Airoli,Maharashtra,IN,19.15096,72.99625,Asia/Kolkata,1,"Airoli, Maharashtra, IN"
1279213,Ahwa,Gujarat,IN,20.75718,73.68626,Asia/Kolkata,1,"Ahwa, Gujarat, IN"
1279219,Ahraura,Uttar Pradesh,IN,25.01579,83.03294,Asia/Kolkata,1,"Ahraura, Uttar Pradesh, IN"
1279233,Ahmedabad,Gujarat,IN,23.02579,72.58727,Asia/Kolkata,1,"Ahmedabad, Gujarat, IN"
1279227,Ahmadpur,Maharashtra,IN,18.70622,76.93731,Asia/Kolkata,1,"Ahmadpur, Maharashtra, IN"
1279225,Ahmadpur,West Bengal,IN,23.83009,87.68661,Asia/Kolkata,1,"Ahmadpur, West Bengal, IN"
1279228,Ahmadnagar,Maharashtra,IN,19.09457,74.73843,Asia/Kolkata,1,"Ahmadnagar, Maharashtra, IN"
1279237,Ahiri,Maharashtra,IN,19.41386,80.00359,Asia/Kolkata,1,"Ahiri, Maharashtra, IN"
1279259,Agra,Uttar Pradesh,IN,27.18333,78.01667,Asia/Kolkata,1,"Agra, Uttar Pradesh, IN"
1279290,Agartala,Tripura,IN,23.83605,91.27939,Asia/Kolkata,1,"Agartala, Tripura, IN"
1279299,Agar,Madhya Pradesh,IN,23.71177,76.01571,Asia/Kolkata,1,"Agar, Madhya Pradesh, IN"
1279306,Afzalpur,Karnataka,IN,17.19986,76.36018,Asia/Kolkata,1,"Afzalpur, Karnataka, IN"
1279307,Afzalgarh,Uttar Pradesh,IN,29.3937,78.67393,Asia/Kolkata,1,"Afzalgarh, Uttar Pradesh, IN"
1279318,Aduthurai,Tamil Nadu,IN,11.01542,79.48093,Asia/Kolkata,1,"Aduthurai, Tamil Nadu, IN"
1279323,Adur,Kerala,IN,9.15595,76.73192,Asia/Kolkata,1,"Adur, Kerala, IN"
1279334,Adra,West Bengal,IN,23.49668,86.68363,Asia/Kolkata,1,"Adra, West Bengal, IN"
1279335,Adoni,Andhra Pradesh,IN,15.62788,77.27495,Asia/Kolkata,1,"Adoni, Andhra Pradesh, IN"
1278204,Adirampattinam,Tamil Nadu,IN,10.34059,79.37905,Asia/Kolkata,1,"Adirampattinam, Tamil Nadu, IN"
1279344,Adilabad,Telangana,IN,19.67203,78.5359,Asia/Kolkata,1,"Adilabad, Telangana, IN"
1279356,Addanki,Andhra Pradesh,IN,15.81061,79.97338,Asia/Kolkata,1,"Addanki, Andhra Pradesh, IN"
1462733,Adampur,Punjab,IN,31.43224,75.71484,Asia/Kolkata,1,"Adampur, Punjab, IN"
1279373,Adalaj,Gujarat,IN,23.16453,72.58107,Asia/Kolkata,1,"Adalaj, Gujarat, IN"
1279382,Achhnera,Uttar Pradesh,IN,27.17826,77.75674,Asia/Kolkata,1,"Achhnera, Uttar Pradesh, IN"
1279390,Achalpur,Maharashtra,IN,21.25665,77.51006,Asia/Kolkata,1,"Achalpur, Maharashtra, IN"
1279394,Abu Road,Rajasthan,IN,24.48012,72.78186,Asia/Kolkata,1,"Abu Road, Rajasthan, IN"
1277759,Byndoor,Karnataka,IN,13.86667,74.63333,Asia/Kolkata,1,"Byndoor, Karnataka, IN"
1275016,Byadgi,Karnataka,IN,14.67325,75.4868,Asia/Kolkata,1,"Byadgi, Karnataka, IN"
1275019,Buxar,Bihar,IN,25.57548,83.98043,Asia/Kolkata,1,"Buxar, Bihar, IN"
1275050,Burla,Odisha,IN,21.50976,83.87259,Asia/Kolkata,1,"Burla, Odisha, IN"
1275053,Buriya,Haryana,IN,30.15911,77.35814,Asia/Kolkata,1,"Buriya, Haryana, IN"
1275066,Burhar,Madhya Pradesh,IN,23.21494,81.53204,Asia/Kolkata,1,"Burhar, Madhya Pradesh, IN"
1275068,Burhanpur,Madhya Pradesh,IN,21.30868,76.23026,Asia/Kolkata,1,"Burhanpur, Madhya Pradesh, IN"
1275097,Bundu,Jharkhand,IN,23.16095,85.59007,Asia/Kolkata,1,"Bundu, Jharkhand, IN"
1275103,Bundi,Rajasthan,IN,25.43855,75.63735,Asia/Kolkata,1,"Bundi, Rajasthan, IN"
1275117,Buldana,Maharashtra,IN,20.52933,76.18457,Asia/Kolkata,1,"Buldana, Maharashtra, IN"
1275120,Bulandshahr,Uttar Pradesh,IN,28.40392,77.85773,Asia/Kolkata,1,"Bulandshahr, Uttar Pradesh, IN"
1275132,Buguda,Odisha,IN,19.80806,84.79084,Asia/Kolkata,1,"Buguda, Odisha, IN"
1275147,Budhlada,Punjab,IN,29.92799,75.56205,Asia/Kolkata,1,"Budhlada, Punjab, IN"
1275152,Budhana,Uttar Pradesh,IN,29.28805,77.47534,Asia/Kolkata,1,"Budhana, Uttar Pradesh, IN"
1277723,Budge Budge,West Bengal,IN,22.48275,88.18176,Asia/Kolkata,1,"Budge Budge, West Bengal, IN"
1275389,Buddh Gaya,Bihar,IN,24.69808,84.9869,Asia/Kolkata,1,"Buddh Gaya, Bihar, IN"
1275163,Budaun,Uttar Pradesh,IN,28.03811,79.12668,Asia/Kolkata,1,"Budaun, Uttar Pradesh, IN"
1275194,Brajarajnagar,Odisha,IN,21.81667,83.91667,Asia/Kolkata,1,"Brajarajnagar, Odisha, IN"
1275198,Brahmapur,Odisha,IN,19.31151,84.7929,Asia/Kolkata,1,"Brahmapur, Odisha, IN"
1275218,Botad,Gujarat,IN,22.16917,71.66671,Asia/Kolkata,1,"Botad, Gujarat, IN"
1275230,Borsad,Gujarat,IN,22.40788,72.89817,Asia/Kolkata,1,"Borsad, Gujarat, IN"
1442037,Borkhera,Rajasthan,IN,25.52115,75.64028,Asia/Kolkata,1,"Borkhera, Rajasthan, IN"
1275248,Borivli,Maharashtra,IN,19.23496,72.85976,Asia/Kolkata,1,"Borivli, Maharashtra, IN"
1275321,Bongaigaon,Assam,IN,26.47703,90.55815,Asia/Kolkata,1,"Bongaigaon, Assam, IN"
1275334,Bomdila,Arunachal Pradesh,IN,27.26475,92.42472,Asia/Kolkata,1,"Bomdila, Arunachal Pradesh, IN"
1275346,Bolpur,West Bengal,IN,23.66278,87.69695,Asia/Kolkata,1,"Bolpur, West Bengal, IN"
1275354,Bolanikhodan,Odisha,IN,22.11312,85.33645,Asia/Kolkata,1,"Bolanikhodan, Odisha, IN"
1275362,Bokaro,Jharkhand,IN,23.78707,85.95644,Asia/Kolkata,1,"Bokaro, Jharkhand, IN"
1275363,Bokakhat,Assam,IN,26.64018,93.60052,Asia/Kolkata,1,"Bokakhat, Assam, IN"
1275364,Bokajan,Assam,IN,26.02131,93.77945,Asia/Kolkata,1,"Bokajan, Assam, IN"
1275368,Boisar,Maharashtra,IN,19.80362,72.75598,Asia/Kolkata,1,"Boisar, Maharashtra, IN"
1275384,Bodri,Madhya Pradesh,IN,23.16524,81.43262,Asia/Kolkata,1,"Bodri, Madhya Pradesh, IN"
1275388,Bodinayakkanur,Tamil Nadu,IN,10.01171,77.34976,Asia/Kolkata,1,"Bodinayakkanur, Tamil Nadu, IN"
1275391,Bodhan,Telangana,IN,18.66208,77.88581,Asia/Kolkata,1,"Bodhan, Telangana, IN"
1275406,Bobbili,Andhra Pradesh,IN,18.57366,83.35925,Asia/Kolkata,1,"Bobbili, Andhra Pradesh, IN"
1275426,Bithur,Uttar Pradesh,IN,26.60664,80.27098,Asia/Kolkata,1,"Bithur, Uttar Pradesh, IN"
8541454,Biswanath Chariali,Assam,IN,26.72577,93.14659,Asia/Kolkata,1,"Biswanath Chariali, Assam, IN"
1275435,Biswan,Uttar Pradesh,IN,27.49581,80.99618,Asia/Kolkata,1,"Biswan, Uttar Pradesh, IN"
1275441,Bissau,Rajasthan,IN,28.24737,75.07666,Asia/Kolkata,1,"Bissau, Rajasthan, IN"
1264435,Bishunpur Urf Maharajganj,Uttar Pradesh,IN,26.25914,83.11643,Asia/Kolkata,1,"Bishunpur Urf Maharajganj, Uttar Pradesh, IN"
11875607,Bishramganj,Tripura,IN,23.60582,91.34355,Asia/Kolkata,1,"Bishramganj, Tripura, IN"
8740324,Bishnupur,Manipur,IN,24.62845,93.76179,Asia/Kolkata,1,"Bishnupur, Manipur, IN"
1275462,Bishnupur,West Bengal,IN,23.0738,87.31991,Asia/Kolkata,1,"Bishnupur, West Bengal, IN"
1275466,Bishnah,Jammu And Kashmir,IN,32.6106,74.85557,Asia/Kolkata,1,"Bishnah, Jammu And Kashmir, IN"
1275474,Bisenda Buzurg,Uttar Pradesh,IN,25.4035,80.61889,Asia/Kolkata,1,"Bisenda Buzurg, Uttar Pradesh, IN"
1275476,Bisauli,Uttar Pradesh,IN,28.30772,78.93678,Asia/Kolkata,1,"Bisauli, Uttar Pradesh, IN"
1275481,Bisalpur,Uttar Pradesh,IN,28.29253,79.80472,Asia/Kolkata,1,"Bisalpur, Uttar Pradesh, IN"
1275488,Birur,Karnataka,IN,13.59723,75.97167,Asia/Kolkata,1,"Birur, Karnataka, IN"
1275499,Birpur,Bihar,IN,26.50823,87.01194,Asia/Kolkata,1,"Birpur, Bihar, IN"
7284803,Birpara,West Bengal,IN,26.70421,89.14547,Asia/Kolkata,1,"Birpara, West Bengal, IN"
1275506,Birmitrapur,Odisha,IN,22.4,84.76667,Asia/Kolkata,1,"Birmitrapur, Odisha, IN"
1275526,Birbhaddar,Uttarakhand,IN,30.0712,78.28189,Asia/Kolkata,1,"Birbhaddar, Uttarakhand, IN"
1275558,Binka,Odisha,IN,21.02626,83.81197,Asia/Kolkata,1,"Binka, Odisha, IN"
1275572,Bindki,Uttar Pradesh,IN,26.03613,80.57617,Asia/Kolkata,1,"Bindki, Uttar Pradesh, IN"
1275589,Bilthra,Uttar Pradesh,IN,26.12705,83.89148,Asia/Kolkata,1,"Bilthra, Uttar Pradesh, IN"
1275590,Bilsi,Uttar Pradesh,IN,28.12941,78.9109,Asia/Kolkata,1,"Bilsi, Uttar Pradesh, IN"
1275593,Bilsanda,Uttar Pradesh,IN,28.24341,79.95135,Asia/Kolkata,1,"Bilsanda, Uttar Pradesh, IN"
1275601,Biloli,Maharashtra,IN,18.77385,77.72463,Asia/Kolkata,1,"Biloli, Maharashtra, IN"
1275609,Bilkha,Gujarat,IN,21.4415,70.60063,Asia/Kolkata,1,"Bilkha, Gujarat, IN"
1275610,Bilimora,Gujarat,IN,20.76957,72.96134,Asia/Kolkata,1,"Bilimora, Gujarat, IN"
1275614,Bilhaur,Uttar Pradesh,IN,26.84345,80.06388,Asia/Kolkata,1,"Bilhaur, Uttar Pradesh, IN"
1275618,Bilgram,Uttar Pradesh,IN,27.17509,80.03201,Asia/Kolkata,1,"Bilgram, Uttar Pradesh, IN"
1275619,Bilgi,Karnataka,IN,16.34714,75.61804,Asia/Kolkata,1,"Bilgi, Karnataka, IN"
1275637,Bilaspur,Chhattisgarh,IN,22.08005,82.15543,Asia/Kolkata,1,"Bilaspur, Chhattisgarh, IN"
1275635,Bilaspur,Uttar Pradesh,IN,28.39128,77.62421,Asia/Kolkata,1,"Bilaspur, Uttar Pradesh, IN"
1275634,Bilaspur,Uttar Pradesh,IN,28.88655,79.2703,Asia/Kolkata,1,"Bilaspur, Uttar Pradesh, IN"
1275633,Bilaspur,Haryana,IN,30.3045,77.30424,Asia/Kolkata,1,"Bilaspur, Haryana, IN"
1275631,Bilaspur,Himachal Pradesh,IN,31.33027,76.75663,Asia/Kolkata,1,"Bilaspur, Himachal Pradesh, IN"
1275641,Bilasipara,Assam,IN,26.23285,90.2341,Asia/Kolkata,1,"Bilasipara, Assam, IN"
1275645,Bilariaganj,Uttar Pradesh,IN,26.19593,83.2269,Asia/Kolkata,1,"Bilariaganj, Uttar Pradesh, IN"
1275646,Bilari,Uttar Pradesh,IN,28.62146,78.80361,Asia/Kolkata,1,"Bilari, Uttar Pradesh, IN"
1275647,Bilara,Rajasthan,IN,26.18067,73.7055,Asia/Kolkata,1,"Bilara, Rajasthan, IN"
1275655,Bikramganj,Bihar,IN,25.21073,84.25508,Asia/Kolkata,1,"Bikramganj, Bihar, IN"
1275661,Bikapur,Uttar Pradesh,IN,26.59534,82.13272,Asia/Kolkata,1,"Bikapur, Uttar Pradesh, IN"
1275665,Bikaner,Rajasthan,IN,28.01762,73.31495,Asia/Kolkata,1,"Bikaner, Rajasthan, IN"
1275674,Bijrauni,Madhya Pradesh,IN,24.93296,77.64352,Asia/Kolkata,1,"Bijrauni, Madhya Pradesh, IN"
1275679,Bijnor,Uttar Pradesh,IN,29.373,78.13636,Asia/Kolkata,1,"Bijnor, Uttar Pradesh, IN"
1275682,Bijni,Assam,IN,26.49588,90.70298,Asia/Kolkata,1,"Bijni, Assam, IN"
1275692,Bijbehara,Jammu And Kashmir,IN,33.79378,75.107,Asia/Kolkata,1,"Bijbehara, Jammu And Kashmir, IN"
1275694,Bijawar,Madhya Pradesh,IN,24.62351,79.48994,Asia/Kolkata,1,"Bijawar, Madhya Pradesh, IN"
1275701,Bijapur,Karnataka,IN,16.82442,75.71537,Asia/Kolkata,1,"Bijapur, Karnataka, IN"
1275713,Bihpuriagaon,Assam,IN,27.01718,93.91673,Asia/Kolkata,1,"Bihpuriagaon, Assam, IN"
1275719,Bihariganj,Bihar,IN,25.73415,86.98837,Asia/Kolkata,1,"Bihariganj, Bihar, IN"
1275716,Bihar Sharif,Bihar,IN,25.20084,85.52389,Asia/Kolkata,1,"Bihar Sharif, Bihar, IN"
1275722,Bighapur Khurd,Uttar Pradesh,IN,26.34734,80.65698,Asia/Kolkata,1,"Bighapur Khurd, Uttar Pradesh, IN"
1275732,Bidhuna,Uttar Pradesh,IN,26.80172,79.50829,Asia/Kolkata,1,"Bidhuna, Uttar Pradesh, IN"
1275738,Bidar,Karnataka,IN,17.90802,77.51524,Asia/Kolkata,1,"Bidar, Karnataka, IN"
1275762,Biaora,Madhya Pradesh,IN,23.9205,76.91074,Asia/Kolkata,1,"Biaora, Madhya Pradesh, IN"
1275778,Bhusaval,Maharashtra,IN,21.04365,75.78506,Asia/Kolkata,1,"Bhusaval, Maharashtra, IN"
11875608,Bhupalpally,Telangana,IN,18.21314,79.92729,Asia/Kolkata,1,"Bhupalpally, Telangana, IN"
1275803,Bhuma,Rajasthan,IN,27.78333,74.93333,Asia/Kolkata,1,"Bhuma, Rajasthan, IN"
1275804,Bhum,Maharashtra,IN,18.45908,75.65877,Asia/Kolkata,1,"Bhum, Maharashtra, IN"
1275859,Bhulath Gharbi,Punjab,IN,31.54279,75.50755,Asia/Kolkata,1,"Bhulath Gharbi, Punjab, IN"
1275812,Bhuj,Gujarat,IN,23.25397,69.66928,Asia/Kolkata,1,"Bhuj, Gujarat, IN"
1275814,Bhudgaon,Maharashtra,IN,16.90742,74.59954,Asia/Kolkata,1,"Bhudgaon, Maharashtra, IN"
1275817,Bhubaneshwar,Odisha,IN,20.27241,85.83385,Asia/Kolkata,1,"Bhubaneshwar, Odisha, IN"
1275818,Bhuban,Odisha,IN,20.88197,85.83334,Asia/Kolkata,1,"Bhuban, Odisha, IN"
1275826,Bhowali,Uttarakhand,IN,29.38985,79.50481,Asia/Kolkata,1,"Bhowali, Uttarakhand, IN"
1275836,Bhor,Maharashtra,IN,18.14861,73.84336,Asia/Kolkata,1,"Bhor, Maharashtra, IN"
1275841,Bhopal,Madhya Pradesh,IN,23.25469,77.40289,Asia/Kolkata,1,"Bhopal, Madhya Pradesh, IN"
1273379,Daulatpur,West Bengal,IN,25.32605,88.32989,Asia/Kolkata,1,"Daulatpur, West Bengal, IN"
1273378,Daulatpur,Himachal Pradesh,IN,31.78871,75.99154,Asia/Kolkata,1,"Daulatpur, Himachal Pradesh, IN"
1273377,Daulatpur,Himachal Pradesh,IN,32.05622,76.26101,Asia/Kolkata,1,"Daulatpur, Himachal Pradesh, IN"
1273383,Daulatabad,Maharashtra,IN,19.93611,75.22148,Asia/Kolkata,1,"Daulatabad, Maharashtra, IN"
1273390,Daudnagar,Bihar,IN,25.03473,84.40095,Asia/Kolkata,1,"Daudnagar, Bihar, IN"
1273397,Dattapur,Maharashtra,IN,20.78075,78.1407,Asia/Kolkata,1,"Dattapur, Maharashtra, IN"
1273403,Datia,Madhya Pradesh,IN,25.67312,78.45908,Asia/Kolkata,1,"Datia, Madhya Pradesh, IN"
1273409,Dataganj,Uttar Pradesh,IN,28.0253,79.40819,Asia/Kolkata,1,"Dataganj, Uttar Pradesh, IN"
1273410,Dasuya,Punjab,IN,31.81679,75.6531,Asia/Kolkata,1,"Dasuya, Punjab, IN"
7302812,Dasnapur,Telangana,IN,19.65399,78.51213,Asia/Kolkata,1,"Dasnapur, Telangana, IN"
1273416,Dasna,Uttar Pradesh,IN,28.67736,77.52252,Asia/Kolkata,1,"Dasna, Uttar Pradesh, IN"
9199850,Dasarahalli,Karnataka,IN,13.09904,77.83204,Asia/Kolkata,1,"Dasarahalli, Karnataka, IN"
1273434,Daryapur,Maharashtra,IN,20.92489,77.32644,Asia/Kolkata,1,"Daryapur, Maharashtra, IN"
1273440,Darwha,Maharashtra,IN,20.31017,77.77257,Asia/Kolkata,1,"Darwha, Maharashtra, IN"
1273448,Darsi,Andhra Pradesh,IN,15.76978,79.67939,Asia/Kolkata,1,"Darsi, Andhra Pradesh, IN"
1273463,Darlawn,Mizoram,IN,24.01336,92.92439,Asia/Kolkata,1,"Darlawn, Mizoram, IN"
1273467,Darjiling,West Bengal,IN,27.03333,88.26667,Asia/Kolkata,1,"Darjiling, West Bengal, IN"
1273473,Dariba,Rajasthan,IN,24.94865,74.1342,Asia/Kolkata,1,"Dariba, Rajasthan, IN"
1273491,Darbhanga,Bihar,IN,26.15216,85.89707,Asia/Kolkata,1,"Darbhanga, Bihar, IN"
1273534,Dankaur,Uttar Pradesh,IN,28.35121,77.55508,Asia/Kolkata,1,"Dankaur, Uttar Pradesh, IN"
1273574,Dandeli,Karnataka,IN,15.26667,74.61667,Asia/Kolkata,1,"Dandeli, Karnataka, IN"
1273587,Damoh,Madhya Pradesh,IN,23.83312,79.4419,Asia/Kolkata,1,"Damoh, Madhya Pradesh, IN"
1273593,Damnagar,Gujarat,IN,21.69232,71.51747,Asia/Kolkata,1,"Damnagar, Gujarat, IN"
1273618,Daman,Dadra And Nagar Haveli And Daman And Diu,IN,20.41431,72.83236,Asia/Kolkata,1,"Daman, Dadra And Nagar Haveli And Daman And Diu, IN"
1272243,Dam Dam,West Bengal,IN,22.63341,88.42286,Asia/Kolkata,1,"Dam Dam, West Bengal, IN"
1273626,Daltonganj,Jharkhand,IN,24.03971,84.0658,Asia/Kolkata,1,"Daltonganj, Jharkhand, IN"
1273628,Dalsingh Sarai,Bihar,IN,25.66795,85.83636,Asia/Kolkata,1,"Dalsingh Sarai, Bihar, IN"
1273637,Dalmau,Uttar Pradesh,IN,26.06477,81.0298,Asia/Kolkata,1,"Dalmau, Uttar Pradesh, IN"
1273642,Dalkola,West Bengal,IN,25.87577,87.84009,Asia/Kolkata,1,"Dalkola, West Bengal, IN"
1273648,Dalhousie,Himachal Pradesh,IN,32.55219,75.94663,Asia/Kolkata,1,"Dalhousie, Himachal Pradesh, IN"
1273665,Dakor,Gujarat,IN,22.75268,73.14967,Asia/Kolkata,1,"Dakor, Gujarat, IN"
1273673,Daitari,Odisha,IN,21.1,85.75,Asia/Kolkata,1,"Daitari, Odisha, IN"
1273704,Dahegam,Gujarat,IN,23.16903,72.82161,Asia/Kolkata,1,"Dahegam, Gujarat, IN"
1273708,Dahanu,Maharashtra,IN,19.96778,72.71263,Asia/Kolkata,1,"Dahanu, Maharashtra, IN"
1273712,Dagshai,Himachal Pradesh,IN,30.88431,77.05228,Asia/Kolkata,1,"Dagshai, Himachal Pradesh, IN"
1273724,Dadri,Uttar Pradesh,IN,28.55257,77.55403,Asia/Kolkata,1,"Dadri, Uttar Pradesh, IN"
1273727,Dadra,Dadra And Nagar Haveli And Daman And Diu,IN,20.32504,72.96618,Asia/Kolkata,1,"Dadra, Dadra And Nagar Haveli And Daman And Diu, IN"
1273745,Dabwali,Haryana,IN,29.94906,74.73832,Asia/Kolkata,1,"Dabwali, Haryana, IN"
1273751,Dabra,Madhya Pradesh,IN,25.88572,78.33221,Asia/Kolkata,1,"Dabra, Madhya Pradesh, IN"
1273756,Daboh,Madhya Pradesh,IN,26.00239,78.87658,Asia/Kolkata,1,"Daboh, Madhya Pradesh, IN"
1273765,Dabhol,Maharashtra,IN,17.58971,73.18001,Asia/Kolkata,1,"Dabhol, Maharashtra, IN"
1273766,Dabhoi,Gujarat,IN,22.18333,73.43333,Asia/Kolkata,1,"Dabhoi, Gujarat, IN"
1273780,Cuttack,Odisha,IN,20.46497,85.87927,Asia/Kolkata,1,"Cuttack, Odisha, IN"
1273784,Curti,Goa,IN,15.41667,74.01667,Asia/Kolkata,1,"Curti, Goa, IN"
1273788,Curchorem,Goa,IN,15.26349,74.10875,Asia/Kolkata,1,"Curchorem, Goa, IN"
1273793,Cuncolim,Goa,IN,15.1773,73.99392,Asia/Kolkata,1,"Cuncolim, Goa, IN"
1273795,Cumbum,Andhra Pradesh,IN,15.58171,79.11059,Asia/Kolkata,1,"Cumbum, Andhra Pradesh, IN"
1268246,Cumbum,Tamil Nadu,IN,9.73647,77.2847,Asia/Kolkata,1,"Cumbum, Tamil Nadu, IN"
1273800,Cuddapah,Andhra Pradesh,IN,14.47995,78.82346,Asia/Kolkata,1,"Cuddapah, Andhra Pradesh, IN"
1273802,Cuddalore,Tamil Nadu,IN,11.75617,79.76693,Asia/Kolkata,1,"Cuddalore, Tamil Nadu, IN"
1273817,Cortalim,Goa,IN,15.40247,73.90881,Asia/Kolkata,1,"Cortalim, Goa, IN"
1273834,Coondapoor,Karnataka,IN,13.63126,74.6902,Asia/Kolkata,1,"Coondapoor, Karnataka, IN"
1344069,Contai,West Bengal,IN,21.77985,87.74892,Asia/Kolkata,1,"Contai, West Bengal, IN"
1273847,Colva,Goa,IN,15.27976,73.92285,Asia/Kolkata,1,"Colva, Goa, IN"
1273848,Colovale,Goa,IN,15.63522,73.82426,Asia/Kolkata,1,"Colovale, Goa, IN"
1273850,Colonelganj,Uttar Pradesh,IN,27.13432,81.69868,Asia/Kolkata,1,"Colonelganj, Uttar Pradesh, IN"
1273856,Colgong,Bihar,IN,25.26328,87.23264,Asia/Kolkata,1,"Colgong, Bihar, IN"
1266322,Colachel,Tamil Nadu,IN,8.17938,77.25818,Asia/Kolkata,1,"Colachel, Tamil Nadu, IN"
1273865,Coimbatore,Tamil Nadu,IN,11.00555,76.96612,Asia/Kolkata,1,"Coimbatore, Tamil Nadu, IN"
1273874,Cochin,Kerala,IN,9.93988,76.26022,Asia/Kolkata,1,"Cochin, Kerala, IN"
1258744,Closepet,Karnataka,IN,12.72181,77.28149,Asia/Kolkata,1,"Closepet, Karnataka, IN"
1273880,Clement Town,Uttarakhand,IN,30.26361,78.00862,Asia/Kolkata,1,"Clement Town, Uttarakhand, IN"
1273892,Churu,Rajasthan,IN,28.30415,74.96718,Asia/Kolkata,1,"Churu, Rajasthan, IN"
1273909,Churachandpur,Manipur,IN,24.33353,93.66999,Asia/Kolkata,1,"Churachandpur, Manipur, IN"
1273923,Chunar,Uttar Pradesh,IN,25.12776,82.8821,Asia/Kolkata,1,"Chunar, Uttar Pradesh, IN"
1273954,Chuari Khas,Himachal Pradesh,IN,32.43058,76.01428,Asia/Kolkata,1,"Chuari Khas, Himachal Pradesh, IN"
6941535,Chowari,Himachal Pradesh,IN,32.4319,76.012,Asia/Kolkata,1,"Chowari, Himachal Pradesh, IN"
1273960,Chotila,Gujarat,IN,22.42347,71.19641,Asia/Kolkata,1,"Chotila, Gujarat, IN"
1273978,Chorhat,Madhya Pradesh,IN,24.42743,81.66948,Asia/Kolkata,1,"Chorhat, Madhya Pradesh, IN"
1273992,Chopda,Maharashtra,IN,21.24578,75.29946,Asia/Kolkata,1,"Chopda, Maharashtra, IN"
1273993,Chopan,Uttar Pradesh,IN,24.51954,83.02287,Asia/Kolkata,1,"Chopan, Uttar Pradesh, IN"
1274006,Cholapuram,Tamil Nadu,IN,9.35193,77.56839,Asia/Kolkata,1,"Cholapuram, Tamil Nadu, IN"
1274020,Chodavaram,Andhra Pradesh,IN,17.82884,82.93526,Asia/Kolkata,1,"Chodavaram, Andhra Pradesh, IN"
1274032,Chittur,Kerala,IN,10.69967,76.7471,Asia/Kolkata,1,"Chittur, Kerala, IN"
1274033,Chittoor,Andhra Pradesh,IN,13.21055,79.0956,Asia/Kolkata,1,"Chittoor, Andhra Pradesh, IN"
1274040,Chittaurgarh,Rajasthan,IN,24.88963,74.62403,Asia/Kolkata,1,"Chittaurgarh, Rajasthan, IN"
1274055,Chittarkonda,Odisha,IN,18.12533,82.1089,Asia/Kolkata,1,"Chittarkonda, Odisha, IN"
1274043,Chittaranjan,West Bengal,IN,23.85681,86.90324,Asia/Kolkata,1,"Chittaranjan, West Bengal, IN"
1274056,Chitradurga,Karnataka,IN,14.22262,76.40038,Asia/Kolkata,1,"Chitradurga, Karnataka, IN"
1274077,Chitapur,Karnataka,IN,17.12357,77.0824,Asia/Kolkata,1,"Chitapur, Karnataka, IN"
1274098,Chiria,Jharkhand,IN,22.31093,85.27601,Asia/Kolkata,1,"Chiria, Jharkhand, IN"
1274099,Chirgaon,Uttar Pradesh,IN,25.57198,78.81432,Asia/Kolkata,1,"Chirgaon, Uttar Pradesh, IN"
1274106,Chirala,Andhra Pradesh,IN,15.82385,80.35219,Asia/Kolkata,1,"Chirala, Andhra Pradesh, IN"
1274116,Chipurupalle,Andhra Pradesh,IN,18.31142,83.56846,Asia/Kolkata,1,"Chipurupalle, Andhra Pradesh, IN"
1274119,Chiplun,Maharashtra,IN,17.53339,73.50935,Asia/Kolkata,1,"Chiplun, Maharashtra, IN"
1274129,Chintamani,Karnataka,IN,13.40051,78.05172,Asia/Kolkata,1,"Chintamani, Karnataka, IN"
1465595,Chinnasekkadu,Tamil Nadu,IN,13.16089,80.25727,Asia/Kolkata,1,"Chinnasekkadu, Tamil Nadu, IN"
1274151,Chinnamanur,Tamil Nadu,IN,9.83999,77.38109,Asia/Kolkata,1,"Chinnamanur, Tamil Nadu, IN"
7302830,Chinnachowk,Andhra Pradesh,IN,14.47516,78.8354,Asia/Kolkata,1,"Chinnachowk, Andhra Pradesh, IN"
1274146,Chinna Salem,Tamil Nadu,IN,11.63422,78.87412,Asia/Kolkata,1,"Chinna Salem, Tamil Nadu, IN"
1274169,Chincholi,Karnataka,IN,17.46508,77.41874,Asia/Kolkata,1,"Chincholi, Karnataka, IN"
1274172,Chinchinim,Goa,IN,15.21447,73.97555,Asia/Kolkata,1,"Chinchinim, Goa, IN"
1274175,Chinchani,Maharashtra,IN,19.87458,72.6851,Asia/Kolkata,1,"Chinchani, Maharashtra, IN"
1436610,Chima,Punjab,IN,30.6854,76.08643,Asia/Kolkata,1,"Chima, Punjab, IN"
1274195,Chillupar,Uttar Pradesh,IN,26.28221,83.5064,Asia/Kolkata,1,"Chillupar, Uttar Pradesh, IN"
1274213,Chilakalurupet,Andhra Pradesh,IN,16.08987,80.16705,Asia/Kolkata,1,"Chilakalurupet, Andhra Pradesh, IN"
1274218,Chikodi,Karnataka,IN,16.42898,74.58591,Asia/Kolkata,1,"Chikodi, Karnataka, IN"
1274219,Chiknayakanhalli,Karnataka,IN,13.41609,76.62063,Asia/Kolkata,1,"Chiknayakanhalli, Karnataka, IN"
1274220,Chikmagalur,Karnataka,IN,13.32231,75.774,Asia/Kolkata,1,"Chikmagalur, Karnataka, IN"
1274229,Chikitigarh,Odisha,IN,19.20233,84.6145,Asia/Kolkata,1,"Chikitigarh, Odisha, IN"
1274237,Chikhli,Maharashtra,IN,20.35046,76.25774,Asia/Kolkata,1,"Chikhli, Maharashtra, IN"
1274235,Chikhli,Gujarat,IN,20.75751,73.06268,Asia/Kolkata,1,"Chikhli, Gujarat, IN"
1274243,Chik Ballapur,Karnataka,IN,13.43512,77.72787,Asia/Kolkata,1,"Chik Ballapur, Karnataka, IN"
1274102,Chidawa,Rajasthan,IN,28.23937,75.64035,Asia/Kolkata,1,"Chidawa, Rajasthan, IN"
1274256,Chidambaram,Tamil Nadu,IN,11.39933,79.69144,Asia/Kolkata,1,"Chidambaram, Tamil Nadu, IN"
1274265,Chicholi,Maharashtra,IN,21.46926,79.70151,Asia/Kolkata,1,"Chicholi, Maharashtra, IN"
1274267,Chichli,Madhya Pradesh,IN,22.83363,78.82611,Asia/Kolkata,1,"Chichli, Madhya Pradesh, IN"
1274270,Chicalim,Goa,IN,15.39835,73.84216,Asia/Kolkata,1,"Chicalim, Goa, IN"
1441210,Chhutmalpur,Uttar Pradesh,IN,30.03209,77.75329,Asia/Kolkata,1,"Chhutmalpur, Uttar Pradesh, IN"
1274278,Chhuikhadan,Chhattisgarh,IN,21.52316,80.99788,Asia/Kolkata,1,"Chhuikhadan, Chhattisgarh, IN"
1274284,Chhoti Sadri,Rajasthan,IN,24.38145,74.7012,Asia/Kolkata,1,"Chhoti Sadri, Rajasthan, IN"
1274285,Chhota Udepur,Gujarat,IN,22.30401,74.0158,Asia/Kolkata,1,"Chhota Udepur, Gujarat, IN"
1274304,Chhindwara,Madhya Pradesh,IN,22.05697,78.93958,Asia/Kolkata,1,"Chhindwara, Madhya Pradesh, IN"
1274315,Chhibramau,Uttar Pradesh,IN,27.14872,79.50078,Asia/Kolkata,1,"Chhibramau, Uttar Pradesh, IN"
1274337,Chhatarpur,Madhya Pradesh,IN,24.9177,79.58871,Asia/Kolkata,1,"Chhatarpur, Madhya Pradesh, IN"
1274342,Chhatapur,Bihar,IN,26.21965,87.00479,Asia/Kolkata,1,"Chhatapur, Bihar, IN"
1274343,Chhata,Uttar Pradesh,IN,27.72374,77.5081,Asia/Kolkata,1,"Chhata, Uttar Pradesh, IN"
1274346,Chharra,Uttar Pradesh,IN,27.9247,78.40102,Asia/Kolkata,1,"Chharra, Uttar Pradesh, IN"
1274351,Chhaprauli,Uttar Pradesh,IN,29.20989,77.17454,Asia/Kolkata,1,"Chhaprauli, Uttar Pradesh, IN"
1274359,Chhapar,Rajasthan,IN,27.819,74.43936,Asia/Kolkata,1,"Chhapar, Rajasthan, IN"
1274369,Chhala,Gujarat,IN,23.30779,72.77404,Asia/Kolkata,1,"Chhala, Gujarat, IN"
1274380,Chhachhrauli,Haryana,IN,30.24492,77.36027,Asia/Kolkata,1,"Chhachhrauli, Haryana, IN"
1274381,Chhabra,Rajasthan,IN,24.66472,76.84379,Asia/Kolkata,1,"Chhabra, Rajasthan, IN"
1274383,Cheyyur,Tamil Nadu,IN,12.34948,80.00304,Asia/Kolkata,1,"Cheyyur, Tamil Nadu, IN"
1254322,Cheyyar,Tamil Nadu,IN,12.66052,79.54308,Asia/Kolkata,1,"Cheyyar, Tamil Nadu, IN"
1274468,Chetwayi,Kerala,IN,10.52885,76.04793,Asia/Kolkata,1,"Chetwayi, Kerala, IN"
1274389,Chettipalaiyam,Tamil Nadu,IN,10.91248,77.03699,Asia/Kolkata,1,"Chettipalaiyam, Tamil Nadu, IN"
1274394,Chetput,Tamil Nadu,IN,13.07,80.24083,Asia/Kolkata,1,"Chetput, Tamil Nadu, IN"
10792588,Cherthala,Kerala,IN,9.68444,76.33558,Asia/Kolkata,1,"Cherthala, Kerala, IN"
1274406,Cherrapunji,Meghalaya,IN,25.30089,91.69619,Asia/Kolkata,1,"Cherrapunji, Meghalaya, IN"
8504418,Cherpulassery,Kerala,IN,10.87655,76.30932,Asia/Kolkata,1,"Cherpulassery, Kerala, IN"
1274422,Chennimalai,Tamil Nadu,IN,11.16378,77.60388,Asia/Kolkata,1,"Chennimalai, Tamil Nadu, IN"
1264527,Chennai,Tamil Nadu,IN,13.08784,80.27847,Asia/Kolkata,1,"Chennai, Tamil Nadu, IN"
1274428,Chengannur,Kerala,IN,9.31575,76.61513,Asia/Kolkata,1,"Chengannur, Kerala, IN"
1274429,Chengam,Tamil Nadu,IN,12.30889,78.79137,Asia/Kolkata,1,"Chengam, Tamil Nadu, IN"
1274430,Chengalpattu,Tamil Nadu,IN,12.69184,79.97661,Asia/Kolkata,1,"Chengalpattu, Tamil Nadu, IN"
7302808,Chemmumiahpet,Andhra Pradesh,IN,15.89794,79.32129,Asia/Kolkata,1,"Chemmumiahpet, Andhra Pradesh, IN"
1274450,Chelakara,Kerala,IN,10.69289,76.34387,Asia/Kolkata,1,"Chelakara, Kerala, IN"
1274457,Chechat,Rajasthan,IN,24.76667,75.88333,Asia/Kolkata,1,"Chechat, Rajasthan, IN"
1274491,Chaupal,Himachal Pradesh,IN,30.94647,77.5884,Asia/Kolkata,1,"Chaupal, Himachal Pradesh, IN"
1274533,Chatrapur,Odisha,IN,19.35574,84.98359,Asia/Kolkata,1,"Chatrapur, Odisha, IN"
1274536,Chatra,Jharkhand,IN,24.20645,84.87085,Asia/Kolkata,1,"Chatra, Jharkhand, IN"
1274547,Chatakonda,Telangana,IN,17.55303,80.6477,Asia/Kolkata,1,"Chatakonda, Telangana, IN"
1274553,Chas,Jharkhand,IN,23.63556,86.16712,Asia/Kolkata,1,"Chas, Jharkhand, IN"
1274560,Charthawal,Uttar Pradesh,IN,29.54687,77.59438,Asia/Kolkata,1,"Charthawal, Uttar Pradesh, IN"
1274571,Charkhi Dadri,Haryana,IN,28.59166,76.27161,Asia/Kolkata,1,"Charkhi Dadri, Haryana, IN"
1274574,Charkhari,Uttar Pradesh,IN,25.40304,79.74877,Asia/Kolkata,1,"Charkhari, Uttar Pradesh, IN"
1274353,Chapra,Bihar,IN,25.78031,84.74709,Asia/Kolkata,1,"Chapra, Bihar, IN"
1274618,Chapar,Assam,IN,26.27266,90.44556,Asia/Kolkata,1,"Chapar, Assam, IN"
1274640,Channarayapatna,Karnataka,IN,12.90642,76.38775,Asia/Kolkata,1,"Channarayapatna, Karnataka, IN"
1274641,Channapatna,Karnataka,IN,12.65143,77.20672,Asia/Kolkata,1,"Channapatna, Karnataka, IN"
1274642,Channagiri,Karnataka,IN,14.02399,75.92577,Asia/Kolkata,1,"Channagiri, Karnataka, IN"
1274664,Changanacheri,Kerala,IN,9.44203,76.53604,Asia/Kolkata,1,"Changanacheri, Kerala, IN"
1274674,Chandur Bazar,Maharashtra,IN,21.23853,77.74713,Asia/Kolkata,1,"Chandur Bazar, Maharashtra, IN"
1445624,Chandur,Telangana,IN,17.87455,78.10017,Asia/Kolkata,1,"Chandur, Telangana, IN"
1274676,Chandur,Maharashtra,IN,19.73444,79.17167,Asia/Kolkata,1,"Chandur, Maharashtra, IN"
1274675,Chandur,Maharashtra,IN,20.81408,77.98015,Asia/Kolkata,1,"Chandur, Maharashtra, IN"
1274767,Chanduasi,Uttar Pradesh,IN,28.45178,78.78277,Asia/Kolkata,1,"Chanduasi, Uttar Pradesh, IN"
1274699,Chandrakona,West Bengal,IN,22.73333,87.51667,Asia/Kolkata,1,"Chandrakona, West Bengal, IN"
1274714,Chandpur,Uttar Pradesh,IN,29.13489,78.27187,Asia/Kolkata,1,"Chandpur, Uttar Pradesh, IN"
1274673,Chandor,Maharashtra,IN,20.3306,74.24467,Asia/Kolkata,1,"Chandor, Maharashtra, IN"
1274735,Chandla,Madhya Pradesh,IN,25.07148,80.19294,Asia/Kolkata,1,"Chandla, Madhya Pradesh, IN"
1274743,Chandil,Jharkhand,IN,22.95745,86.05331,Asia/Kolkata,1,"Chandil, Jharkhand, IN"
1274746,Chandigarh,Chandigarh,IN,30.73629,76.7884,Asia/Kolkata,1,"Chandigarh, Chandigarh, IN"
1274747,Chandia,Madhya Pradesh,IN,23.65647,80.70911,Asia/Kolkata,1,"Chandia, Madhya Pradesh, IN"
1274755,Chanderi,Madhya Pradesh,IN,24.71312,78.13809,Asia/Kolkata,1,"Chanderi, Madhya Pradesh, IN"
11875592,Chandel,Manipur,IN,24.32987,94.00379,Asia/Kolkata,1,"Chandel, Manipur, IN"
1274761,Chandbali,Odisha,IN,20.77519,86.74139,Asia/Kolkata,1,"Chandbali, Odisha, IN"
1274770,Chandauli,Uttar Pradesh,IN,25.25803,83.26825,Asia/Kolkata,1,"Chandauli, Uttar Pradesh, IN"
1274784,Chandannagar,West Bengal,IN,22.86225,88.36796,Asia/Kolkata,1,"Chandannagar, West Bengal, IN"
1274693,Chanda,Maharashtra,IN,19.95076,79.29523,Asia/Kolkata,1,"Chanda, Maharashtra, IN"
1274807,Chanasma,Gujarat,IN,23.71472,72.11279,Asia/Kolkata,1,"Chanasma, Gujarat, IN"
1274821,Chamrajnagar,Karnataka,IN,11.92312,76.93949,Asia/Kolkata,1,"Chamrajnagar, Karnataka, IN"
1274822,Champua,Odisha,IN,22.06734,85.66463,Asia/Kolkata,1,"Champua, Odisha, IN"
1274824,Champawat,Uttarakhand,IN,29.33501,80.07783,Asia/Kolkata,1,"Champawat, Uttarakhand, IN"
1274837,Champa,Chhattisgarh,IN,22.03532,82.64234,Asia/Kolkata,1,"Champa, Chhattisgarh, IN"
1274848,Chamba,Himachal Pradesh,IN,32.55531,76.12647,Asia/Kolkata,1,"Chamba, Himachal Pradesh, IN"
1274861,Challapalle,Andhra Pradesh,IN,16.11756,80.93139,Asia/Kolkata,1,"Challapalle, Andhra Pradesh, IN"
1274862,Challakere,Karnataka,IN,14.318,76.65165,Asia/Kolkata,1,"Challakere, Karnataka, IN"
1274868,Chalisgaon,Maharashtra,IN,20.45781,75.01596,Asia/Kolkata,1,"Chalisgaon, Maharashtra, IN"
1274874,Chalala,Gujarat,IN,21.41073,71.16621,Asia/Kolkata,1,"Chalala, Gujarat, IN"
1274881,Chakulia,Jharkhand,IN,22.48301,86.71793,Asia/Kolkata,1,"Chakulia, Jharkhand, IN"
1274532,Chaksu,Rajasthan,IN,26.6051,75.94814,Asia/Kolkata,1,"Chaksu, Rajasthan, IN"
1274886,Chakrata,Uttarakhand,IN,30.70369,77.86386,Asia/Kolkata,1,"Chakrata, Uttarakhand, IN"
1274890,Chakradharpur,Jharkhand,IN,22.67611,85.62892,Asia/Kolkata,1,"Chakradharpur, Jharkhand, IN"
1274896,Chaklasi,Gujarat,IN,22.6532,72.94497,Asia/Kolkata,1,"Chaklasi, Gujarat, IN"
1274900,Chakia,Uttar Pradesh,IN,25.04891,83.22155,Asia/Kolkata,1,"Chakia, Uttar Pradesh, IN"
1274899,Chakia,Bihar,IN,26.41598,85.04665,Asia/Kolkata,1,"Chakia, Bihar, IN"
1348753,Chakapara,West Bengal,IN,22.63222,88.34861,Asia/Kolkata,1,"Chakapara, West Bengal, IN"
1274914,Chakan,Maharashtra,IN,18.76059,73.86351,Asia/Kolkata,1,"Chakan, Maharashtra, IN"
1274927,Chail,Uttar Pradesh,IN,25.42654,81.63198,Asia/Kolkata,1,"Chail, Uttar Pradesh, IN"
1274928,Chaibasa,Jharkhand,IN,22.55038,85.80249,Asia/Kolkata,1,"Chaibasa, Jharkhand, IN"
1274954,Chabua,Assam,IN,27.48253,95.17451,Asia/Kolkata,1,"Chabua, Assam, IN"
1274961,Cavelossim,Goa,IN,15.17255,73.94194,Asia/Kolkata,1,"Cavelossim, Goa, IN"
1274974,Carapur,Goa,IN,15.56588,73.98713,Asia/Kolkata,1,"Carapur, Goa, IN"
1267919,Captainganj,Uttar Pradesh,IN,26.9264,83.71334,Asia/Kolkata,1,"Captainganj, Uttar Pradesh, IN"
1274984,Canning,West Bengal,IN,22.31399,88.66508,Asia/Kolkata,1,"Canning, West Bengal, IN"
1274989,Candolim,Goa,IN,15.51807,73.76259,Asia/Kolkata,1,"Candolim, Goa, IN"
6697165,Canacona,Karnataka,IN,14.9959,74.05056,Asia/Kolkata,1,"Canacona, Karnataka, IN"
1273858,Calangute,Goa,IN,15.5439,73.7553,Asia/Kolkata,1,"Calangute, Goa, IN"
0,Chhattisgarh,MP,IN,21.2787,81.86605,Asia /kolkata,1,"Chhattisgarh, MP, IN"
1252653,Zunheboto,Nagaland,IN,25.96667,94.51667,Asia/Kolkata,1,"Zunheboto, Nagaland, IN"
1252668,Ziro,Arunachal Pradesh,IN,27.59497,93.83854,Asia/Kolkata,1,"Ziro, Arunachal Pradesh, IN"
7645176,Zira,Punjab,IN,30.96853,74.99106,Asia/Kolkata,1,"Zira, Punjab, IN"
1252692,Zamania,Uttar Pradesh,IN,25.41961,83.55786,Asia/Kolkata,1,"Zamania, Uttar Pradesh, IN"
1252698,Zaidpur,Uttar Pradesh,IN,26.83093,81.32929,Asia/Kolkata,1,"Zaidpur, Uttar Pradesh, IN"
1252699,Zahirabad,Telangana,IN,17.68138,77.60743,Asia/Kolkata,1,"Zahirabad, Telangana, IN"
1252702,Zafarabad,Uttar Pradesh,IN,25.69867,82.73354,Asia/Kolkata,1,"Zafarabad, Uttar Pradesh, IN"
1252714,Yol,Himachal Pradesh,IN,32.16423,76.19622,Asia/Kolkata,1,"Yol, Himachal Pradesh, IN"
1252738,Yeola,Maharashtra,IN,20.0424,74.48944,Asia/Kolkata,1,"Yeola, Maharashtra, IN"
1252744,Yellapur,Karnataka,IN,14.9637,74.70929,Asia/Kolkata,1,"Yellapur, Karnataka, IN"
1252745,Yellandu,Telangana,IN,17.59064,80.32146,Asia/Kolkata,1,"Yellandu, Telangana, IN"
1252753,Yelbarga,Karnataka,IN,15.61545,76.01184,Asia/Kolkata,1,"Yelbarga, Karnataka, IN"
1252756,Yelandur,Karnataka,IN,12.04629,77.03034,Asia/Kolkata,1,"Yelandur, Karnataka, IN"
1252758,Yelahanka,Karnataka,IN,13.10073,77.59632,Asia/Kolkata,1,"Yelahanka, Karnataka, IN"
1252770,Yavatmal,Maharashtra,IN,20.39324,78.13201,Asia/Kolkata,1,"Yavatmal, Maharashtra, IN"
1252773,Yaval,Maharashtra,IN,21.16772,75.69762,Asia/Kolkata,1,"Yaval, Maharashtra, IN"
1252783,Yarada,Andhra Pradesh,IN,17.65872,83.27419,Asia/Kolkata,1,"Yarada, Andhra Pradesh, IN"
7302853,Yanamalakuduru,Andhra Pradesh,IN,16.48531,80.66746,Asia/Kolkata,1,"Yanamalakuduru, Andhra Pradesh, IN"
1252795,Yanam,Andhra Pradesh,IN,16.73308,82.21364,Asia/Kolkata,1,"Yanam, Andhra Pradesh, IN"
1252797,Yamunanagar,Haryana,IN,30.12796,77.28371,Asia/Kolkata,1,"Yamunanagar, Haryana, IN"
1252810,Yairipok,Manipur,IN,24.67792,94.04767,Asia/Kolkata,1,"Yairipok, Manipur, IN"
1252822,Yadgir,Karnataka,IN,16.77007,77.13755,Asia/Kolkata,1,"Yadgir, Karnataka, IN"
1252840,Wokha,Nagaland,IN,26.09717,94.25817,Asia/Kolkata,1,"Wokha, Nagaland, IN"
7701509,Williamnagar,Meghalaya,IN,25.4955,90.6168,Asia/Kolkata,1,"Williamnagar, Meghalaya, IN"
1252885,Wer,Rajasthan,IN,27.0186,77.17636,Asia/Kolkata,1,"Wer, Rajasthan, IN"
1252887,Wellington,Tamil Nadu,IN,11.36552,76.78442,Asia/Kolkata,1,"Wellington, Tamil Nadu, IN"
1252892,Wazirganj,Uttar Pradesh,IN,28.21145,79.05665,Asia/Kolkata,1,"Wazirganj, Uttar Pradesh, IN"
1252908,Washim,Maharashtra,IN,20.11128,77.133,Asia/Kolkata,1,"Washim, Maharashtra, IN"
1252919,Warud,Maharashtra,IN,21.47101,78.26965,Asia/Kolkata,1,"Warud, Maharashtra, IN"
1252925,Warora,Maharashtra,IN,20.22885,79.00277,Asia/Kolkata,1,"Warora, Maharashtra, IN"
1252930,Waris Aliganj,Bihar,IN,25.0172,85.64047,Asia/Kolkata,1,"Waris Aliganj, Bihar, IN"
1252942,Wardha,Maharashtra,IN,20.73933,78.59784,Asia/Kolkata,1,"Wardha, Maharashtra, IN"
1252946,Waraseoni,Madhya Pradesh,IN,21.76184,80.04301,Asia/Kolkata,1,"Waraseoni, Madhya Pradesh, IN"
1252948,Warangal,Telangana,IN,18,79.58333,Asia/Kolkata,1,"Warangal, Telangana, IN"
1252956,Wanparti,Telangana,IN,16.36738,78.06889,Asia/Kolkata,1,"Wanparti, Telangana, IN"
1252958,Wankaner,Gujarat,IN,22.61198,70.94379,Asia/Kolkata,1,"Wankaner, Gujarat, IN"
1252960,Wani,Maharashtra,IN,20.05507,78.95313,Asia/Kolkata,1,"Wani, Maharashtra, IN"
1252964,Wangjing,Manipur,IN,24.58921,94.06386,Asia/Kolkata,1,"Wangjing, Manipur, IN"
1252997,Walajapet,Tamil Nadu,IN,12.9251,79.36626,Asia/Kolkata,1,"Walajapet, Tamil Nadu, IN"
1252998,Walajabad,Tamil Nadu,IN,12.79041,79.82358,Asia/Kolkata,1,"Walajabad, Tamil Nadu, IN"
1253013,Wai,Maharashtra,IN,17.95276,73.89058,Asia/Kolkata,1,"Wai, Maharashtra, IN"
1253024,Waghai,Gujarat,IN,20.77048,73.50074,Asia/Kolkata,1,"Waghai, Gujarat, IN"
1253041,Wadi,Karnataka,IN,17.05183,76.99048,Asia/Kolkata,1,"Wadi, Karnataka, IN"
1253052,Wadgaon,Maharashtra,IN,18.7392,73.63945,Asia/Kolkata,1,"Wadgaon, Maharashtra, IN"
1253074,Vyara,Gujarat,IN,21.11079,73.39365,Asia/Kolkata,1,"Vyara, Gujarat, IN"
1253077,Vuyyuru,Andhra Pradesh,IN,16.36307,80.84406,Asia/Kolkata,1,"Vuyyuru, Andhra Pradesh, IN"
1253079,Vrindavan,Uttar Pradesh,IN,27.58105,77.69662,Asia/Kolkata,1,"Vrindavan, Uttar Pradesh, IN"
1253080,Vriddhachalam,Tamil Nadu,IN,11.5183,79.32411,Asia/Kolkata,1,"Vriddhachalam, Tamil Nadu, IN"
1253084,Vizianagaram,Andhra Pradesh,IN,18.11692,83.41148,Asia/Kolkata,1,"Vizianagaram, Andhra Pradesh, IN"
1253091,Vite,Maharashtra,IN,17.27343,74.53792,Asia/Kolkata,1,"Vite, Maharashtra, IN"
1253095,Visnagar,Gujarat,IN,23.69855,72.5521,Asia/Kolkata,1,"Visnagar, Gujarat, IN"
1253105,Visavadar,Gujarat,IN,21.33954,70.74966,Asia/Kolkata,1,"Visavadar, Gujarat, IN"
1253102,Visakhapatnam,Andhra Pradesh,IN,17.68009,83.20161,Asia/Kolkata,1,"Visakhapatnam, Andhra Pradesh, IN"
1253113,Virudunagar,Tamil Nadu,IN,9.58509,77.95787,Asia/Kolkata,1,"Virudunagar, Tamil Nadu, IN"
1253115,Virpur,Gujarat,IN,23.1892,73.47987,Asia/Kolkata,1,"Virpur, Gujarat, IN"
1253133,Virar,Maharashtra,IN,19.45591,72.81136,Asia/Kolkata,1,"Virar, Maharashtra, IN"
1253132,Virajpet,Karnataka,IN,12.19644,75.80512,Asia/Kolkata,1,"Virajpet, Karnataka, IN"
1253147,Viraganur,Tamil Nadu,IN,11.47613,78.73553,Asia/Kolkata,1,"Viraganur, Tamil Nadu, IN"
1253150,Vinukonda,Andhra Pradesh,IN,16.0531,79.73964,Asia/Kolkata,1,"Vinukonda, Andhra Pradesh, IN"
1253162,Vinchia,Gujarat,IN,22.21027,71.37967,Asia/Kolkata,1,"Vinchia, Gujarat, IN"
1253166,Villupuram,Tamil Nadu,IN,11.93975,79.49244,Asia/Kolkata,1,"Villupuram, Tamil Nadu, IN"
1253175,Vilattikulam,Tamil Nadu,IN,9.13227,78.16635,Asia/Kolkata,1,"Vilattikulam, Tamil Nadu, IN"
1253177,Vikravandi,Tamil Nadu,IN,12.0369,79.54595,Asia/Kolkata,1,"Vikravandi, Tamil Nadu, IN"
1273943,Vikasnagar,Uttarakhand,IN,30.46944,77.77275,Asia/Kolkata,1,"Vikasnagar, Uttarakhand, IN"
1253182,Vikarabad,Telangana,IN,17.3381,77.90441,Asia/Kolkata,1,"Vikarabad, Telangana, IN"
1253184,Vijayawada,Andhra Pradesh,IN,16.50745,80.6466,Asia/Kolkata,1,"Vijayawada, Andhra Pradesh, IN"
1253186,Vijayapuri,Tamil Nadu,IN,11.2453,77.50066,Asia/Kolkata,1,"Vijayapuri, Tamil Nadu, IN"
1253193,Vijapur,Gujarat,IN,23.5623,72.74848,Asia/Kolkata,1,"Vijapur, Gujarat, IN"
1253200,Vidisha,Madhya Pradesh,IN,23.52604,77.81092,Asia/Kolkata,1,"Vidisha, Madhya Pradesh, IN"
1253216,Vettur,Kerala,IN,8.71742,76.72582,Asia/Kolkata,1,"Vettur, Kerala, IN"
1253217,Vettavalam,Tamil Nadu,IN,12.10769,79.24516,Asia/Kolkata,1,"Vettavalam, Tamil Nadu, IN"
1253219,Vettaikkaranpudur,Tamil Nadu,IN,10.56207,76.91305,Asia/Kolkata,1,"Vettaikkaranpudur, Tamil Nadu, IN"
1253220,Vetapalem,Andhra Pradesh,IN,15.78502,80.30663,Asia/Kolkata,1,"Vetapalem, Andhra Pradesh, IN"
1253237,Veraval,Gujarat,IN,20.9077,70.36786,Asia/Kolkata,1,"Veraval, Gujarat, IN"
1253242,Vepagunta,Andhra Pradesh,IN,17.77844,83.21577,Asia/Kolkata,1,"Vepagunta, Andhra Pradesh, IN"
1253251,Venkatagiri,Andhra Pradesh,IN,13.96005,79.58032,Asia/Kolkata,1,"Venkatagiri, Andhra Pradesh, IN"
1253257,Vengurla,Maharashtra,IN,15.86125,73.63182,Asia/Kolkata,1,"Vengurla, Maharashtra, IN"
1465868,Vengavasal,Tamil Nadu,IN,12.89911,80.169,Asia/Kolkata,1,"Vengavasal, Tamil Nadu, IN"
1253275,Vemalwada,Telangana,IN,18.46523,78.86894,Asia/Kolkata,1,"Vemalwada, Telangana, IN"
1253278,Velur,Tamil Nadu,IN,11.10825,78.00113,Asia/Kolkata,1,"Velur, Tamil Nadu, IN"
1253286,Vellore,Tamil Nadu,IN,12.9184,79.13255,Asia/Kolkata,1,"Vellore, Tamil Nadu, IN"
1466027,Vellanur,Tamil Nadu,IN,13.15804,80.10634,Asia/Kolkata,1,"Vellanur, Tamil Nadu, IN"
1253308,Velankanni,Tamil Nadu,IN,10.68333,79.83333,Asia/Kolkata,1,"Velankanni, Tamil Nadu, IN"
1253315,Vejalpur,Gujarat,IN,22.69021,73.56299,Asia/Kolkata,1,"Vejalpur, Gujarat, IN"
1253328,Vedasandur,Tamil Nadu,IN,10.53102,77.95019,Asia/Kolkata,1,"Vedasandur, Tamil Nadu, IN"
1253330,Vedaraniyam,Tamil Nadu,IN,10.37208,79.85095,Asia/Kolkata,1,"Vedaraniyam, Tamil Nadu, IN"
1253340,Vayalar,Kerala,IN,9.71158,76.33888,Asia/Kolkata,1,"Vayalar, Kerala, IN"
1253352,Vattalkundu,Tamil Nadu,IN,10.16069,77.75883,Asia/Kolkata,1,"Vattalkundu, Tamil Nadu, IN"
1253357,Vasudevanallur,Tamil Nadu,IN,9.24171,77.41177,Asia/Kolkata,1,"Vasudevanallur, Tamil Nadu, IN"
1253363,Vasind,Maharashtra,IN,19.40844,73.26285,Asia/Kolkata,1,"Vasind, Maharashtra, IN"
1253367,Vasco Da Gama,Goa,IN,15.39585,73.81568,Asia/Kolkata,1,"Vasco Da Gama, Goa, IN"
1253374,Vasa,Gujarat,IN,22.66079,72.75519,Asia/Kolkata,1,"Vasa, Gujarat, IN"
1253381,Vartej,Gujarat,IN,21.73947,72.06553,Asia/Kolkata,1,"Vartej, Gujarat, IN"
1253392,Varkala,Kerala,IN,8.7333,76.7167,Asia/Kolkata,1,"Varkala, Kerala, IN"
1253401,Varca,Goa,IN,15.23237,73.94311,Asia/Kolkata,1,"Varca, Goa, IN"
1253403,Varangaon,Maharashtra,IN,21.01767,75.91042,Asia/Kolkata,1,"Varangaon, Maharashtra, IN"
1253405,Varanasi,Uttar Pradesh,IN,25.31668,83.01041,Asia/Kolkata,1,"Varanasi, Uttar Pradesh, IN"
7279741,Vapi,Gujarat,IN,20.37175,72.90493,Asia/Kolkata,1,"Vapi, Gujarat, IN"
1253425,Vansada,Gujarat,IN,20.75817,73.36389,Asia/Kolkata,1,"Vansada, Gujarat, IN"
1253437,Vaniyambadi,Tamil Nadu,IN,12.68162,78.62014,Asia/Kolkata,1,"Vaniyambadi, Tamil Nadu, IN"
1253452,Vandavasi,Tamil Nadu,IN,12.50429,79.60556,Asia/Kolkata,1,"Vandavasi, Tamil Nadu, IN"
1253454,Vandalur,Tamil Nadu,IN,12.8924,80.08079,Asia/Kolkata,1,"Vandalur, Tamil Nadu, IN"
1253468,Valsad,Gujarat,IN,20.61013,72.93428,Asia/Kolkata,1,"Valsad, Gujarat, IN"
1253471,Valpoy,Goa,IN,15.53239,74.13671,Asia/Kolkata,1,"Valpoy, Goa, IN"
1253472,Valparai,Tamil Nadu,IN,10.32691,76.95116,Asia/Kolkata,1,"Valparai, Tamil Nadu, IN"
1253481,Vallam,Tamil Nadu,IN,10.71988,79.05981,Asia/Kolkata,1,"Vallam, Tamil Nadu, IN"
1253482,Vallabh Vidyanagar,Gujarat,IN,22.53333,72.9,Asia/Kolkata,1,"Vallabh Vidyanagar, Gujarat, IN"
1253490,Valavanur,Tamil Nadu,IN,11.92094,79.58239,Asia/Kolkata,1,"Valavanur, Tamil Nadu, IN"
1253504,Valangaiman,Tamil Nadu,IN,10.89012,79.39322,Asia/Kolkata,1,"Valangaiman, Tamil Nadu, IN"
1253512,Valabhipur,Gujarat,IN,21.88868,71.87935,Asia/Kolkata,1,"Valabhipur, Gujarat, IN"
1253544,Vaikam,Kerala,IN,9.74858,76.39637,Asia/Kolkata,1,"Vaikam, Kerala, IN"
1253545,Vaijapur,Maharashtra,IN,19.92672,74.7275,Asia/Kolkata,1,"Vaijapur, Maharashtra, IN"
1253559,Vaghodia,Gujarat,IN,22.30505,73.40016,Asia/Kolkata,1,"Vaghodia, Gujarat, IN"
7302453,Vagator,Goa,IN,15.59766,73.74496,Asia/Kolkata,1,"Vagator, Goa, IN"
1253573,Vadodara,Gujarat,IN,22.29941,73.20812,Asia/Kolkata,1,"Vadodara, Gujarat, IN"
1253577,Vadnagar,Gujarat,IN,23.78593,72.63893,Asia/Kolkata,1,"Vadnagar, Gujarat, IN"
1253578,Vadlapudi,Andhra Pradesh,IN,14.31119,79.8043,Asia/Kolkata,1,"Vadlapudi, Andhra Pradesh, IN"
7180617,Vadlamuru,Andhra Pradesh,IN,17.09545,82.16565,Asia/Kolkata,1,"Vadlamuru, Andhra Pradesh, IN"
1253579,Vadippatti,Tamil Nadu,IN,10.08481,77.96113,Asia/Kolkata,1,"Vadippatti, Tamil Nadu, IN"
1462711,Vadigenhalli,Karnataka,IN,13.29724,77.80184,Asia/Kolkata,1,"Vadigenhalli, Karnataka, IN"
1253595,Vadamadurai,Tamil Nadu,IN,10.44081,78.09784,Asia/Kolkata,1,"Vadamadurai, Tamil Nadu, IN"
1253127,Vadakku Viravanallur,Tamil Nadu,IN,8.69786,77.51916,Asia/Kolkata,1,"Vadakku Viravanallur, Tamil Nadu, IN"
1253605,Vadakku Valliyur,Tamil Nadu,IN,8.38286,77.61221,Asia/Kolkata,1,"Vadakku Valliyur, Tamil Nadu, IN"
1253610,Vada,Maharashtra,IN,19.65347,73.14811,Asia/Kolkata,1,"Vada, Maharashtra, IN"
8948694,V.S.K.Valasai (Dindigul-Dist.),Tamil Nadu,IN,10.31549,78.15141,Asia/Kolkata,1,"V.S.K.Valasai (Dindigul-Dist.), Tamil Nadu, IN"
1253621,Uttukkuli,Tamil Nadu,IN,11.16892,77.45431,Asia/Kolkata,1,"Uttukkuli, Tamil Nadu, IN"
1253623,Uttiramerur,Tamil Nadu,IN,12.61433,79.75748,Asia/Kolkata,1,"Uttiramerur, Tamil Nadu, IN"
1253628,Uttarkashi,Uttarakhand,IN,30.72986,78.44342,Asia/Kolkata,1,"Uttarkashi, Uttarakhand, IN"
1253635,Uttamapalaiyam,Tamil Nadu,IN,9.80701,77.32718,Asia/Kolkata,1,"Uttamapalaiyam, Tamil Nadu, IN"
1253638,Utraula,Uttar Pradesh,IN,27.31933,82.41872,Asia/Kolkata,1,"Utraula, Uttar Pradesh, IN"
1253640,Utran,Gujarat,IN,21.23333,72.86667,Asia/Kolkata,1,"Utran, Gujarat, IN"
1253671,Usilampatti,Tamil Nadu,IN,9.96936,77.78621,Asia/Kolkata,1,"Usilampatti, Tamil Nadu, IN"
1253673,Usehat,Uttar Pradesh,IN,27.79796,79.23763,Asia/Kolkata,1,"Usehat, Uttar Pradesh, IN"
1253694,Uri,Jammu And Kashmir,IN,34.08064,74.05088,Asia/Kolkata,1,"Uri, Jammu And Kashmir, IN"
1253698,Uravakonda,Andhra Pradesh,IN,14.94348,77.25494,Asia/Kolkata,1,"Uravakonda, Andhra Pradesh, IN"
1253702,Uran,Maharashtra,IN,18.87813,72.93924,Asia/Kolkata,1,"Uran, Maharashtra, IN"
1253719,Uppiliyapuram,Tamil Nadu,IN,11.26356,78.5139,Asia/Kolkata,1,"Uppiliyapuram, Tamil Nadu, IN"
1253744,Uppal Kalan,Telangana,IN,17.40577,78.55911,Asia/Kolkata,1,"Uppal Kalan, Telangana, IN"
1253736,Upleta,Gujarat,IN,21.74015,70.28256,Asia/Kolkata,1,"Upleta, Gujarat, IN"
1253747,Unnao,Uttar Pradesh,IN,26.54706,80.48781,Asia/Kolkata,1,"Unnao, Uttar Pradesh, IN"
1253750,Unjha,Gujarat,IN,23.80366,72.39101,Asia/Kolkata,1,"Unjha, Gujarat, IN"
1253751,Uniara,Rajasthan,IN,26.15336,75.21523,Asia/Kolkata,1,"Uniara, Rajasthan, IN"
1253754,Unhel,Madhya Pradesh,IN,23.33794,75.55931,Asia/Kolkata,1,"Unhel, Madhya Pradesh, IN"
1253783,Una,Gujarat,IN,20.82318,71.03795,Asia/Kolkata,1,"Una, Gujarat, IN"
1253782,Una,Himachal Pradesh,IN,31.46493,76.26914,Asia/Kolkata,1,"Una, Himachal Pradesh, IN"
1253786,Un,Gujarat,IN,23.88745,71.76975,Asia/Kolkata,1,"Un, Gujarat, IN"
1253785,Un,Uttar Pradesh,IN,29.58479,77.2554,Asia/Kolkata,1,"Un, Uttar Pradesh, IN"
1253796,Umri,Madhya Pradesh,IN,26.51056,78.93667,Asia/Kolkata,1,"Umri, Madhya Pradesh, IN"
1253805,Umreth,Gujarat,IN,22.69881,73.11561,Asia/Kolkata,1,"Umreth, Gujarat, IN"
1253807,Umred,Maharashtra,IN,20.85396,79.32466,Asia/Kolkata,1,"Umred, Maharashtra, IN"
1253815,Umrala,Gujarat,IN,21.84353,71.80305,Asia/Kolkata,1,"Umrala, Gujarat, IN"
1253860,Umarkot,Chhattisgarh,IN,19.66529,82.20629,Asia/Kolkata,1,"Umarkot, Chhattisgarh, IN"
1253861,Umarkhed,Maharashtra,IN,19.60144,77.68878,Asia/Kolkata,1,"Umarkhed, Maharashtra, IN"
1253863,Umaria,Madhya Pradesh,IN,23.52473,80.83716,Asia/Kolkata,1,"Umaria, Madhya Pradesh, IN"
1253870,Umarga,Maharashtra,IN,17.83841,76.62331,Asia/Kolkata,1,"Umarga, Maharashtra, IN"
1253888,Ullal,Karnataka,IN,12.80569,74.86058,Asia/Kolkata,1,"Ullal, Karnataka, IN"
1253894,Ulhasnagar,Maharashtra,IN,19.21667,73.15,Asia/Kolkata,1,"Ulhasnagar, Maharashtra, IN"
1349247,Ula,West Bengal,IN,22.7225,88.55556,Asia/Kolkata,1,"Ula, West Bengal, IN"
1253898,Ukwa,Madhya Pradesh,IN,21.97102,80.46625,Asia/Kolkata,1,"Ukwa, Madhya Pradesh, IN"
1253901,Uklana,Haryana,IN,29.51124,75.87823,Asia/Kolkata,1,"Uklana, Haryana, IN"
1253914,Ujjain,Madhya Pradesh,IN,23.18239,75.77643,Asia/Kolkata,1,"Ujjain, Madhya Pradesh, IN"
1253918,Ujhani,Uttar Pradesh,IN,28.00311,79.00821,Asia/Kolkata,1,"Ujhani, Uttar Pradesh, IN"
1253930,Ugu,Uttar Pradesh,IN,26.79681,80.32093,Asia/Kolkata,1,"Ugu, Uttar Pradesh, IN"
1253952,Udupi,Karnataka,IN,13.33467,74.74617,Asia/Kolkata,1,"Udupi, Karnataka, IN"
1253944,Udumalaippettai,Tamil Nadu,IN,10.58806,77.24779,Asia/Kolkata,1,"Udumalaippettai, Tamil Nadu, IN"
1253947,Udpura,Rajasthan,IN,24.73355,75.97514,Asia/Kolkata,1,"Udpura, Rajasthan, IN"
1253956,Udhampur,Jammu And Kashmir,IN,32.92431,75.13573,Asia/Kolkata,1,"Udhampur, Jammu And Kashmir, IN"
1253958,Udgir,Maharashtra,IN,18.39258,77.11756,Asia/Kolkata,1,"Udgir, Maharashtra, IN"
1253992,Udayagiri,Odisha,IN,20.12416,84.36869,Asia/Kolkata,1,"Udayagiri, Odisha, IN"
1253972,Udangudi,Tamil Nadu,IN,8.42918,78.02968,Asia/Kolkata,1,"Udangudi, Tamil Nadu, IN"
1253977,Udalguri,Assam,IN,26.75367,92.10215,Asia/Kolkata,1,"Udalguri, Assam, IN"
1253984,Udaipura,Madhya Pradesh,IN,23.07434,78.51108,Asia/Kolkata,1,"Udaipura, Madhya Pradesh, IN"
1253987,Udaipur,Tripura,IN,23.53333,91.48333,Asia/Kolkata,1,"Udaipur, Tripura, IN"
1253986,Udaipur,Rajasthan,IN,24.58584,73.71346,Asia/Kolkata,1,"Udaipur, Rajasthan, IN"
1253985,Udaipur,Rajasthan,IN,27.72297,75.47178,Asia/Kolkata,1,"Udaipur, Rajasthan, IN"
1254025,Turuvekere,Karnataka,IN,13.16374,76.66641,Asia/Kolkata,1,"Turuvekere, Karnataka, IN"
1254043,Turaiyur,Tamil Nadu,IN,11.14968,78.5987,Asia/Kolkata,1,"Turaiyur, Tamil Nadu, IN"
1254046,Tura,Meghalaya,IN,25.51421,90.20239,Asia/Kolkata,1,"Tura, Meghalaya, IN"
1254054,Tuni,Andhra Pradesh,IN,17.35905,82.54607,Asia/Kolkata,1,"Tuni, Andhra Pradesh, IN"
1254069,Tundla,Uttar Pradesh,IN,27.2146,78.23683,Asia/Kolkata,1,"Tundla, Uttar Pradesh, IN"
1254080,Tumsar,Maharashtra,IN,21.38333,79.73333,Asia/Kolkata,1,"Tumsar, Maharashtra, IN"
1254089,Tumkur,Karnataka,IN,13.34136,77.1022,Asia/Kolkata,1,"Tumkur, Karnataka, IN"
1254102,Tulsipur,Uttar Pradesh,IN,27.5337,82.41653,Asia/Kolkata,1,"Tulsipur, Uttar Pradesh, IN"
1254111,Tuljapur,Maharashtra,IN,18.00804,76.07011,Asia/Kolkata,1,"Tuljapur, Maharashtra, IN"
1254131,Tufanganj,West Bengal,IN,26.31688,89.66549,Asia/Kolkata,1,"Tufanganj, West Bengal, IN"
1254133,Tuensang,Nagaland,IN,26.26704,94.82415,Asia/Kolkata,1,"Tuensang, Nagaland, IN"
1254142,Tsrar Sharif,Jammu And Kashmir,IN,33.86319,74.76524,Asia/Kolkata,1,"Tsrar Sharif, Jammu And Kashmir, IN"
1254177,Trimbak,Maharashtra,IN,19.93268,73.52907,Asia/Kolkata,1,"Trimbak, Maharashtra, IN"
1254198,Tral,Jammu And Kashmir,IN,33.92708,75.11585,Asia/Kolkata,1,"Tral, Jammu And Kashmir, IN"
1254214,Tosham,Haryana,IN,28.86993,75.9165,Asia/Kolkata,1,"Tosham, Haryana, IN"
1254222,Tori-Fatehpur,Uttar Pradesh,IN,25.45505,79.11428,Asia/Kolkata,1,"Tori-Fatehpur, Uttar Pradesh, IN"
1254231,Topchanchi,Jharkhand,IN,23.90381,86.19792,Asia/Kolkata,1,"Topchanchi, Jharkhand, IN"
1254241,Tonk,Rajasthan,IN,26.16638,75.78824,Asia/Kolkata,1,"Tonk, Rajasthan, IN"
1254249,Tondi,Tamil Nadu,IN,9.74173,79.01774,Asia/Kolkata,1,"Tondi, Tamil Nadu, IN"
1254274,Tohana,Haryana,IN,29.71332,75.90441,Asia/Kolkata,1,"Tohana, Haryana, IN"
1254282,Todaraisingh,Rajasthan,IN,26.02401,75.48182,Asia/Kolkata,1,"Todaraisingh, Rajasthan, IN"
1254283,Todabhim,Rajasthan,IN,26.91667,76.81667,Asia/Kolkata,1,"Todabhim, Rajasthan, IN"
1254302,Titron,Uttar Pradesh,IN,29.66824,77.32391,Asia/Kolkata,1,"Titron, Uttar Pradesh, IN"
1254304,Titlagarh,Odisha,IN,20.28961,83.15233,Asia/Kolkata,1,"Titlagarh, Odisha, IN"
1254309,Titagarh,West Bengal,IN,22.74252,88.37326,Asia/Kolkata,1,"Titagarh, West Bengal, IN"
1254310,Titabar,Assam,IN,26.6014,94.20386,Asia/Kolkata,1,"Titabar, Assam, IN"
1254317,Tisaiyanvilai,Tamil Nadu,IN,8.33702,77.86776,Asia/Kolkata,1,"Tisaiyanvilai, Tamil Nadu, IN"
1254320,Tiruvottiyur,Tamil Nadu,IN,13.15823,80.30181,Asia/Kolkata,1,"Tiruvottiyur, Tamil Nadu, IN"
1254327,Tiruvannamalai,Tamil Nadu,IN,12.22662,79.07461,Asia/Kolkata,1,"Tiruvannamalai, Tamil Nadu, IN"
1254331,Tiruvallur,Tamil Nadu,IN,13.14376,79.90889,Asia/Kolkata,1,"Tiruvallur, Tamil Nadu, IN"
1254335,Tiruvalla,Kerala,IN,9.3816,76.57489,Asia/Kolkata,1,"Tiruvalla, Kerala, IN"
1254343,Tiruttangal,Tamil Nadu,IN,9.48333,77.83333,Asia/Kolkata,1,"Tiruttangal, Tamil Nadu, IN"
1254346,Tirur,Kerala,IN,10.91368,75.92118,Asia/Kolkata,1,"Tirur, Kerala, IN"
1254347,Tiruppuvanam,Tamil Nadu,IN,9.82564,78.25795,Asia/Kolkata,1,"Tiruppuvanam, Tamil Nadu, IN"
1254348,Tiruppur,Tamil Nadu,IN,11.11541,77.35456,Asia/Kolkata,1,"Tiruppur, Tamil Nadu, IN"
1254356,Tirupparangunram,Tamil Nadu,IN,9.88151,78.07306,Asia/Kolkata,1,"Tirupparangunram, Tamil Nadu, IN"
1254359,Tiruppalaikudi,Tamil Nadu,IN,9.54606,78.91721,Asia/Kolkata,1,"Tiruppalaikudi, Tamil Nadu, IN"
1254354,Tirupattur,Tamil Nadu,IN,12.49239,78.56804,Asia/Kolkata,1,"Tirupattur, Tamil Nadu, IN"
1254360,Tirupati,Andhra Pradesh,IN,13.63551,79.41989,Asia/Kolkata,1,"Tirupati, Andhra Pradesh, IN"
1254361,Tirunelveli,Tamil Nadu,IN,8.72742,77.6838,Asia/Kolkata,1,"Tirunelveli, Tamil Nadu, IN"
1254367,Tirumullaivasal,Tamil Nadu,IN,11.23996,79.83705,Asia/Kolkata,1,"Tirumullaivasal, Tamil Nadu, IN"
1254373,Tirumala,Andhra Pradesh,IN,13.68333,79.35,Asia/Kolkata,1,"Tirumala, Andhra Pradesh, IN"
1254374,Tirumakudal Narsipur,Karnataka,IN,12.21207,76.9018,Asia/Kolkata,1,"Tirumakudal Narsipur, Karnataka, IN"
1254377,Tirukkoyilur,Tamil Nadu,IN,11.9662,79.20259,Asia/Kolkata,1,"Tirukkoyilur, Tamil Nadu, IN"
1254388,Tiruchirappalli,Tamil Nadu,IN,10.8155,78.69651,Asia/Kolkata,1,"Tiruchirappalli, Tamil Nadu, IN"
1254385,Tiruchengode,Tamil Nadu,IN,11.38016,77.89444,Asia/Kolkata,1,"Tiruchengode, Tamil Nadu, IN"
1254390,Tiruchchendur,Tamil Nadu,IN,8.49725,78.11906,Asia/Kolkata,1,"Tiruchchendur, Tamil Nadu, IN"
1254396,Tirthahalli,Karnataka,IN,13.68835,75.24548,Asia/Kolkata,1,"Tirthahalli, Karnataka, IN"
1254400,Tirodi,Madhya Pradesh,IN,21.68522,79.71906,Asia/Kolkata,1,"Tirodi, Madhya Pradesh, IN"
1254415,Tira Sujanpur,Himachal Pradesh,IN,31.83364,76.50539,Asia/Kolkata,1,"Tira Sujanpur, Himachal Pradesh, IN"
1254420,Tiptur,Karnataka,IN,13.2563,76.47768,Asia/Kolkata,1,"Tiptur, Karnataka, IN"
1254432,Tinsukia,Assam,IN,27.48905,95.35992,Asia/Kolkata,1,"Tinsukia, Assam, IN"
1254436,Tinnanur,Tamil Nadu,IN,13.11448,80.02713,Asia/Kolkata,1,"Tinnanur, Tamil Nadu, IN"
1254442,Tindwari,Uttar Pradesh,IN,25.61739,80.52718,Asia/Kolkata,1,"Tindwari, Uttar Pradesh, IN"
1254444,Tindivanam,Tamil Nadu,IN,12.234,79.65551,Asia/Kolkata,1,"Tindivanam, Tamil Nadu, IN"
1254481,Tilhar,Uttar Pradesh,IN,27.96282,79.73827,Asia/Kolkata,1,"Tilhar, Uttar Pradesh, IN"
1254513,Tikri,Uttar Pradesh,IN,29.2291,77.35479,Asia/Kolkata,1,"Tikri, Uttar Pradesh, IN"
1254534,Tikamgarh,Madhya Pradesh,IN,24.74327,78.83061,Asia/Kolkata,1,"Tikamgarh, Madhya Pradesh, IN"
1254536,Tikaitnagar,Uttar Pradesh,IN,26.94612,81.56583,Asia/Kolkata,1,"Tikaitnagar, Uttar Pradesh, IN"
1254538,Tijara,Rajasthan,IN,27.93411,76.85541,Asia/Kolkata,1,"Tijara, Rajasthan, IN"
1254187,Thrissur,Kerala,IN,10.51667,76.21667,Asia/Kolkata,1,"Thrissur, Kerala, IN"
1254570,Thoubal,Manipur,IN,24.63881,93.99639,Asia/Kolkata,1,"Thoubal, Manipur, IN"
8629640,Thoothukudi,Tamil Nadu,IN,8.76735,78.13425,Asia/Kolkata,1,"Thoothukudi, Tamil Nadu, IN"
1254321,Thiruvidaimaruthur,Tamil Nadu,IN,10.99857,79.45227,Asia/Kolkata,1,"Thiruvidaimaruthur, Tamil Nadu, IN"
1254589,Thiruvarur,Tamil Nadu,IN,10.77269,79.6368,Asia/Kolkata,1,"Thiruvarur, Tamil Nadu, IN"
1254163,Thiruvananthapuram,Kerala,IN,8.4855,76.94924,Asia/Kolkata,1,"Thiruvananthapuram, Kerala, IN"
1254590,Thiruvaiyaru,Tamil Nadu,IN,10.88405,79.10362,Asia/Kolkata,1,"Thiruvaiyaru, Tamil Nadu, IN"
1254342,Thiruthani,Tamil Nadu,IN,13.17594,79.61637,Asia/Kolkata,1,"Thiruthani, Tamil Nadu, IN"
1254378,Thirukattupalli,Tamil Nadu,IN,10.84431,78.95647,Asia/Kolkata,1,"Thirukattupalli, Tamil Nadu, IN"
1254608,Theog,Himachal Pradesh,IN,31.12155,77.35838,Asia/Kolkata,1,"Theog, Himachal Pradesh, IN"
1254609,Thenzawl,Mizoram,IN,23.31667,92.75,Asia/Kolkata,1,"Thenzawl, Mizoram, IN"
1254744,Thenkasi,Tamil Nadu,IN,8.96003,77.31525,Asia/Kolkata,1,"Thenkasi, Tamil Nadu, IN"
1254624,Thasra,Gujarat,IN,22.79831,73.21174,Asia/Kolkata,1,"Thasra, Gujarat, IN"
1254904,Tharangambadi,Tamil Nadu,IN,11.02764,79.85425,Asia/Kolkata,1,"Tharangambadi, Tamil Nadu, IN"
1254638,Tharad,Gujarat,IN,24.39597,71.62577,Asia/Kolkata,1,"Tharad, Gujarat, IN"
1254645,Thanniyam,Kerala,IN,10.41667,76.13333,Asia/Kolkata,1,"Thanniyam, Kerala, IN"
1254647,Thanna Mandi,Jammu And Kashmir,IN,33.54204,74.381,Asia/Kolkata,1,"Thanna Mandi, Jammu And Kashmir, IN"
1163626,Thang,Ladakh,IN,34.9274,76.79336,Asia/Kolkata,1,"Thang, Ladakh, IN"
1254657,Thanesar,Haryana,IN,29.97323,76.83214,Asia/Kolkata,1,"Thanesar, Haryana, IN"
1254661,Thane,Maharashtra,IN,19.19704,72.96355,Asia/Kolkata,1,"Thane, Maharashtra, IN"
1254663,Thandla,Madhya Pradesh,IN,23.00959,74.57747,Asia/Kolkata,1,"Thandla, Madhya Pradesh, IN"
1254673,Thana Bhawan,Uttar Pradesh,IN,29.58605,77.41811,Asia/Kolkata,1,"Thana Bhawan, Uttar Pradesh, IN"
1254675,Than,Gujarat,IN,22.57422,71.19942,Asia/Kolkata,1,"Than, Gujarat, IN"
1254694,Thakurganj,Bihar,IN,26.42742,88.13112,Asia/Kolkata,1,"Thakurganj, Bihar, IN"
1254695,Thakurdwara,Uttar Pradesh,IN,29.19203,78.86145,Asia/Kolkata,1,"Thakurdwara, Uttar Pradesh, IN"
1254709,Tezu,Arunachal Pradesh,IN,27.91256,96.12882,Asia/Kolkata,1,"Tezu, Arunachal Pradesh, IN"
1254710,Tezpur,Assam,IN,26.63333,92.8,Asia/Kolkata,1,"Tezpur, Assam, IN"
1254727,Terdal,Karnataka,IN,16.49379,75.04667,Asia/Kolkata,1,"Terdal, Karnataka, IN"
1254732,Teonthar,Madhya Pradesh,IN,24.98207,81.64194,Asia/Kolkata,1,"Teonthar, Madhya Pradesh, IN"
1254745,Teni,Tamil Nadu,IN,10.01115,77.47772,Asia/Kolkata,1,"Teni, Tamil Nadu, IN"
11875594,Tengnoupal,Manipur,IN,24.3855,94.1472,Asia/Kolkata,1,"Tengnoupal, Manipur, IN"
1254751,Tendukheda,Madhya Pradesh,IN,23.3962,79.53947,Asia/Kolkata,1,"Tendukheda, Madhya Pradesh, IN"
1254780,Tellicherry,Kerala,IN,11.74811,75.4929,Asia/Kolkata,1,"Tellicherry, Kerala, IN"
1254787,Telhara,Maharashtra,IN,21.02694,76.83889,Asia/Kolkata,1,"Telhara, Maharashtra, IN"
1254794,Tekkali,Andhra Pradesh,IN,18.6057,84.23546,Asia/Kolkata,1,"Tekkali, Andhra Pradesh, IN"
1254795,Tekkalakote,Karnataka,IN,15.53444,76.87703,Asia/Kolkata,1,"Tekkalakote, Karnataka, IN"
1254797,Tekari,Bihar,IN,24.94253,84.84265,Asia/Kolkata,1,"Tekari, Bihar, IN"
1254798,Tekanpur,Madhya Pradesh,IN,25.99401,78.28322,Asia/Kolkata,1,"Tekanpur, Madhya Pradesh, IN"
1254808,Tehri,Uttarakhand,IN,30.39086,78.4803,Asia/Kolkata,1,"Tehri, Uttarakhand, IN"
1254813,Teghra,Bihar,IN,25.49043,85.94001,Asia/Kolkata,1,"Teghra, Bihar, IN"
1254832,Tawang,Arunachal Pradesh,IN,27.57417,91.92437,Asia/Kolkata,1,"Tawang, Arunachal Pradesh, IN"
1254842,Tattayyangarpettai,Tamil Nadu,IN,11.12417,78.44916,Asia/Kolkata,1,"Tattayyangarpettai, Tamil Nadu, IN"
1254858,Tasgaon,Maharashtra,IN,17.037,74.60171,Asia/Kolkata,1,"Tasgaon, Maharashtra, IN"
1254868,Tarn Taran,Punjab,IN,31.45191,74.92777,Asia/Kolkata,1,"Tarn Taran, Punjab, IN"
1254880,Tarikere,Karnataka,IN,13.70954,75.81382,Asia/Kolkata,1,"Tarikere, Karnataka, IN"
1254900,Tarapur,Maharashtra,IN,19.86499,72.68426,Asia/Kolkata,1,"Tarapur, Maharashtra, IN"
1254908,Taranagar,Rajasthan,IN,28.6686,75.03207,Asia/Kolkata,1,"Taranagar, Rajasthan, IN"
1254909,Tarana,Madhya Pradesh,IN,23.33383,76.04253,Asia/Kolkata,1,"Tarana, Madhya Pradesh, IN"
1254910,Taramangalam,Tamil Nadu,IN,11.69403,77.97035,Asia/Kolkata,1,"Taramangalam, Tamil Nadu, IN"
1254912,Tarakeswar,West Bengal,IN,22.88605,88.01363,Asia/Kolkata,1,"Tarakeswar, West Bengal, IN"
1254925,Tarabha,Odisha,IN,20.73252,83.67443,Asia/Kolkata,1,"Tarabha, Odisha, IN"
1254948,Taoru,Haryana,IN,28.21173,76.94984,Asia/Kolkata,1,"Taoru, Haryana, IN"
1254953,Tanuku,Andhra Pradesh,IN,16.75438,81.68143,Asia/Kolkata,1,"Tanuku, Andhra Pradesh, IN"
1254972,Tankara,Gujarat,IN,22.65622,70.74945,Asia/Kolkata,1,"Tankara, Gujarat, IN"
1254649,Tanjore,Tamil Nadu,IN,10.78523,79.13909,Asia/Kolkata,1,"Tanjore, Tamil Nadu, IN"
1255004,Tandur,Telangana,IN,17.24849,77.57698,Asia/Kolkata,1,"Tandur, Telangana, IN"
1255024,Tanda,Uttar Pradesh,IN,26.54953,82.65841,Asia/Kolkata,1,"Tanda, Uttar Pradesh, IN"
1255023,Tanda,Uttar Pradesh,IN,28.97621,78.94187,Asia/Kolkata,1,"Tanda, Uttar Pradesh, IN"
1255027,Tanakpur,Uttarakhand,IN,29.074,80.11139,Asia/Kolkata,1,"Tanakpur, Uttarakhand, IN"
1255046,Tamluk,West Bengal,IN,22.30083,87.92593,Asia/Kolkata,1,"Tamluk, West Bengal, IN"
1255062,Tambaram,Tamil Nadu,IN,12.9246,80.12707,Asia/Kolkata,1,"Tambaram, Tamil Nadu, IN"
1255076,Talwara,Punjab,IN,31.9376,75.88657,Asia/Kolkata,1,"Talwara, Punjab, IN"
1255082,Talwandi Bhai,Punjab,IN,30.85584,74.92979,Asia/Kolkata,1,"Talwandi Bhai, Punjab, IN"
1255104,Taloda,Maharashtra,IN,21.56128,74.21238,Asia/Kolkata,1,"Taloda, Maharashtra, IN"
1255121,Talipparamba,Kerala,IN,12.04161,75.35927,Asia/Kolkata,1,"Talipparamba, Kerala, IN"
1255122,Talikota,Karnataka,IN,16.47311,76.31085,Asia/Kolkata,1,"Talikota, Karnataka, IN"
1255127,Talgram,Uttar Pradesh,IN,27.04753,79.64811,Asia/Kolkata,1,"Talgram, Uttar Pradesh, IN"
1255130,Talen,Madhya Pradesh,IN,23.56949,76.72821,Asia/Kolkata,1,"Talen, Madhya Pradesh, IN"
1255131,Taleigao,Goa,IN,15.46915,73.83285,Asia/Kolkata,1,"Taleigao, Goa, IN"
1255134,Talegaon Dabhade,Maharashtra,IN,18.73502,73.67561,Asia/Kolkata,1,"Talegaon Dabhade, Maharashtra, IN"
1255143,Talcher,Odisha,IN,20.94927,85.23354,Asia/Kolkata,1,"Talcher, Odisha, IN"
1255146,Talbahat,Uttar Pradesh,IN,25.04357,78.43441,Asia/Kolkata,1,"Talbahat, Uttar Pradesh, IN"
1255175,Talaja,Gujarat,IN,21.3527,72.03524,Asia/Kolkata,1,"Talaja, Gujarat, IN"
1255187,Tal,Madhya Pradesh,IN,23.71979,75.38514,Asia/Kolkata,1,"Tal, Madhya Pradesh, IN"
1255211,Taki,West Bengal,IN,22.58867,88.93253,Asia/Kolkata,1,"Taki, West Bengal, IN"
1255212,Takhatpur,Chhattisgarh,IN,22.12915,81.86959,Asia/Kolkata,1,"Takhatpur, Chhattisgarh, IN"
1255213,Takhatgarh,Rajasthan,IN,25.32235,73.00487,Asia/Kolkata,1,"Takhatgarh, Rajasthan, IN"
1255224,Tajpur,Uttar Pradesh,IN,29.16242,78.48458,Asia/Kolkata,1,"Tajpur, Uttar Pradesh, IN"
1255254,Tadpatri,Andhra Pradesh,IN,14.90832,78.01031,Asia/Kolkata,1,"Tadpatri, Andhra Pradesh, IN"
1255264,Tadepallegudem,Andhra Pradesh,IN,16.81467,81.52717,Asia/Kolkata,1,"Tadepallegudem, Andhra Pradesh, IN"
1255265,Tadepalle,Andhra Pradesh,IN,16.48333,80.6,Asia/Kolkata,1,"Tadepalle, Andhra Pradesh, IN"
1255283,Swamimalai,Tamil Nadu,IN,10.95747,79.32931,Asia/Kolkata,1,"Swamimalai, Tamil Nadu, IN"
1255301,Susner,Madhya Pradesh,IN,23.94667,76.08825,Asia/Kolkata,1,"Susner, Madhya Pradesh, IN"
1255344,Suriapet,Telangana,IN,17.14054,79.62045,Asia/Kolkata,1,"Suriapet, Telangana, IN"
1255346,Surianwan,Uttar Pradesh,IN,25.46387,82.41922,Asia/Kolkata,1,"Surianwan, Uttar Pradesh, IN"
1255348,Surgana,Maharashtra,IN,20.55956,73.63747,Asia/Kolkata,1,"Surgana, Maharashtra, IN"
1255349,Surendranagar,Gujarat,IN,22.72706,71.64856,Asia/Kolkata,1,"Surendranagar, Gujarat, IN"
1255361,Suratgarh,Rajasthan,IN,29.3215,73.89979,Asia/Kolkata,1,"Suratgarh, Rajasthan, IN"
1255364,Surat,Gujarat,IN,21.19594,72.83023,Asia/Kolkata,1,"Surat, Gujarat, IN"
1255372,Surandai,Tamil Nadu,IN,8.97574,77.41923,Asia/Kolkata,1,"Surandai, Tamil Nadu, IN"
1255381,Surajpur,Chhattisgarh,IN,23.21347,82.86836,Asia/Kolkata,1,"Surajpur, Chhattisgarh, IN"
1255383,Surajgarh,Rajasthan,IN,28.31005,75.73271,Asia/Kolkata,1,"Surajgarh, Rajasthan, IN"
1255396,Supaul,Bihar,IN,26.11527,86.59509,Asia/Kolkata,1,"Supaul, Bihar, IN"
1255405,Suntikoppa,Karnataka,IN,12.45594,75.8297,Asia/Kolkata,1,"Suntikoppa, Karnataka, IN"
1255425,Sunel,Rajasthan,IN,24.37065,75.95708,Asia/Kolkata,1,"Sunel, Rajasthan, IN"
1255434,Sundarnagar,Himachal Pradesh,IN,31.53523,76.905,Asia/Kolkata,1,"Sundarnagar, Himachal Pradesh, IN"
1255437,Sundargarh,Odisha,IN,22.11667,84.03333,Asia/Kolkata,1,"Sundargarh, Odisha, IN"
1255449,Sunam,Punjab,IN,30.12883,75.79943,Asia/Kolkata,1,"Sunam, Punjab, IN"
1255478,Sumbal,Jammu And Kashmir,IN,34.23072,74.6472,Asia/Kolkata,1,"Sumbal, Jammu And Kashmir, IN"
1255482,Sulya,Karnataka,IN,12.561,75.38741,Asia/Kolkata,1,"Sulya, Karnataka, IN"
1255483,Suluru,Andhra Pradesh,IN,13.7,80.01667,Asia/Kolkata,1,"Suluru, Andhra Pradesh, IN"
1255484,Sulur,Tamil Nadu,IN,11.02427,77.12565,Asia/Kolkata,1,"Sulur, Tamil Nadu, IN"
1255493,Sultanpur,Madhya Pradesh,IN,23.13812,77.93404,Asia/Kolkata,1,"Sultanpur, Madhya Pradesh, IN"
1255491,Sultanpur,Uttar Pradesh,IN,26.25788,82.07269,Asia/Kolkata,1,"Sultanpur, Uttar Pradesh, IN"
1255489,Sultanpur,Uttarakhand,IN,29.75534,78.11034,Asia/Kolkata,1,"Sultanpur, Uttarakhand, IN"
1255488,Sultanpur,Punjab,IN,31.21468,75.19602,Asia/Kolkata,1,"Sultanpur, Punjab, IN"
1255531,Sukma,Chhattisgarh,IN,18.39014,81.65941,Asia/Kolkata,1,"Sukma, Chhattisgarh, IN"
1255551,Suket,Rajasthan,IN,24.64609,76.0417,Asia/Kolkata,1,"Suket, Rajasthan, IN"
1255560,Sujangarh,Rajasthan,IN,27.7,74.46667,Asia/Kolkata,1,"Sujangarh, Rajasthan, IN"
1255584,Suchindram,Tamil Nadu,IN,8.15442,77.46704,Asia/Kolkata,1,"Suchindram, Tamil Nadu, IN"
1255597,Suar,Uttar Pradesh,IN,29.02841,79.05654,Asia/Kolkata,1,"Suar, Uttar Pradesh, IN"
1255616,Srivilliputhur,Tamil Nadu,IN,9.51272,77.63369,Asia/Kolkata,1,"Srivilliputhur, Tamil Nadu, IN"
1255619,Srivardhan,Maharashtra,IN,18.04592,73.01552,Asia/Kolkata,1,"Srivardhan, Maharashtra, IN"
1255620,Srivaikuntam,Tamil Nadu,IN,8.62931,77.91281,Asia/Kolkata,1,"Srivaikuntam, Tamil Nadu, IN"
1255621,Srisailain,Andhra Pradesh,IN,16.07217,78.86816,Asia/Kolkata,1,"Srisailain, Andhra Pradesh, IN"
1348562,Srirampur,West Bengal,IN,22.94849,88.01954,Asia/Kolkata,1,"Srirampur, West Bengal, IN"
1255625,Sriramnagar,Telangana,IN,17.26652,78.25544,Asia/Kolkata,1,"Sriramnagar, Telangana, IN"
1255630,Sriperumbudur,Tamil Nadu,IN,12.96763,79.94197,Asia/Kolkata,1,"Sriperumbudur, Tamil Nadu, IN"
1255631,Srinivaspur,Karnataka,IN,13.33914,78.21175,Asia/Kolkata,1,"Srinivaspur, Karnataka, IN"
1255633,Sringeri,Karnataka,IN,13.41698,75.25271,Asia/Kolkata,1,"Sringeri, Karnataka, IN"
1255635,Srinagar,Uttarakhand,IN,30.22243,78.78341,Asia/Kolkata,1,"Srinagar, Uttarakhand, IN"
1255634,Srinagar,Jammu And Kashmir,IN,34.08565,74.80555,Asia/Kolkata,1,"Srinagar, Jammu And Kashmir, IN"
1255640,Srimushnam,Tamil Nadu,IN,11.40118,79.40384,Asia/Kolkata,1,"Srimushnam, Tamil Nadu, IN"
1255647,Srikakulam,Andhra Pradesh,IN,18.2989,83.89751,Asia/Kolkata,1,"Srikakulam, Andhra Pradesh, IN"
1255643,Sri Madhopur,Rajasthan,IN,27.46599,75.59736,Asia/Kolkata,1,"Sri Madhopur, Rajasthan, IN"
1255654,Sri Dungargarh,Rajasthan,IN,28.09617,74.00868,Asia/Kolkata,1,"Sri Dungargarh, Rajasthan, IN"
1256428,Sravana Belgola,Karnataka,IN,12.85737,76.48886,Asia/Kolkata,1,"Sravana Belgola, Karnataka, IN"
1430991,Soyibug,Jammu And Kashmir,IN,34.07677,74.7057,Asia/Kolkata,1,"Soyibug, Jammu And Kashmir, IN"
1255667,Soygaon,Maharashtra,IN,20.59606,75.61765,Asia/Kolkata,1,"Soygaon, Maharashtra, IN"
1255704,Soron,Uttar Pradesh,IN,27.89055,78.74621,Asia/Kolkata,1,"Soron, Uttar Pradesh, IN"
1255705,Soro,Odisha,IN,21.27851,86.68833,Asia/Kolkata,1,"Soro, Odisha, IN"
1255708,Sorbhog,Assam,IN,26.48612,90.8859,Asia/Kolkata,1,"Sorbhog, Assam, IN"
1255712,Sorada,Odisha,IN,19.76082,84.42997,Asia/Kolkata,1,"Sorada, Odisha, IN"
1255713,Sorab,Karnataka,IN,14.38144,75.09183,Asia/Kolkata,1,"Sorab, Karnataka, IN"
1255714,Sopur,Jammu And Kashmir,IN,34.28671,74.47228,Asia/Kolkata,1,"Sopur, Jammu And Kashmir, IN"
1255744,Sonipat,Haryana,IN,28.99478,77.01937,Asia/Kolkata,1,"Sonipat, Haryana, IN"
1255762,Songadh,Gujarat,IN,21.16966,73.56357,Asia/Kolkata,1,"Songadh, Gujarat, IN"
1255763,Sonepur,Odisha,IN,20.83333,83.91667,Asia/Kolkata,1,"Sonepur, Odisha, IN"
1255766,Sonegaon,Maharashtra,IN,20.62915,78.69207,Asia/Kolkata,1,"Sonegaon, Maharashtra, IN"
11875616,Sonari,Assam,IN,27.07344,95.02753,Asia/Kolkata,1,"Sonari, Assam, IN"
1255788,Sonari,Assam,IN,27.02462,95.01629,Asia/Kolkata,1,"Sonari, Assam, IN"
1255791,Sonamura,Tripura,IN,23.47547,91.2659,Asia/Kolkata,1,"Sonamura, Tripura, IN"
1255792,Sonamukhi,West Bengal,IN,23.30521,87.41336,Asia/Kolkata,1,"Sonamukhi, West Bengal, IN"
1255811,Somvarpet,Karnataka,IN,12.59698,75.84957,Asia/Kolkata,1,"Somvarpet, Karnataka, IN"
1255816,Sompeta,Andhra Pradesh,IN,18.94419,84.58449,Asia/Kolkata,1,"Sompeta, Andhra Pradesh, IN"
1255823,Someshwar,Karnataka,IN,13.49112,75.06646,Asia/Kolkata,1,"Someshwar, Karnataka, IN"
1255844,Solim,Goa,IN,15.61521,73.7674,Asia/Kolkata,1,"Solim, Goa, IN"
1256436,Solapur,Maharashtra,IN,17.67152,75.91044,Asia/Kolkata,1,"Solapur, Maharashtra, IN"
1349047,Solap,West Bengal,IN,22.12778,88.15861,Asia/Kolkata,1,"Solap, West Bengal, IN"
1255850,Solan,Himachal Pradesh,IN,30.90908,77.10869,Asia/Kolkata,1,"Solan, Himachal Pradesh, IN"
1255858,Sojitra,Gujarat,IN,22.53884,72.71984,Asia/Kolkata,1,"Sojitra, Gujarat, IN"
1255860,Sojat,Rajasthan,IN,25.92493,73.66633,Asia/Kolkata,1,"Sojat, Rajasthan, IN"
1255870,Sohna,Haryana,IN,28.24737,77.06544,Asia/Kolkata,1,"Sohna, Haryana, IN"
1255884,Sohagpur,Madhya Pradesh,IN,22.70055,78.19522,Asia/Kolkata,1,"Sohagpur, Madhya Pradesh, IN"
1255887,Sohagi,Madhya Pradesh,IN,24.98181,81.69558,Asia/Kolkata,1,"Sohagi, Madhya Pradesh, IN"
1255893,Sodpur,West Bengal,IN,22.70428,88.39166,Asia/Kolkata,1,"Sodpur, West Bengal, IN"
1255910,Soalkuchi,Assam,IN,26.16806,91.57111,Asia/Kolkata,1,"Soalkuchi, Assam, IN"
1255925,Siwana,Rajasthan,IN,25.65154,72.42243,Asia/Kolkata,1,"Siwana, Rajasthan, IN"
1255927,Siwan,Bihar,IN,26.22096,84.35609,Asia/Kolkata,1,"Siwan, Bihar, IN"
1255947,Sivakasi,Tamil Nadu,IN,9.44999,77.79797,Asia/Kolkata,1,"Sivakasi, Tamil Nadu, IN"
1255951,Sivagiri,Tamil Nadu,IN,9.34461,77.42911,Asia/Kolkata,1,"Sivagiri, Tamil Nadu, IN"
1255950,Sivagiri,Tamil Nadu,IN,11.12026,77.78811,Asia/Kolkata,1,"Sivagiri, Tamil Nadu, IN"
1255953,Sivaganga,Tamil Nadu,IN,9.84701,78.48358,Asia/Kolkata,1,"Sivaganga, Tamil Nadu, IN"
1255955,Siuri,West Bengal,IN,23.90806,87.52773,Asia/Kolkata,1,"Siuri, West Bengal, IN"
1255963,Sitarganj,Uttarakhand,IN,28.9293,79.70436,Asia/Kolkata,1,
1255969,Sitapur,Uttar Pradesh,IN,27.56192,80.68265,Asia/Kolkata,1,
1255981,Sitamau,Madhya Pradesh,IN,24.01473,75.35324,Asia/Kolkata,1,
1255983,Sitamarhi,Bihar,IN,26.59357,85.4906,Asia/Kolkata,1,
1255995,Siswa Bazar,Uttar Pradesh,IN,27.14652,83.75803,Asia/Kolkata,1,
1256003,Sisauli,Uttar Pradesh,IN,29.41386,77.4689,Asia/Kolkata,1,
1256025,Sirur,Maharashtra,IN,18.8276,74.37475,Asia/Kolkata,1,
1256027,Sirumugai,Tamil Nadu,IN,11.32137,77.00521,Asia/Kolkata,1,
1256029,Siruguppa,Karnataka,IN,15.63,76.89217,Asia/Kolkata,1,
1256039,Sirsilla,Telangana,IN,18.38865,78.81048,Asia/Kolkata,1,
1256047,Sirsi,Karnataka,IN,14.62072,74.83554,Asia/Kolkata,1,
1256040,Sirsi,Uttar Pradesh,IN,28.63916,78.64303,Asia/Kolkata,1,
1256050,Sirsaganj,Uttar Pradesh,IN,27.05715,78.68661,Asia/Kolkata,1,
1256053,Sirsa,Uttar Pradesh,IN,25.2634,82.0919,Asia/Kolkata,1,
1256052,Sirsa,Haryana,IN,29.53489,75.02898,Asia/Kolkata,1,
1256063,Sirpur,Telangana,IN,19.47953,79.57558,Asia/Kolkata,1,
1256064,Sironj,Madhya Pradesh,IN,24.10313,77.69055,Asia/Kolkata,1,
1256067,Sirohi,Rajasthan,IN,24.88838,72.84794,Asia/Kolkata,1,
1256072,Sirmaur,Madhya Pradesh,IN,24.83648,81.36448,Asia/Kolkata,1,
1256075,Sirkazhi,Tamil Nadu,IN,11.23725,79.73585,Asia/Kolkata,1,
1256087,Sirhind,Punjab,IN,30.64321,76.38421,Asia/Kolkata,1,
1256096,Sirathu,Uttar Pradesh,IN,25.64292,81.31855,Asia/Kolkata,1,
1256104,Sira,Karnataka,IN,13.74155,76.9043,Asia/Kolkata,1,
1256117,Sinor,Gujarat,IN,21.91117,73.33974,Asia/Kolkata,1,
1256119,Sinnar,Maharashtra,IN,19.84505,73.99866,Asia/Kolkata,1,
1256122,Sini,Jharkhand,IN,22.79325,85.94543,Asia/Kolkata,1,
1256124,Singur,West Bengal,IN,22.80917,88.22944,Asia/Kolkata,1,
1256126,Singtam,Sikkim,IN,27.23467,88.50168,Asia/Kolkata,1,
7279754,Singrauli,Madhya Pradesh,IN,24.19973,82.67535,Asia/Kolkata,1,
1256146,Singoli,Madhya Pradesh,IN,24.96667,75.3,Asia/Kolkata,1,
1256176,Singarayakonda,Andhra Pradesh,IN,15.23046,80.02794,Asia/Kolkata,1,
1445156,Singapur,Telangana,IN,17.46982,78.12574,Asia/Kolkata,1,
1256181,Singapperumalkovil,Tamil Nadu,IN,12.75947,80.0075,Asia/Kolkata,1,
1256184,Singanallur,Tamil Nadu,IN,10.99898,77.03238,Asia/Kolkata,1,
1256206,Sindi,Maharashtra,IN,20.80509,78.88752,Asia/Kolkata,1,
1256207,Sindhnur,Karnataka,IN,15.76983,76.75581,Asia/Kolkata,1,
1256214,Sindgi,Karnataka,IN,16.91883,76.23368,Asia/Kolkata,1,
1256245,Simga,Chhattisgarh,IN,21.6281,81.70376,Asia/Kolkata,1,
1256246,Simdega,Jharkhand,IN,22.61523,84.50208,Asia/Kolkata,1,
1256251,Simaria,Madhya Pradesh,IN,24.79497,81.152,Asia/Kolkata,1,
1256259,Silvassa,Dadra And Nagar Haveli And Daman And Diu,IN,20.27386,72.99673,Asia/Kolkata,1,
1256269,Sillod,Maharashtra,IN,20.30303,75.65284,Asia/Kolkata,1,
1256525,Siliguri,West Bengal,IN,26.71004,88.42851,Asia/Kolkata,1,
1256287,Silchar,Assam,IN,24.82733,92.79787,Asia/Kolkata,1,
7302857,Silapathar,Assam,IN,27.59441,94.72402,Asia/Kolkata,1,
1256295,Silao,Bihar,IN,25.08358,85.42804,Asia/Kolkata,1,
1256333,Sikka,Gujarat,IN,22.43218,69.84158,Asia/Kolkata,1,
1256320,Sikar,Rajasthan,IN,27.61206,75.13996,Asia/Kolkata,1,
1256322,Sikandra Rao,Uttar Pradesh,IN,27.68859,78.37985,Asia/Kolkata,1,
1256324,Sikandra,Uttar Pradesh,IN,26.36722,79.6298,Asia/Kolkata,1,
1256328,Sikandarpur,Uttar Pradesh,IN,26.04327,84.05298,Asia/Kolkata,1,
1256329,Sikandarabad,Uttar Pradesh,IN,28.45226,77.70004,Asia/Kolkata,1,
1256335,Sijua,Jharkhand,IN,23.77617,86.33028,Asia/Kolkata,1,
1256340,Sihora,Madhya Pradesh,IN,23.4871,80.10404,Asia/Kolkata,1,
1256343,Sihor,Gujarat,IN,21.71134,71.96179,Asia/Kolkata,1,
1256363,Sidlaghatta,Karnataka,IN,13.38896,77.86444,Asia/Kolkata,1,
1256367,Sidhpura,Uttar Pradesh,IN,27.63312,78.86918,Asia/Kolkata,1,
1256369,Sidhi,Madhya Pradesh,IN,24.4038,81.87954,Asia/Kolkata,1,
1256372,Sidhauli,Uttar Pradesh,IN,27.28202,80.8345,Asia/Kolkata,1,
1256377,Siddipet,Telangana,IN,18.10483,78.84858,Asia/Kolkata,1,
1256382,Siddhapur,Gujarat,IN,23.91783,72.37212,Asia/Kolkata,1,
1256385,Siddapur,Karnataka,IN,14.34322,74.894,Asia/Kolkata,1,
1256388,Sibsagar,Assam,IN,26.98427,94.63784,Asia/Kolkata,1,
1256409,Shyamnagar,West Bengal,IN,22.83333,88.36667,Asia/Kolkata,1,
1256414,Shupiyan,Jammu And Kashmir,IN,33.71723,74.83413,Asia/Kolkata,1,
1256418,Shujalpur,Madhya Pradesh,IN,23.40673,76.7098,Asia/Kolkata,1,
1256421,Shrirangapattana,Karnataka,IN,12.42264,76.68439,Asia/Kolkata,1,
1256422,Shrirampur,West Bengal,IN,22.75278,88.34222,Asia/Kolkata,1,
1256426,Shrigonda,Maharashtra,IN,18.61527,74.69895,Asia/Kolkata,1,
1256431,Shorapur,Karnataka,IN,16.521,76.75738,Asia/Kolkata,1,
1256432,Shoranur,Kerala,IN,10.76181,76.27078,Asia/Kolkata,1,
1256435,Sholinghur,Tamil Nadu,IN,13.1181,79.42025,Asia/Kolkata,1,
1256450,Shivrajpur,Gujarat,IN,22.42319,73.60865,Asia/Kolkata,1,
1256451,Shivpuri,Madhya Pradesh,IN,25.42378,77.66223,Asia/Kolkata,1,
6943660,Shivaji Nagar,Maharashtra,IN,18.53017,73.85263,Asia/Kolkata,1,
1256468,Shishgarh,Uttar Pradesh,IN,28.72928,79.31469,Asia/Kolkata,1,
1256469,Shirwal,Maharashtra,IN,18.15059,73.97788,Asia/Kolkata,1,
1256475,Shirpur,Maharashtra,IN,21.34821,74.88035,Asia/Kolkata,1,
1256483,Shirhatti,Karnataka,IN,15.23352,75.57996,Asia/Kolkata,1,
1256486,Shirgaon,Maharashtra,IN,19.69589,72.71527,Asia/Kolkata,1,
1256489,Shirdi,Maharashtra,IN,19.76616,74.47738,Asia/Kolkata,1,
8714565,Shiraguppi,Maharashtra,IN,16.61875,74.70907,Asia/Kolkata,1,
1256515,Shimoga,Karnataka,IN,13.93157,75.56791,Asia/Kolkata,1,
1256237,Shimla,Himachal Pradesh,IN,31.10442,77.16662,Asia/Kolkata,1,
1256523,Shillong,Meghalaya,IN,25.56892,91.88313,Asia/Kolkata,1,
1256529,Shikohabad,Uttar Pradesh,IN,27.108,78.58661,Asia/Kolkata,1,
1256537,Shikarpur,Karnataka,IN,14.2698,75.35643,Asia/Kolkata,1,
1256532,Shikarpur,Uttar Pradesh,IN,28.28072,78.01411,Asia/Kolkata,1,
1256539,Shiggaon,Karnataka,IN,14.99053,75.22499,Asia/Kolkata,1,
12165950,Shi Yomi,Arunachal Pradesh,IN,28.52999,94.37322,Asia/Kolkata,1,
1256558,Shertallai,Kerala,IN,9.68581,76.33996,Asia/Kolkata,1,
1256569,Sherkot,Uttar Pradesh,IN,29.32704,78.57429,Asia/Kolkata,1,
1256572,Sherghati,Bihar,IN,24.5595,84.79162,Asia/Kolkata,1,
1256574,Shergarh,Uttar Pradesh,IN,28.65128,79.36815,Asia/Kolkata,1,
1256593,Sheopur,Madhya Pradesh,IN,25.66472,76.69616,Asia/Kolkata,1,
1256597,Sheohar,Bihar,IN,26.51393,85.29341,Asia/Kolkata,1,
1256598,Sheoganj,Rajasthan,IN,25.13915,73.06784,Asia/Kolkata,1,
1256698,Sheikhpura,Bihar,IN,25.13994,85.84096,Asia/Kolkata,1,
1256620,Shegaon,Maharashtra,IN,20.7932,76.69921,Asia/Kolkata,1,
1256639,Shantipur,West Bengal,IN,23.24723,88.43302,Asia/Kolkata,1,
1256650,Shankargarh,Uttar Pradesh,IN,25.182,81.61769,Asia/Kolkata,1,
1256660,Shamsabad,Uttar Pradesh,IN,27.01718,78.12358,Asia/Kolkata,1,
1256659,Shamsabad,Uttar Pradesh,IN,27.5371,79.43796,Asia/Kolkata,1,
1256671,Shamli,Uttar Pradesh,IN,29.4497,77.30959,Asia/Kolkata,1,
1256673,Shamgarh,Madhya Pradesh,IN,24.18817,75.63903,Asia/Kolkata,1,
1256676,Sham Churasi,Punjab,IN,31.50028,75.74917,Asia/Kolkata,1,
1256693,Shajapur,Madhya Pradesh,IN,23.42637,76.27775,Asia/Kolkata,1,
1256708,Shahpura,Madhya Pradesh,IN,23.13663,79.66402,Asia/Kolkata,1,
1256706,Shahpura,Rajasthan,IN,25.62094,74.92487,Asia/Kolkata,1,
1256705,Shahpura,Rajasthan,IN,27.3912,75.95956,Asia/Kolkata,1,
1256722,Shahpur,Karnataka,IN,16.69605,76.8422,Asia/Kolkata,1,
1256720,Shahpur,Madhya Pradesh,IN,21.23742,76.22558,Asia/Kolkata,1,
1256719,Shahpur,Gujarat,IN,22.15611,70.77068,Asia/Kolkata,1,
1256718,Shahpur,Madhya Pradesh,IN,22.19526,77.90682,Asia/Kolkata,1,
1256717,Shahpur,Madhya Pradesh,IN,23.02446,81.0038,Asia/Kolkata,1,
1256716,Shahpur,Madhya Pradesh,IN,23.89371,79.05074,Asia/Kolkata,1,
1256715,Shahpur,Bihar,IN,25.60293,84.40412,Asia/Kolkata,1,
1256713,Shahpur,Uttar Pradesh,IN,29.3501,77.5516,Asia/Kolkata,1,
1256725,Shahkot,Punjab,IN,31.08173,75.33708,Asia/Kolkata,1,
1256728,Shahjanpur,Uttar Pradesh,IN,27.88165,79.90918,Asia/Kolkata,1,
1256731,Shahi,Uttar Pradesh,IN,28.55023,79.31761,Asia/Kolkata,1,
1256734,Shahgarh,Madhya Pradesh,IN,24.31365,79.11806,Asia/Kolkata,1,
1256735,Shahganj,Uttar Pradesh,IN,26.04965,82.68423,Asia/Kolkata,1,
1256739,Shahdol,Madhya Pradesh,IN,23.29356,81.3619,Asia/Kolkata,1,
11875612,Shahdara,Delhi,IN,28.60311,77.13988,Asia/Kolkata,1,
9794300,Shahbazpur,Bihar,IN,26.30511,87.28865,Asia/Kolkata,1,
1256747,Shahapur,Maharashtra,IN,19.45231,73.32572,Asia/Kolkata,1,
1256750,Shahada,Maharashtra,IN,21.54538,74.47106,Asia/Kolkata,1,
1256759,Shahabad,Karnataka,IN,17.1307,76.94361,Asia/Kolkata,1,
1256755,Shahabad,Uttar Pradesh,IN,27.6431,79.9402,Asia/Kolkata,1,
1256753,Shahabad,Uttar Pradesh,IN,28.56681,79.00956,Asia/Kolkata,1,
1256752,Shahabad,Haryana,IN,30.16776,76.87046,Asia/Kolkata,1,
1268785,Shadipur Julana,Haryana,IN,29.12368,76.40516,Asia/Kolkata,1,
1263997,Seven Pagodas,Tamil Nadu,IN,12.62091,80.19331,Asia/Kolkata,1,
1256796,Serula,Goa,IN,15.54774,73.84329,Asia/Kolkata,1,
7302856,Serilingampalle,Telangana,IN,17.49313,78.30196,Asia/Kolkata,1,
1256812,Serchhip,Mizoram,IN,23.29312,92.84679,Asia/Kolkata,1,
1256814,Seram,Karnataka,IN,17.17859,77.28998,Asia/Kolkata,1,
1256820,Seorinarayan,Chhattisgarh,IN,21.72055,82.59344,Asia/Kolkata,1,
1256823,Seoni Malwa,Madhya Pradesh,IN,22.45046,77.4665,Asia/Kolkata,1,
1256826,Seoni,Madhya Pradesh,IN,22.08503,79.55037,Asia/Kolkata,1,
1256825,Seoni,Himachal Pradesh,IN,31.24188,77.12362,Asia/Kolkata,1,
1256828,Seondha,Madhya Pradesh,IN,26.15422,78.7812,Asia/Kolkata,1,
1256832,Seohara,Uttar Pradesh,IN,29.20904,78.58837,Asia/Kolkata,1,
1256854,Sendhwa,Madhya Pradesh,IN,21.68562,75.09622,Asia/Kolkata,1,
1257762,Selu,Maharashtra,IN,19.45512,76.44073,Asia/Kolkata,1,
1256913,Sehore,Madhya Pradesh,IN,23.2,77.08333,Asia/Kolkata,1,
12261432,Seethanagaram,Andhra Pradesh,IN,17.1767,81.6925,Asia/Kolkata,1,
1256922,Secunderabad,Telangana,IN,17.50427,78.54263,Asia/Kolkata,1,
11496831,Sector,Uttar Pradesh,IN,28.5708,77.3261,Asia/Kolkata,1,
1256929,Sayla,Gujarat,IN,22.54925,71.48324,Asia/Kolkata,1,
1256934,Sayalkudi,Tamil Nadu,IN,9.16925,78.44702,Asia/Kolkata,1,
1256949,Sawai Madhopur,Rajasthan,IN,26.02301,76.34408,Asia/Kolkata,1,
1256959,Savda,Maharashtra,IN,21.15054,75.88938,Asia/Kolkata,1,
11184442,Savarkundla,Gujarat,IN,21.33726,71.3035,Asia/Kolkata,1,
1256967,Savanur,Karnataka,IN,14.97335,75.33724,Asia/Kolkata,1,
1256968,Savantvadi,Maharashtra,IN,15.90413,73.82191,Asia/Kolkata,1,
1256974,Sausar,Madhya Pradesh,IN,21.65576,78.79669,Asia/Kolkata,1,
1256976,Saurikh,Uttar Pradesh,IN,27.03051,79.48813,Asia/Kolkata,1,
1256983,Saundatti,Karnataka,IN,15.76615,75.11778,Asia/Kolkata,1,
1257845,Saugor,Madhya Pradesh,IN,23.83877,78.73874,Asia/Kolkata,1,
1256990,Satwas,Madhya Pradesh,IN,22.53628,76.68452,Asia/Kolkata,1,
1256995,Sattur,Tamil Nadu,IN,9.35592,77.92457,Asia/Kolkata,1,
1257001,Sattenapalle,Andhra Pradesh,IN,16.39381,80.15221,Asia/Kolkata,1,
1257005,Satrikh,Uttar Pradesh,IN,26.86045,81.19567,Asia/Kolkata,1,
1257022,Satna,Madhya Pradesh,IN,24.57726,80.82719,Asia/Kolkata,1,
1256989,Sathyamangalam,Tamil Nadu,IN,11.50526,77.23826,Asia/Kolkata,1,
7302851,Sathupalli,Telangana,IN,17.24968,80.86899,Asia/Kolkata,1,
1257004,Sathankulam,Tamil Nadu,IN,8.44164,77.91349,Asia/Kolkata,1,
1257055,Satara,Maharashtra,IN,17.68589,73.99333,Asia/Kolkata,1,
1257060,Satana,Maharashtra,IN,20.59483,74.20301,Asia/Kolkata,1,
1257066,Sasvad,Maharashtra,IN,18.34351,74.03102,Asia/Kolkata,1,
1257077,Sasni,Uttar Pradesh,IN,27.70287,78.08278,Asia/Kolkata,1,
1257093,Sarwar,Rajasthan,IN,26.06272,75.01104,Asia/Kolkata,1,
7302858,Sarupathar,Assam,IN,26.206,96.81,Asia/Kolkata,1,
1257111,Sarubera,Jharkhand,IN,23.81813,85.99628,Asia/Kolkata,1,
1257149,Sarkhej,Gujarat,IN,22.98297,72.50196,Asia/Kolkata,1,
1257156,Sarka Ghat,Himachal Pradesh,IN,31.69887,76.73529,Asia/Kolkata,1,
1257167,Sarila,Uttar Pradesh,IN,25.77579,79.67535,Asia/Kolkata,1,
1257178,Sargur,Karnataka,IN,11.99971,76.39611,Asia/Kolkata,1,
1257191,Sardulgarh,Punjab,IN,29.69224,75.23608,Asia/Kolkata,1,
1257196,Sardhana,Uttar Pradesh,IN,29.14551,77.61433,Asia/Kolkata,1,
1257198,Sardarshahr,Rajasthan,IN,28.44062,74.491,Asia/Kolkata,1,
1257219,Sarauli,Uttar Pradesh,IN,28.49404,79.09177,Asia/Kolkata,1,
1257237,Sarangpur,Madhya Pradesh,IN,23.56651,76.47306,Asia/Kolkata,1,
1257242,Sarangarh,Chhattisgarh,IN,21.58614,83.0785,Asia/Kolkata,1,
1257259,Saraipali,Chhattisgarh,IN,21.3153,83.00629,Asia/Kolkata,1,
1257263,Saraikela,Jharkhand,IN,22.69963,85.93126,Asia/Kolkata,1,
1257260,Sarai Mir,Uttar Pradesh,IN,26.02705,82.91843,Asia/Kolkata,1,
1257264,Sarai Ekdil,Uttar Pradesh,IN,26.74442,79.09353,Asia/Kolkata,1,
1257268,Sarai Akil,Uttar Pradesh,IN,25.3789,81.51035,Asia/Kolkata,1,
1257277,Sarahan,Himachal Pradesh,IN,31.50988,77.79395,Asia/Kolkata,1,
1257298,Sapatgram,Assam,IN,26.33732,90.1236,Asia/Kolkata,1,
1257307,Saoner,Maharashtra,IN,21.3851,78.92155,Asia/Kolkata,1,
1257313,Sanwer,Madhya Pradesh,IN,22.97415,75.8271,Asia/Kolkata,1,
1257316,Sanvordem,Goa,IN,15.26269,74.11965,Asia/Kolkata,1,
1257326,Santokhgarh,Himachal Pradesh,IN,31.35205,76.31775,Asia/Kolkata,1,
1257347,Sanquelim,Goa,IN,15.56422,74.00799,Asia/Kolkata,1,
1257354,Sankrail,West Bengal,IN,22.54997,88.22515,Asia/Kolkata,1,
1257366,Sankheda,Gujarat,IN,22.17021,73.5782,Asia/Kolkata,1,
1257369,Sankeshwar,Karnataka,IN,16.25649,74.48195,Asia/Kolkata,1,
1348676,Sankarpur,West Bengal,IN,22.84839,88.45126,Asia/Kolkata,1,
1257390,Sanivarsante,Karnataka,IN,12.72824,75.88669,Asia/Kolkata,1,
1257399,Sanguem,Goa,IN,15.22901,74.15149,Asia/Kolkata,1,
1257402,Sangrur,Punjab,IN,30.24506,75.84488,Asia/Kolkata,1,
1257409,Sangola,Maharashtra,IN,17.43948,75.19379,Asia/Kolkata,1,
1257410,Sangod,Rajasthan,IN,24.92707,76.28649,Asia/Kolkata,1,
1257416,Sangli,Maharashtra,IN,16.85438,74.56417,Asia/Kolkata,1,
1257429,Sangaria,Rajasthan,IN,29.79886,74.46683,Asia/Kolkata,1,
1257431,Sangareddi,Telangana,IN,17.62477,78.08669,Asia/Kolkata,1,
1257436,Sangamner,Maharashtra,IN,19.56784,74.21154,Asia/Kolkata,1,
1257456,Sandur,Karnataka,IN,15.08613,76.54692,Asia/Kolkata,1,
1257459,Sandila,Uttar Pradesh,IN,27.06989,80.51497,Asia/Kolkata,1,
1257461,Sandi,Uttar Pradesh,IN,27.28867,79.9519,Asia/Kolkata,1,
1257476,Sancoale,Goa,IN,15.37794,73.90352,Asia/Kolkata,1,
1257477,Sanchor,Rajasthan,IN,24.75361,71.7728,Asia/Kolkata,1,
1257479,Sanchi,Madhya Pradesh,IN,23.48646,77.7378,Asia/Kolkata,1,
1257481,Sanawad,Madhya Pradesh,IN,22.17391,76.06993,Asia/Kolkata,1,
1257482,Sanaur,Punjab,IN,30.30182,76.45786,Asia/Kolkata,1,
1257486,Sanand,Gujarat,IN,22.99227,72.38177,Asia/Kolkata,1,
1257498,Samthar,Uttar Pradesh,IN,25.84348,78.90683,Asia/Kolkata,1,
1257503,Samrala,Punjab,IN,30.83601,76.19324,Asia/Kolkata,1,
1257528,Samdari,Rajasthan,IN,25.81299,72.57879,Asia/Kolkata,1,
1257539,Sambhar,Rajasthan,IN,26.90806,75.19137,Asia/Kolkata,1,
1257540,Sambhal,Uttar Pradesh,IN,28.58498,78.56959,Asia/Kolkata,1,
1257542,Sambalpur,Odisha,IN,21.46527,83.97573,Asia/Kolkata,1,
1257545,Samba,Jammu And Kashmir,IN,32.56245,75.11993,Asia/Kolkata,1,
1257551,Samastipur,Bihar,IN,25.86222,85.77953,Asia/Kolkata,1,
1257565,Samalkot,Andhra Pradesh,IN,17.05675,82.17639,Asia/Kolkata,1,
1257566,Samalkha,Haryana,IN,29.23552,77.01273,Asia/Kolkata,1,
1257587,Salur,Andhra Pradesh,IN,18.51716,83.20548,Asia/Kolkata,1,
1257588,Salumbar,Rajasthan,IN,24.13524,74.04442,Asia/Kolkata,1,
1257599,Salon,Uttar Pradesh,IN,26.02857,81.45403,Asia/Kolkata,1,
1257611,Saligao,Goa,IN,15.55359,73.79036,Asia/Kolkata,1,
1257629,Salem,Tamil Nadu,IN,11.65376,78.15538,Asia/Kolkata,1,
1257638,Salaya,Gujarat,IN,22.31038,69.60376,Asia/Kolkata,1,
1257673,Sakti,Chhattisgarh,IN,22.02662,82.96091,Asia/Kolkata,1,
1257698,Sakleshpur,Karnataka,IN,12.94119,75.78467,Asia/Kolkata,1,
1257703,Sakit,Uttar Pradesh,IN,27.43463,78.77903,Asia/Kolkata,1,
1257737,Saitlaw,Mizoram,IN,23.97187,92.57454,Asia/Kolkata,1,
1257743,Sairang,Mizoram,IN,23.81034,92.65226,Asia/Kolkata,1,
1257751,Sainthia,West Bengal,IN,23.94826,87.68045,Asia/Kolkata,1,
1257749,Saint Thomas Mount,Tamil Nadu,IN,13.00334,80.19614,Asia/Kolkata,1,
1257765,Sailana,Madhya Pradesh,IN,23.46219,74.92318,Asia/Kolkata,1,
1257771,Saiha,Mizoram,IN,22.49183,92.98143,Asia/Kolkata,1,
1257776,Saidpur,Uttar Pradesh,IN,25.53749,83.22378,Asia/Kolkata,1,
1257775,Saidpur,Uttar Pradesh,IN,28.61089,77.90896,Asia/Kolkata,1,
1257794,Sahibganj,Jharkhand,IN,25.24425,87.63481,Asia/Kolkata,1,
1257799,Sahawar,Uttar Pradesh,IN,27.79603,78.83373,Asia/Kolkata,1,
1257800,Sahaswan,Uttar Pradesh,IN,28.07227,78.75082,Asia/Kolkata,1,
1257802,Sahaspur,Uttar Pradesh,IN,29.12125,78.62273,Asia/Kolkata,1,
1257804,Saharsa,Bihar,IN,25.87498,86.59611,Asia/Kolkata,1,
1257806,Saharanpur,Uttar Pradesh,IN,29.9679,77.54522,Asia/Kolkata,1,
1348788,Sahapur,West Bengal,IN,22.52444,88.16694,Asia/Kolkata,1,
1257830,Sagauli,Bihar,IN,26.7639,84.74341,Asia/Kolkata,1,
1257851,Sagar,Karnataka,IN,14.16498,75.02901,Asia/Kolkata,1,
1257854,Safipur,Uttar Pradesh,IN,26.73783,80.3435,Asia/Kolkata,1,
1257855,Safidon,Haryana,IN,29.40596,76.67042,Asia/Kolkata,1,
1257865,Sadri,Rajasthan,IN,25.18555,73.45288,Asia/Kolkata,1,
1257887,Sadat,Uttar Pradesh,IN,25.67117,83.30269,Asia/Kolkata,1,
1257890,Sadashivpet,Telangana,IN,17.61925,77.95263,Asia/Kolkata,1,
1257895,Sadalgi,Karnataka,IN,16.5587,74.53211,Asia/Kolkata,1,
1257896,Sadabad,Uttar Pradesh,IN,27.43818,78.03758,Asia/Kolkata,1,
1257901,Sachin,Gujarat,IN,21.08718,72.88153,Asia/Kolkata,1,
1257908,Sabrum,Tripura,IN,23.00153,91.72427,Asia/Kolkata,1,
1257919,Sabathu,Himachal Pradesh,IN,30.97494,76.99137,Asia/Kolkata,1,
1257928,Sabalgarh,Madhya Pradesh,IN,26.24918,77.40786,Asia/Kolkata,1,
12261414,S. Rayavaram,Andhra Pradesh,IN,17.4546,82.8062,Asia/Kolkata,1,
1257936,Rusera,Bihar,IN,25.75355,86.02597,Asia/Kolkata,1,
1257940,Rura,Uttar Pradesh,IN,26.49001,79.90108,Asia/Kolkata,1,
1258003,Rudraprayag,Uttarakhand,IN,30.28467,78.98354,Asia/Kolkata,1,
1258012,Rudarpur,Uttar Pradesh,IN,26.44467,83.61302,Asia/Kolkata,1,
1257951,Ropar,Punjab,IN,30.96896,76.52695,Asia/Kolkata,1,
1258044,Roorkee,Uttarakhand,IN,29.86632,77.89118,Asia/Kolkata,1,
1258061,Ron,Karnataka,IN,15.69935,75.73408,Asia/Kolkata,1,
1258076,Rohtak,Haryana,IN,28.89447,76.58917,Asia/Kolkata,1,
1258078,Rohru,Himachal Pradesh,IN,31.20269,77.75484,Asia/Kolkata,1,
12069922,Rohini,Delhi,IN,28.74322,77.06778,Asia/Kolkata,1,
1258099,Roha,Maharashtra,IN,18.43687,73.11964,Asia/Kolkata,1,
1258098,Roha,Gujarat,IN,23.19646,69.27076,Asia/Kolkata,1,
1258109,Robertsonpet,Karnataka,IN,12.95629,78.27539,Asia/Kolkata,1,
1258111,Robertsganj,Uttar Pradesh,IN,24.6886,83.06784,Asia/Kolkata,1,
1258124,Risod,Maharashtra,IN,19.97671,76.78799,Asia/Kolkata,1,
1258126,Rishra,West Bengal,IN,22.72394,88.34563,Asia/Kolkata,1,
1258128,Rishikesh,Uttarakhand,IN,30.10778,78.29255,Asia/Kolkata,1,
1258140,Ringas,Rajasthan,IN,27.3636,75.56838,Asia/Kolkata,1,
1258164,Richha,Uttar Pradesh,IN,28.69467,79.52284,Asia/Kolkata,1,
1258167,Riasi,Jammu And Kashmir,IN,33.08115,74.83242,Asia/Kolkata,1,
1258178,Rewari,Haryana,IN,28.199,76.6183,Asia/Kolkata,1,
1258182,Rewa,Madhya Pradesh,IN,24.53256,81.29234,Asia/Kolkata,1,
1258186,Revelganj,Bihar,IN,25.78976,84.63596,Asia/Kolkata,1,
1258190,Revadanda,Maharashtra,IN,18.55363,72.92559,Asia/Kolkata,1,
11184460,Resubelpara,Meghalaya,IN,25.90404,90.60747,Asia/Kolkata,1,
1258201,Repalle,Andhra Pradesh,IN,16.0184,80.82958,Asia/Kolkata,1,
1258203,Reoti,Uttar Pradesh,IN,25.85091,84.3778,Asia/Kolkata,1,
1258207,Renukut,Uttar Pradesh,IN,24.21641,83.0358,Asia/Kolkata,1,
1258213,Renigunta,Andhra Pradesh,IN,13.65143,79.51256,Asia/Kolkata,1,
1258221,Rengali,Odisha,IN,21.64602,84.05311,Asia/Kolkata,1,
1258229,Remuna,Odisha,IN,21.52798,86.87156,Asia/Kolkata,1,
1258242,Rehti,Madhya Pradesh,IN,22.73781,77.43399,Asia/Kolkata,1,
1258247,Rehli,Madhya Pradesh,IN,23.63722,79.06275,Asia/Kolkata,1,
12261431,Reddivaripalle,Andhra Pradesh,IN,13.6031,79.0466,Asia/Kolkata,1,
1258269,Razole,Andhra Pradesh,IN,16.47608,81.83912,Asia/Kolkata,1,
1258922,Razampeta,Andhra Pradesh,IN,14.19544,79.15896,Asia/Kolkata,1,
1258270,Razam,Andhra Pradesh,IN,18.44909,83.65957,Asia/Kolkata,1,
1258278,Raybag,Karnataka,IN,16.49178,74.77391,Asia/Kolkata,1,
1258290,Rayadrug,Andhra Pradesh,IN,14.69971,76.85241,Asia/Kolkata,1,
1258291,Rayachoti,Andhra Pradesh,IN,14.05723,78.75056,Asia/Kolkata,1,
1258292,Raya,Uttar Pradesh,IN,27.55607,77.78972,Asia/Kolkata,1,
1258293,Ray,Jharkhand,IN,23.6843,85.05457,Asia/Kolkata,1,
1258294,Raxaul,Bihar,IN,26.97982,84.85065,Asia/Kolkata,1,
1258295,Rawatsar,Rajasthan,IN,29.26724,74.40288,Asia/Kolkata,1,
1258297,Rawatbhata,Rajasthan,IN,24.92981,75.59209,Asia/Kolkata,1,
1258307,Raver,Maharashtra,IN,21.24757,76.03509,Asia/Kolkata,1,
1258315,Raurkela,Odisha,IN,22.22496,84.86414,Asia/Kolkata,1,
1258338,Ratnagiri,Maharashtra,IN,16.99154,73.31022,Asia/Kolkata,1,
1258342,Ratlam,Madhya Pradesh,IN,23.33033,75.04032,Asia/Kolkata,1,
1258347,Ratia,Haryana,IN,29.69029,75.57688,Asia/Kolkata,1,
1258352,Rath,Uttar Pradesh,IN,25.59474,79.5666,Asia/Kolkata,1,
1258362,Ratanpur,Chhattisgarh,IN,22.2866,82.16823,Asia/Kolkata,1,
1258367,Ratangarh,Madhya Pradesh,IN,24.81667,75.11667,Asia/Kolkata,1,
1258366,Ratangarh,Rajasthan,IN,28.08137,74.61854,Asia/Kolkata,1,
1258375,Rasulabad,Uttar Pradesh,IN,26.74491,80.49012,Asia/Kolkata,1,
1258380,Rasra,Uttar Pradesh,IN,25.8576,83.85487,Asia/Kolkata,1,
1258386,Rasipuram,Tamil Nadu,IN,11.46009,78.18635,Asia/Kolkata,1,
1258406,Rapar,Gujarat,IN,23.57267,70.64718,Asia/Kolkata,1,
1258447,Ranir Bazar,Tripura,IN,23.83463,91.36614,Asia/Kolkata,1,
1258449,Ranipur,Uttar Pradesh,IN,25.25034,79.06204,Asia/Kolkata,1,
1258451,Ranipet,Tamil Nadu,IN,12.92471,79.33331,Asia/Kolkata,1,
1258455,Ranikhet,Uttarakhand,IN,29.64082,79.43229,Asia/Kolkata,1,
1258470,Raniganj,West Bengal,IN,23.6164,87.13061,Asia/Kolkata,1,
1258474,Ranibennur,Karnataka,IN,14.62239,75.62951,Asia/Kolkata,1,
1258477,Rania,Haryana,IN,29.52454,74.83689,Asia/Kolkata,1,
1258478,Rani,Rajasthan,IN,25.35031,73.30885,Asia/Kolkata,1,
1258484,Rangpo,Sikkim,IN,27.17733,88.53358,Asia/Kolkata,1,
1258492,Rangia,Assam,IN,26.44931,91.61356,Asia/Kolkata,1,
1258501,Rangapara,Assam,IN,26.83772,92.66876,Asia/Kolkata,1,
1258526,Ranchi,Jharkhand,IN,23.34316,85.3094,Asia/Kolkata,1,
1258534,Ranavav,Gujarat,IN,21.68734,69.74485,Asia/Kolkata,1,
1258537,Ranapur,Madhya Pradesh,IN,22.64704,74.52118,Asia/Kolkata,1,
1258546,Ranaghat,West Bengal,IN,23.17623,88.56667,Asia/Kolkata,1,
1258553,Ramtek,Maharashtra,IN,21.39562,79.32725,Asia/Kolkata,1,
1258592,Rampura,Madhya Pradesh,IN,24.467,75.43996,Asia/Kolkata,1,
1258590,Rampura,Uttar Pradesh,IN,26.34967,79.18234,Asia/Kolkata,1,
1258584,Rampura,Punjab,IN,30.256,75.24116,Asia/Kolkata,1,
1258581,Rampur Hat,West Bengal,IN,24.17737,87.78275,Asia/Kolkata,1,
1258599,Rampur,Uttar Pradesh,IN,28.81014,79.02699,Asia/Kolkata,1,
1258598,Rampur,Uttar Pradesh,IN,29.8062,77.45251,Asia/Kolkata,1,
1258596,Rampur,Himachal Pradesh,IN,31.44943,77.63087,Asia/Kolkata,1,
1274021,Rampachodavaram,Andhra Pradesh,IN,17.44088,81.77558,Asia/Kolkata,1,
1348671,Ramnagar,West Bengal,IN,22.77778,88.24639,Asia/Kolkata,1,
1258642,Ramnagar,Uttar Pradesh,IN,25.26907,83.02971,Asia/Kolkata,1,
1258640,Ramnagar,Uttar Pradesh,IN,27.08499,81.40575,Asia/Kolkata,1,
1258639,Ramnagar,Bihar,IN,27.16371,84.32342,Asia/Kolkata,1,
1258637,Ramnagar,Uttarakhand,IN,29.3925,79.1283,Asia/Kolkata,1,
1258635,Ramnagar,Jammu And Kashmir,IN,32.80728,75.31119,Asia/Kolkata,1,
1258652,Ramkola,Uttar Pradesh,IN,26.90172,83.83758,Asia/Kolkata,1,
1258658,Ramjibanpur,West Bengal,IN,22.82815,87.60888,Asia/Kolkata,1,
1258662,Ramgundam,Telangana,IN,18.80084,79.45206,Asia/Kolkata,1,
1258686,Ramgarh,Jharkhand,IN,23.6303,85.52156,Asia/Kolkata,1,
1258677,Ramgarh,Rajasthan,IN,27.25097,75.17893,Asia/Kolkata,1,
1258669,Ramgarh,Jammu And Kashmir,IN,33.40379,74.22388,Asia/Kolkata,1,
1258692,Ramganj Mandi,Rajasthan,IN,24.64648,75.94325,Asia/Kolkata,1,
1258698,Rameswaram,Tamil Nadu,IN,9.2885,79.31271,Asia/Kolkata,1,
1348600,Ramchandrapur,West Bengal,IN,22.89639,88.47528,Asia/Kolkata,1,
1258714,Rambha,Odisha,IN,19.51667,85.1,Asia/Kolkata,1,
1258715,Ramban,Jammu And Kashmir,IN,33.24278,75.23513,Asia/Kolkata,1,
1258726,Ramapuram,Andhra Pradesh,IN,13.10091,79.1841,Asia/Kolkata,1,
1258724,Ramapuram,Andhra Pradesh,IN,15.28749,77.86722,Asia/Kolkata,1,
1258731,Ramanuj Ganj,Chhattisgarh,IN,23.80637,83.69981,Asia/Kolkata,1,
7302846,Ramanayyapeta,Andhra Pradesh,IN,16.94516,82.2385,Asia/Kolkata,1,
1258740,Ramanathapuram,Tamil Nadu,IN,9.37158,78.83077,Asia/Kolkata,1,
1258747,Ramamangalam,Kerala,IN,9.93333,76.5,Asia/Kolkata,1,
8347656,Ramagundam,Telangana,IN,18.755,79.474,Asia/Kolkata,1,
1258756,Ramachandrapuram,Andhra Pradesh,IN,16.83636,82.02871,Asia/Kolkata,1,
1258708,Ram Das,Punjab,IN,31.96739,74.9087,Asia/Kolkata,1,
1258786,Rajura,Maharashtra,IN,19.77947,79.36459,Asia/Kolkata,1,
1258788,Rajur,Maharashtra,IN,20.11087,78.89311,Asia/Kolkata,1,
1258795,Rajula,Gujarat,IN,21.03854,71.44345,Asia/Kolkata,1,
1258797,Rajsamand,Rajasthan,IN,25.07145,73.8798,Asia/Kolkata,1,
1258803,Rajpura,Punjab,IN,30.47856,76.59284,Asia/Kolkata,1,
1255783,Rajpur Sonarpur,West Bengal,IN,22.4382,88.43205,Asia/Kolkata,1,
1258816,Rajpur,Madhya Pradesh,IN,21.94022,75.13608,Asia/Kolkata,1,
1258815,Rajpur,Madhya Pradesh,IN,22.30393,74.35568,Asia/Kolkata,1,
1258819,Rajpipla,Gujarat,IN,21.86667,73.5,Asia/Kolkata,1,
1258835,Rajnagar,Madhya Pradesh,IN,24.88929,79.91178,Asia/Kolkata,1,
1258843,Rajmahal,Jharkhand,IN,25.05303,87.83048,Asia/Kolkata,1,
1258847,Rajkot,Gujarat,IN,22.29161,70.79322,Asia/Kolkata,1,
1258859,Rajgurunagar,Maharashtra,IN,18.86667,73.9,Asia/Kolkata,1,
1258864,Rajgir,Bihar,IN,25.02828,85.42079,Asia/Kolkata,1,
1258876,Rajgarh,Madhya Pradesh,IN,22.67821,74.94483,Asia/Kolkata,1,
1258875,Rajgarh,Madhya Pradesh,IN,24.00826,76.7325,Asia/Kolkata,1,
1258869,Rajgarh,Rajasthan,IN,27.23731,76.62243,Asia/Kolkata,1,
1258868,Rajgarh,Rajasthan,IN,28.64201,75.38612,Asia/Kolkata,1,
1258867,Rajgarh,Himachal Pradesh,IN,30.85142,77.30066,Asia/Kolkata,1,
1258914,Rajapur,Maharashtra,IN,16.65679,73.51701,Asia/Kolkata,1,
1258911,Rajapur,Uttar Pradesh,IN,25.38725,81.15125,Asia/Kolkata,1,
1258916,Rajapalaiyam,Tamil Nadu,IN,9.45296,77.55335,Asia/Kolkata,1,
1258891,Rajaori,Jammu And Kashmir,IN,33.37526,74.3092,Asia/Kolkata,1,
1258928,Rajaldesar,Rajasthan,IN,28.02849,74.47442,Asia/Kolkata,1,
1258930,Rajakhera,Rajasthan,IN,26.89802,78.171,Asia/Kolkata,1,
1258932,Rajahmundry,Andhra Pradesh,IN,17.00517,81.77784,Asia/Kolkata,1,
1258903,Raja Sansi,Punjab,IN,31.72021,74.8008,Asia/Kolkata,1,
1258831,Raj-Nandgaon,Chhattisgarh,IN,21.09687,81.0289,Asia/Kolkata,1,
1258942,Raiwala Bara,Uttarakhand,IN,30.01864,78.2293,Asia/Kolkata,1,
1258950,Raisinghnagar,Rajasthan,IN,29.53583,73.44917,Asia/Kolkata,1,
1258952,Raisen,Madhya Pradesh,IN,23.33033,77.7811,Asia/Kolkata,1,
1258980,Raipur,Chhattisgarh,IN,21.23333,81.63333,Asia/Kolkata,1,
1258972,Raipur,Rajasthan,IN,26.04259,74.02373,Asia/Kolkata,1,
1258967,Raipur,Uttarakhand,IN,30.31097,78.08979,Asia/Kolkata,1,
1258993,Raikot,Punjab,IN,30.65,75.6,Asia/Kolkata,1,
1259005,Raigarh,Chhattisgarh,IN,21.89764,83.3966,Asia/Kolkata,1,
1259009,Raiganj,West Bengal,IN,25.61281,88.12449,Asia/Kolkata,1,
1259012,Raichur,Karnataka,IN,16.20546,77.35567,Asia/Kolkata,1,
1259017,Raia,Goa,IN,15.30499,73.97096,Asia/Kolkata,1,
1259019,Rahuri,Maharashtra,IN,19.39069,74.64979,Asia/Kolkata,1,
1259022,Rahon,Punjab,IN,31.05275,76.11907,Asia/Kolkata,1,
1259026,Rahimatpur,Maharashtra,IN,17.5921,74.19966,Asia/Kolkata,1,
1259034,Rahatgarh,Madhya Pradesh,IN,23.78968,78.39473,Asia/Kolkata,1,
1259039,Raha,Assam,IN,26.23333,92.51667,Asia/Kolkata,1,
1259049,Raghunathpur,West Bengal,IN,23.53878,86.6735,Asia/Kolkata,1,
1259047,Raghunathpur,Bihar,IN,25.64492,87.91762,Asia/Kolkata,1,
1348789,Raghudebbati,West Bengal,IN,22.52556,88.19583,Asia/Kolkata,1,
1259056,Raghogarh,Madhya Pradesh,IN,24.44318,77.19768,Asia/Kolkata,1,
1259060,Rafiganj,Bihar,IN,24.81757,84.63445,Asia/Kolkata,1,
1259064,Raebareli,Uttar Pradesh,IN,26.2309,81.23315,Asia/Kolkata,1,
1259069,Radhanpur,Gujarat,IN,23.83238,71.6047,Asia/Kolkata,1,
1259072,Radhakund,Uttar Pradesh,IN,27.52432,77.49101,Asia/Kolkata,1,
1259075,Radaur,Haryana,IN,30.02706,77.15177,Asia/Kolkata,1,
1259082,Rabupura,Uttar Pradesh,IN,28.25153,77.60253,Asia/Kolkata,1,
1259083,Rabkavi,Karnataka,IN,16.47567,75.1106,Asia/Kolkata,1,
7302845,Quthbullapur,Telangana,IN,17.50107,78.45818,Asia/Kolkata,1,
1259094,Queula,Goa,IN,15.39011,73.98557,Asia/Kolkata,1,
1259098,Quepem,Goa,IN,15.2128,74.0772,Asia/Kolkata,1,
1259102,Qazigund,Jammu And Kashmir,IN,33.63828,75.14261,Asia/Kolkata,1,
1259110,Qadian,Punjab,IN,31.82198,75.37663,Asia/Kolkata,1,
1259124,Puttur,Karnataka,IN,12.75975,75.20169,Asia/Kolkata,1,
1259123,Puttur,Andhra Pradesh,IN,13.44189,79.55314,Asia/Kolkata,1,
6621344,Puttaparthi,Andhra Pradesh,IN,14.1652,77.8117,Asia/Kolkata,1,
1259148,Pushkar,Rajasthan,IN,26.49022,74.55211,Asia/Kolkata,1,
1259154,Pusad,Maharashtra,IN,19.91274,77.57838,Asia/Kolkata,1,
1259157,Purwa,Uttar Pradesh,IN,26.45756,80.77403,Asia/Kolkata,1,
1259158,Purushottampur,Odisha,IN,19.52024,84.88514,Asia/Kolkata,1,
1259163,Puruliya,West Bengal,IN,23.33062,86.36303,Asia/Kolkata,1,
1259166,Purnia,Bihar,IN,25.77895,87.47422,Asia/Kolkata,1,
1259177,Purna,Maharashtra,IN,19.1817,77.02566,Asia/Kolkata,1,
1259184,Puri,Odisha,IN,19.79825,85.82494,Asia/Kolkata,1,
1259190,Puranpur,Uttar Pradesh,IN,28.51283,80.14829,Asia/Kolkata,1,
1259210,Pupri,Bihar,IN,26.47079,85.70311,Asia/Kolkata,1,
1259222,Punjai Puliyampatti,Tamil Nadu,IN,11.35163,77.16671,Asia/Kolkata,1,
1259228,Punganuru,Andhra Pradesh,IN,13.36672,78.57186,Asia/Kolkata,1,
1259229,Pune,Maharashtra,IN,18.51957,73.85535,Asia/Kolkata,1,
1259231,Pundri,Haryana,IN,29.76096,76.56034,Asia/Kolkata,1,
1167718,Punch,Jammu And Kashmir,IN,33.77033,74.09254,Asia/Kolkata,1,
1259239,Punasa,Madhya Pradesh,IN,22.23507,76.39335,Asia/Kolkata,1,
1259243,Punalur,Kerala,IN,9.01956,76.92261,Asia/Kolkata,1,
1259244,Punahana,Haryana,IN,27.86371,77.20432,Asia/Kolkata,1,
1259251,Pulwama,Jammu And Kashmir,IN,33.87405,74.89955,Asia/Kolkata,1,
1259259,Pullambadi,Tamil Nadu,IN,10.9411,78.91041,Asia/Kolkata,1,
1259261,Puliyur,Tamil Nadu,IN,10.63375,78.84139,Asia/Kolkata,1,
1259263,Puliyangudi,Tamil Nadu,IN,9.17489,77.39799,Asia/Kolkata,1,
1259264,Pulivendla,Andhra Pradesh,IN,14.42139,78.22502,Asia/Kolkata,1,
1259272,Pulgaon,Maharashtra,IN,20.72204,78.32056,Asia/Kolkata,1,
1259283,Pukhrayan,Uttar Pradesh,IN,26.22375,79.83739,Asia/Kolkata,1,
1348820,Pujali,West Bengal,IN,22.46787,88.14524,Asia/Kolkata,1,
1259290,Puduvayal,Tamil Nadu,IN,13.33015,80.14577,Asia/Kolkata,1,
1259293,Pudur,Tamil Nadu,IN,9.29169,78.13848,Asia/Kolkata,1,
1259292,Pudur,Tamil Nadu,IN,12.99801,79.14352,Asia/Kolkata,1,
1259294,Puduppatti,Tamil Nadu,IN,11.15217,78.21205,Asia/Kolkata,1,
1259297,Pudukkottai,Tamil Nadu,IN,10.38128,78.82141,Asia/Kolkata,1,
1259425,Puducherry,Puducherry,IN,11.93381,79.82979,Asia/Kolkata,1,
1259312,Proddatur,Andhra Pradesh,IN,14.7502,78.54813,Asia/Kolkata,1,
1259338,Pratapgarh,Rajasthan,IN,24.03215,74.78162,Asia/Kolkata,1,
1259337,Pratapgarh,Uttar Pradesh,IN,25.89509,81.9424,Asia/Kolkata,1,
6324621,Powai,Maharashtra,IN,19.1164,72.90471,Asia/Kolkata,1,
1465622,Porur,Tamil Nadu,IN,13.03565,80.15821,Asia/Kolkata,1,
1259385,Port Blair,Andaman And Nicobar,IN,11.66613,92.74635,Asia/Kolkata,1,
1259388,Porsa,Madhya Pradesh,IN,26.67444,78.37081,Asia/Kolkata,1,
1259395,Porbandar,Gujarat,IN,21.64219,69.60929,Asia/Kolkata,1,
1259400,Poonamalle,Tamil Nadu,IN,13.04888,80.11488,Asia/Kolkata,1,
1259408,Ponnuru,Andhra Pradesh,IN,16.06547,80.55203,Asia/Kolkata,1,
7302844,Ponnur,Andhra Pradesh,IN,16.07114,80.54944,Asia/Kolkata,1,
1259409,Ponneri,Tamil Nadu,IN,13.33868,80.19487,Asia/Kolkata,1,
1259411,Ponnani,Kerala,IN,10.76695,75.92523,Asia/Kolkata,1,
1259412,Ponnampet,Karnataka,IN,12.14473,75.94514,Asia/Kolkata,1,
1259413,Ponnamaravati,Tamil Nadu,IN,10.28032,78.53601,Asia/Kolkata,1,
1260456,Ponmana,Kerala,IN,9.00798,76.52023,Asia/Kolkata,1,
1259429,Ponda,Goa,IN,15.40341,74.01519,Asia/Kolkata,1,
1259434,Polur,Tamil Nadu,IN,12.51217,79.12405,Asia/Kolkata,1,
1259440,Pollachi,Tamil Nadu,IN,10.65825,77.0085,Asia/Kolkata,1,
1259444,Polavaram,Andhra Pradesh,IN,17.24754,81.64372,Asia/Kolkata,1,
1259446,Polasara,Odisha,IN,19.69386,84.81401,Asia/Kolkata,1,
1259460,Pokaran,Rajasthan,IN,26.92007,71.91631,Asia/Kolkata,1,
1259503,Pithoragarh,Uttarakhand,IN,29.58349,80.20947,Asia/Kolkata,1,
1259505,Pithora,Chhattisgarh,IN,21.25021,82.51707,Asia/Kolkata,1,
1259508,Pithapuram,Andhra Pradesh,IN,17.1168,82.25284,Asia/Kolkata,1,
7279595,Pithampur,Madhya Pradesh,IN,22.60197,75.69649,Asia/Kolkata,1,
7290413,Pitampura,Delhi,IN,28.68964,77.13126,Asia/Kolkata,1,
1259530,Piro,Bihar,IN,25.33218,84.40454,Asia/Kolkata,1,
1259535,Piriyapatna,Karnataka,IN,12.33497,76.10073,Asia/Kolkata,1,
1259540,Pirawa,Rajasthan,IN,24.15506,76.02728,Asia/Kolkata,1,
1259541,Piravam,Kerala,IN,9.86667,76.5,Asia/Kolkata,1,
1259552,Pipri,Maharashtra,IN,19.79371,75.53519,Asia/Kolkata,1,
1259554,Pipraich,Uttar Pradesh,IN,26.82745,83.52632,Asia/Kolkata,1,
1259562,Pippara,Andhra Pradesh,IN,16.71667,81.55,Asia/Kolkata,1,
1259571,Piploda,Madhya Pradesh,IN,23.35,75.43333,Asia/Kolkata,1,
1259592,Pipili,Odisha,IN,20.11357,85.83147,Asia/Kolkata,1,
1259608,Pipar,Rajasthan,IN,26.38441,73.54394,Asia/Kolkata,1,
1259617,Pipalkoti,Uttarakhand,IN,30.42553,79.43066,Asia/Kolkata,1,
1259630,Pinjaur,Haryana,IN,30.79873,76.91822,Asia/Kolkata,1,
1259638,Pindwara,Rajasthan,IN,24.79749,73.05505,Asia/Kolkata,1,
1259647,Pinahat,Uttar Pradesh,IN,26.88487,78.37647,Asia/Kolkata,1,
1259652,Pimpri,Maharashtra,IN,18.62292,73.80696,Asia/Kolkata,1,
1259680,Pilkhua,Uttar Pradesh,IN,28.71271,77.656,Asia/Kolkata,1,
1259686,Pilibhit,Uttar Pradesh,IN,28.63124,79.80436,Asia/Kolkata,1,
1259688,Pilibangan,Rajasthan,IN,29.44964,74.10093,Asia/Kolkata,1,
1259693,Pilani,Rajasthan,IN,28.36725,75.60352,Asia/Kolkata,1,
1259701,Pihani,Uttar Pradesh,IN,27.61987,80.20343,Asia/Kolkata,1,
1259735,Phulpur,Uttar Pradesh,IN,25.54895,82.0895,Asia/Kolkata,1,
1259734,Phulpur,Uttar Pradesh,IN,26.07779,82.87608,Asia/Kolkata,1,
1259744,Phulera,Rajasthan,IN,26.87401,75.24171,Asia/Kolkata,1,
1259756,Phulbani,Odisha,IN,20.48101,84.23063,Asia/Kolkata,1,
1259773,Phirangipuram,Andhra Pradesh,IN,16.29078,80.26233,Asia/Kolkata,1,
1259775,Phillaur,Punjab,IN,31.01887,75.79111,Asia/Kolkata,1,
11875591,Pherzawl,Manipur,IN,24.26227,93.18873,Asia/Kolkata,1,
1259784,Phek,Manipur,IN,25.66667,94.5,Asia/Kolkata,1,
1259795,Phariha,Uttar Pradesh,IN,27.32166,78.47267,Asia/Kolkata,1,
1259801,Phaphund,Uttar Pradesh,IN,26.59888,79.46437,Asia/Kolkata,1,
1259811,Phaltan,Maharashtra,IN,17.99113,74.43177,Asia/Kolkata,1,
1259813,Phalodi,Rajasthan,IN,27.13102,72.36826,Asia/Kolkata,1,
1259818,Phalauda,Uttar Pradesh,IN,29.18824,77.82996,Asia/Kolkata,1,
1259827,Phagwara,Punjab,IN,31.22452,75.77387,Asia/Kolkata,1,
1259840,Petlawad,Madhya Pradesh,IN,23.01102,74.79772,Asia/Kolkata,1,
1259841,Petlad,Gujarat,IN,22.47681,72.79995,Asia/Kolkata,1,
1259880,Perya,Kerala,IN,11.83334,75.85408,Asia/Kolkata,1,
1259853,Perur,Tamil Nadu,IN,10.97519,76.91292,Asia/Kolkata,1,
1465828,Perungudi,Tamil Nadu,IN,12.96095,80.24094,Asia/Kolkata,1,
1259855,Perundurai,Tamil Nadu,IN,11.27564,77.58794,Asia/Kolkata,1,
1259857,Perumpavur,Kerala,IN,10.11544,76.47611,Asia/Kolkata,1,
7279739,Perumbavoor,Kerala,IN,10.10695,76.47366,Asia/Kolkata,1,
1259869,Pernem,Goa,IN,15.723,73.79511,Asia/Kolkata,1,
7290222,Periyapattinam,Tamil Nadu,IN,9.27263,78.90232,Asia/Kolkata,1,
1259875,Periyapatti,Tamil Nadu,IN,10.75812,77.27087,Asia/Kolkata,1,
1259877,Periyanegamam,Tamil Nadu,IN,10.74317,77.10296,Asia/Kolkata,1,
1259878,Periyanayakkanpalaiyam,Tamil Nadu,IN,11.15255,76.95159,Asia/Kolkata,1,
1259879,Periyakulam,Tamil Nadu,IN,10.12268,77.54372,Asia/Kolkata,1,
1259890,Peravurani,Tamil Nadu,IN,10.29035,79.20156,Asia/Kolkata,1,
1259892,Peranampattu,Tamil Nadu,IN,12.9343,78.7189,Asia/Kolkata,1,
1259893,Peranamallur,Tamil Nadu,IN,12.57052,79.43332,Asia/Kolkata,1,
1259896,Perambalur,Tamil Nadu,IN,11.23333,78.88333,Asia/Kolkata,1,
1259898,Peraiyur,Tamil Nadu,IN,9.73579,77.78955,Asia/Kolkata,1,
1259905,Penukonda,Andhra Pradesh,IN,14.08286,77.59473,Asia/Kolkata,1,
1259907,Penugonda,Andhra Pradesh,IN,16.65363,81.7455,Asia/Kolkata,1,
1259914,Pennathur,Tamil Nadu,IN,12.24681,79.22592,Asia/Kolkata,1,
1259916,Pennagaram,Tamil Nadu,IN,12.13433,77.89525,Asia/Kolkata,1,
1259917,Pennadam,Tamil Nadu,IN,11.40389,79.24156,Asia/Kolkata,1,
1259924,Pendra,Chhattisgarh,IN,22.77548,81.95968,Asia/Kolkata,1,
1259931,Pen,Maharashtra,IN,18.73734,73.09603,Asia/Kolkata,1,
1259939,Pehowa,Haryana,IN,29.97897,76.58249,Asia/Kolkata,1,
1259954,Peddapuram,Andhra Pradesh,IN,17.07701,82.13836,Asia/Kolkata,1,
1259961,Peddapalli,Telangana,IN,18.61357,79.37442,Asia/Kolkata,1,
7303915,Pedda Nakkalapalem,Andhra Pradesh,IN,15.8668,80.16202,Asia/Kolkata,1,
12261433,Pedda Bhogili,Andhra Pradesh,IN,18.6612,83.3784,Asia/Kolkata,1,
1259986,Pedana,Andhra Pradesh,IN,16.25582,81.14378,Asia/Kolkata,1,
1259994,Payyannur,Kerala,IN,12.0935,75.20249,Asia/Kolkata,1,
1260022,Pawni,Maharashtra,IN,20.79229,79.63644,Asia/Kolkata,1,
1260003,Pawayan,Uttar Pradesh,IN,28.06626,80.10305,Asia/Kolkata,1,
1260009,Pawai,Madhya Pradesh,IN,24.26635,80.16196,Asia/Kolkata,1,
7303913,Pavuluru,Andhra Pradesh,IN,15.85292,80.16468,Asia/Kolkata,1,
1260014,Pavugada,Karnataka,IN,14.09953,77.28018,Asia/Kolkata,1,
1260016,Pauri,Uttarakhand,IN,30.15286,78.7771,Asia/Kolkata,1,
1260035,Patur,Maharashtra,IN,20.46093,76.93725,Asia/Kolkata,1,
1260038,Patuli,West Bengal,IN,23.55286,88.26473,Asia/Kolkata,1,
1260040,Pattukkottai,Tamil Nadu,IN,10.42358,79.31949,Asia/Kolkata,1,
1260046,Patti,Uttar Pradesh,IN,25.9215,82.20048,Asia/Kolkata,1,
1260045,Patti,Punjab,IN,31.28092,74.85849,Asia/Kolkata,1,
1260050,Pattan,Jammu And Kashmir,IN,34.16125,74.55634,Asia/Kolkata,1,
1260064,Patrasaer,West Bengal,IN,23.19697,87.53319,Asia/Kolkata,1,
1260082,Patnagarh,Odisha,IN,20.70833,83.13263,Asia/Kolkata,1,
1260086,Patna,Bihar,IN,25.59408,85.13563,Asia/Kolkata,1,
1260104,Patiali,Uttar Pradesh,IN,27.69086,78.99823,Asia/Kolkata,1,
1260107,Patiala,Punjab,IN,30.33625,76.3922,Asia/Kolkata,1,
1260120,Pathri,Maharashtra,IN,19.2588,76.43412,Asia/Kolkata,1,
1260129,Patharia,Madhya Pradesh,IN,23.89921,79.19393,Asia/Kolkata,1,
1260134,Pathardih,Jharkhand,IN,23.6658,86.43166,Asia/Kolkata,1,
1260135,Pathardi,Maharashtra,IN,19.17279,75.17425,Asia/Kolkata,1,
1260137,Pathankot,Punjab,IN,32.27484,75.65287,Asia/Kolkata,1,
1260138,Pathanamthitta,Kerala,IN,9.26667,76.78333,Asia/Kolkata,1,
1260141,Pathalgaon,Chhattisgarh,IN,22.55656,83.46355,Asia/Kolkata,1,
1260156,Pataudi,Haryana,IN,28.32547,76.77858,Asia/Kolkata,1,
1260168,Patancheru,Telangana,IN,17.53334,78.2645,Asia/Kolkata,1,
1260177,Patan,Maharashtra,IN,17.37513,73.90143,Asia/Kolkata,1,
1260176,Patan,Chhattisgarh,IN,21.03333,81.53333,Asia/Kolkata,1,
1260174,Patan,Madhya Pradesh,IN,23.28636,79.68962,Asia/Kolkata,1,
1260173,Patan,Gujarat,IN,23.8507,72.12963,Asia/Kolkata,1,
1260178,Patamundai,Odisha,IN,20.57806,86.56063,Asia/Kolkata,1,
1276955,Patamda,Jharkhand,IN,24.3,85.41667,Asia/Kolkata,1,
1260206,Pasighat,Arunachal Pradesh,IN,28.06631,95.32678,Asia/Kolkata,1,
1260210,Pasan,Chhattisgarh,IN,22.84412,82.19823,Asia/Kolkata,1,
7279750,Parwanoo,Himachal Pradesh,IN,30.83716,76.96143,Asia/Kolkata,1,
1260221,Parvatsar,Rajasthan,IN,26.88604,74.76602,Asia/Kolkata,1,
1260222,Parvatipuram,Andhra Pradesh,IN,18.78392,83.42569,Asia/Kolkata,1,
1260228,Partur,Maharashtra,IN,19.59925,76.21541,Asia/Kolkata,1,
1260232,Partapur,Rajasthan,IN,23.59276,74.17396,Asia/Kolkata,1,
1260249,Parshadepur,Uttar Pradesh,IN,26.07354,81.49207,Asia/Kolkata,1,
1260274,Parola,Maharashtra,IN,20.88098,75.11937,Asia/Kolkata,1,
1260275,Parol,Jammu And Kashmir,IN,32.34598,75.43441,Asia/Kolkata,1,
1260281,Parnera,Gujarat,IN,20.56101,72.94846,Asia/Kolkata,1,
1260290,Parli Vaijnath,Maharashtra,IN,18.85057,76.53163,Asia/Kolkata,1,
1260296,Parlakimidi,Andhra Pradesh,IN,18.78113,84.08836,Asia/Kolkata,1,
1260304,Pariyapuram,Kerala,IN,11.01667,75.86667,Asia/Kolkata,1,
1260313,Parichhatgarh,Uttar Pradesh,IN,28.97841,77.93422,Asia/Kolkata,1,
1260314,Parichha,Uttar Pradesh,IN,25.50789,78.75954,Asia/Kolkata,1,
1260335,Pardi,Gujarat,IN,20.5087,72.94569,Asia/Kolkata,1,
1260341,Parbhani,Maharashtra,IN,19.26855,76.77081,Asia/Kolkata,1,
1348734,Parbatipur,West Bengal,IN,22.6625,88.22222,Asia/Kolkata,1,
1260354,Paravur Tekkumbhagam,Kerala,IN,8.7947,76.66798,Asia/Kolkata,1,
1260368,Parasia,Madhya Pradesh,IN,22.1913,78.75904,Asia/Kolkata,1,
1260387,Paramagudi,Tamil Nadu,IN,9.54633,78.5907,Asia/Kolkata,1,
1260393,Paradip Garh,Odisha,IN,20.31641,86.6085,Asia/Kolkata,1,
1260406,Pappinissheri,Kerala,IN,11.95655,75.34034,Asia/Kolkata,1,
1260407,Papparappatti,Tamil Nadu,IN,12.22086,78.0592,Asia/Kolkata,1,
1260410,Papireddippatti,Tamil Nadu,IN,11.91774,78.36865,Asia/Kolkata,1,
1260417,Papanasam,Tamil Nadu,IN,10.92687,79.27056,Asia/Kolkata,1,
1260421,Paonta Sahib,Himachal Pradesh,IN,30.43666,77.62462,Asia/Kolkata,1,
1260434,Panvel,Maharashtra,IN,18.98878,73.11013,Asia/Kolkata,1,
1260447,Pansemal,Madhya Pradesh,IN,21.65981,74.69937,Asia/Kolkata,1,
1260448,Panruti,Tamil Nadu,IN,11.77662,79.55269,Asia/Kolkata,1,
1260454,Panna,Madhya Pradesh,IN,24.72094,80.18772,Asia/Kolkata,1,
1260476,Panipat,Haryana,IN,29.38747,76.96825,Asia/Kolkata,1,
1260482,Panihati,West Bengal,IN,22.69089,88.37404,Asia/Kolkata,1,
1260488,Panhala,Maharashtra,IN,16.8121,74.11007,Asia/Kolkata,1,
11875617,Pangin,Arunachal Pradesh,IN,28.21022,94.98873,Asia/Kolkata,1,
1260506,Pangala,Karnataka,IN,13.25,74.75,Asia/Kolkata,1,
1260527,Pandua,West Bengal,IN,23.07492,88.28637,Asia/Kolkata,1,
1260537,Pandoh,Himachal Pradesh,IN,31.66902,77.05359,Asia/Kolkata,1,
1260543,Pandhurna,Madhya Pradesh,IN,21.59556,78.52628,Asia/Kolkata,1,
1260546,Pandharpur,Maharashtra,IN,17.67924,75.33098,Asia/Kolkata,1,
1260548,Pandhana,Madhya Pradesh,IN,21.69816,76.22487,Asia/Kolkata,1,
1260555,Pandatarai,Chhattisgarh,IN,22.18714,81.32815,Asia/Kolkata,1,
1260556,Pandaria,Chhattisgarh,IN,22.22495,81.40994,Asia/Kolkata,1,
1348785,Panchla,West Bengal,IN,22.53665,88.13785,Asia/Kolkata,1,
6690108,Panchkula,Haryana,IN,30.69461,76.8504,Asia/Kolkata,1,
1260577,Panchgani,Maharashtra,IN,17.92449,73.8008,Asia/Kolkata,1,
1260600,Panara,Madhya Pradesh,IN,22.20568,78.55093,Asia/Kolkata,1,
1260606,Panamaram,Kerala,IN,11.74014,76.07369,Asia/Kolkata,1,
1260607,Panaji,Goa,IN,15.49574,73.82624,Asia/Kolkata,1,
1260612,Panagar,Madhya Pradesh,IN,23.28539,79.99509,Asia/Kolkata,1,
7302847,Palwancha,Telangana,IN,17.58152,80.67651,Asia/Kolkata,1,
1260637,Palwal,Haryana,IN,28.14469,77.32546,Asia/Kolkata,1,
1260667,Paloncha,Telangana,IN,17.60184,80.70509,Asia/Kolkata,1,
1260674,Palmaner,Andhra Pradesh,IN,13.2,78.74725,Asia/Kolkata,1,
1260681,Pallippatti,Tamil Nadu,IN,11.9399,78.40161,Asia/Kolkata,1,
1260683,Pallipattu,Tamil Nadu,IN,13.3386,79.44489,Asia/Kolkata,1,
1260685,Pallikondai,Tamil Nadu,IN,12.90518,78.9427,Asia/Kolkata,1,
1260688,Pallevada,Andhra Pradesh,IN,16.5779,81.29463,Asia/Kolkata,1,
1260691,Palle,Goa,IN,15.46667,74.08333,Asia/Kolkata,1,
1260692,Pallavaram,Tamil Nadu,IN,12.96796,80.15025,Asia/Kolkata,1,
1260693,Pallattur,Tamil Nadu,IN,10.14609,78.80309,Asia/Kolkata,1,
1260694,Pallappatti,Tamil Nadu,IN,10.72057,77.87951,Asia/Kolkata,1,
1260697,Palladam,Tamil Nadu,IN,10.99175,77.28633,Asia/Kolkata,1,
1260702,Palkonda,Andhra Pradesh,IN,18.60374,83.75568,Asia/Kolkata,1,
1260706,Paliyad,Gujarat,IN,22.25757,71.56024,Asia/Kolkata,1,
1260707,Palitana,Gujarat,IN,21.52519,71.82309,Asia/Kolkata,1,
1260713,Palia Kalan,Uttar Pradesh,IN,28.43205,80.58137,Asia/Kolkata,1,
1260718,Pali,Madhya Pradesh,IN,23.36453,81.04374,Asia/Kolkata,1,
1260717,Pali,Uttar Pradesh,IN,24.49188,78.41617,Asia/Kolkata,1,
1260716,Pali,Rajasthan,IN,25.77276,73.32335,Asia/Kolkata,1,
1260728,Palghat,Kerala,IN,10.77319,76.65366,Asia/Kolkata,1,
1260730,Palghar,Maharashtra,IN,19.69693,72.76543,Asia/Kolkata,1,
1260734,Palera,Madhya Pradesh,IN,25.02013,79.22818,Asia/Kolkata,1,
9212571,Palavakkam,Tamil Nadu,IN,12.9535,80.2572,Asia/Kolkata,1,
1260769,Palasbari,Assam,IN,26.12388,91.53974,Asia/Kolkata,1,
1260771,Palasa,Andhra Pradesh,IN,18.77257,84.41012,Asia/Kolkata,1,
1260777,Palanpur,Gujarat,IN,24.17128,72.43827,Asia/Kolkata,1,
1260671,Palani,Tamil Nadu,IN,10.45034,77.5209,Asia/Kolkata,1,
1260784,Palampur,Himachal Pradesh,IN,32.11453,76.55681,Asia/Kolkata,1,
1260786,Palamedu,Tamil Nadu,IN,10.10501,78.11336,Asia/Kolkata,1,
1260792,Palakollu,Andhra Pradesh,IN,16.5167,81.73,Asia/Kolkata,1,
1260793,Palakkodu,Tamil Nadu,IN,12.30696,78.07022,Asia/Kolkata,1,
7287889,Palackattumala,Kerala,IN,9.74356,76.6294,Asia/Kolkata,1,
1260824,Pakur,Jharkhand,IN,24.63925,87.84239,Asia/Kolkata,1,
12165954,Pakke Kessang,Arunachal Pradesh,IN,27.14665,93.24643,Asia/Kolkata,1,
1260830,Pakala,Andhra Pradesh,IN,13.44903,79.11493,Asia/Kolkata,1,
1260833,Paithan,Maharashtra,IN,19.47506,75.38558,Asia/Kolkata,1,
8604602,Paikpara,West Bengal,IN,24.77121,87.92251,Asia/Kolkata,1,
1260880,Pahlgam,Jammu And Kashmir,IN,34.01592,75.31899,Asia/Kolkata,1,
1260868,Pahasu,Uttar Pradesh,IN,28.1722,78.06376,Asia/Kolkata,1,
1260909,Padrauna,Uttar Pradesh,IN,26.90403,83.98087,Asia/Kolkata,1,
1260911,Padra,Gujarat,IN,22.2398,73.08451,Asia/Kolkata,1,
1260918,Padmanabhapuram,Tamil Nadu,IN,8.24462,77.32581,Asia/Kolkata,1,
1260933,Paddhari,Gujarat,IN,22.43654,70.60162,Asia/Kolkata,1,
1260940,Padampur,Odisha,IN,20.99932,83.06325,Asia/Kolkata,1,
1260938,Padampur,Rajasthan,IN,29.70885,73.62539,Asia/Kolkata,1,
1260942,Padam,Ladakh,IN,33.46659,76.88488,Asia/Kolkata,1,
1260954,Pachperwa,Uttar Pradesh,IN,27.51234,82.64297,Asia/Kolkata,1,
1260959,Pachora,Maharashtra,IN,20.66727,75.35305,Asia/Kolkata,1,
1260962,Pachmarhi,Madhya Pradesh,IN,22.46791,78.43312,Asia/Kolkata,1,
1261068,Ozar,Maharashtra,IN,20.09473,73.92816,Asia/Kolkata,1,
1261008,Ottappalam,Kerala,IN,10.7735,76.37758,Asia/Kolkata,1,
1261012,Osmanabad,Maharashtra,IN,18.18158,76.03889,Asia/Kolkata,1,
1261033,Orchha,Madhya Pradesh,IN,25.35192,78.64033,Asia/Kolkata,1,
1261037,Oran,Uttar Pradesh,IN,25.36882,80.7423,Asia/Kolkata,1,
1261039,Orai,Uttar Pradesh,IN,25.99023,79.45334,Asia/Kolkata,1,
1253993,Ooty,Tamil Nadu,IN,11.4134,76.69521,Asia/Kolkata,1,
1261045,Ongole,Andhra Pradesh,IN,15.50357,80.04454,Asia/Kolkata,1,
1261049,Omalur,Tamil Nadu,IN,11.74099,78.04559,Asia/Kolkata,1,
1261050,Olpad,Gujarat,IN,21.33649,72.75161,Asia/Kolkata,1,
1261066,Okha,Gujarat,IN,22.46756,69.07002,Asia/Kolkata,1,
1261076,Odugattur,Tamil Nadu,IN,12.76793,78.88304,Asia/Kolkata,1,
1261077,Odlabari,West Bengal,IN,26.83644,88.62943,Asia/Kolkata,1,
1261086,Obra,Uttar Pradesh,IN,24.41863,82.98797,Asia/Kolkata,1,
1261107,Nyamti,Karnataka,IN,14.14869,75.57641,Asia/Kolkata,1,
1261110,Nuzvid,Andhra Pradesh,IN,16.78854,80.84593,Asia/Kolkata,1,
1261120,Nurpur Kalan,Punjab,IN,31.16667,76.48333,Asia/Kolkata,1,
1261122,Nurpur,Uttar Pradesh,IN,29.14956,78.4084,Asia/Kolkata,1,
1261124,Nurmahal,Punjab,IN,31.09662,75.59386,Asia/Kolkata,1,
1261142,Numaligarh,Assam,IN,26.62249,93.72225,Asia/Kolkata,1,
1261145,Nuh,Haryana,IN,28.10296,77.00144,Asia/Kolkata,1,
1261162,Nowrangapur,Odisha,IN,19.23114,82.54826,Asia/Kolkata,1,
1261173,North Vanlaiphai,Mizoram,IN,23.13227,93.06532,Asia/Kolkata,1,
1261181,North Lakhimpur,Assam,IN,27.23517,94.10357,Asia/Kolkata,1,
1261186,North Guwahati,Assam,IN,26.19749,91.7202,Asia/Kolkata,1,
1278373,Noria,Jammu And Kashmir,IN,32.52095,74.79845,Asia/Kolkata,1,
1261205,Nongstoin,Meghalaya,IN,25.51704,91.26484,Asia/Kolkata,1,
1261208,Nongpoh,Meghalaya,IN,25.9023,91.87694,Asia/Kolkata,1,
1261227,Nokha,Rajasthan,IN,27.56155,73.47141,Asia/Kolkata,1,
7279746,Noida,Uttar Pradesh,IN,28.58,77.33,Asia/Kolkata,1,
1261234,Nohar,Rajasthan,IN,29.18292,74.77064,Asia/Kolkata,1,
1261242,Noamundi,Jharkhand,IN,22.16094,85.50416,Asia/Kolkata,1,
1261258,Nizamabad,Telangana,IN,18.67154,78.0988,Asia/Kolkata,1,
1261257,Nizamabad,Uttar Pradesh,IN,26.05295,83.05787,Asia/Kolkata,1,
1261262,Niwari,Uttar Pradesh,IN,28.87611,77.5382,Asia/Kolkata,1,
1261614,Niwai,Rajasthan,IN,26.36073,75.91836,Asia/Kolkata,1,
1261283,Nirsa,Jharkhand,IN,23.78438,86.70692,Asia/Kolkata,1,
1261285,Nirmali,Bihar,IN,26.31397,86.58537,Asia/Kolkata,1,
1261288,Nirmal,Telangana,IN,19.09685,78.34407,Asia/Kolkata,1,
1261309,Nipani,Maharashtra,IN,16.399,74.38285,Asia/Kolkata,1,
1261369,Nimbahera,Rajasthan,IN,24.62166,74.67999,Asia/Kolkata,1,
1261375,Nimaparha,Odisha,IN,20.05756,86.00436,Asia/Kolkata,1,
1261378,Nimaj,Rajasthan,IN,26.14995,74.00094,Asia/Kolkata,1,
1261382,Nilokheri,Haryana,IN,29.83671,76.93191,Asia/Kolkata,1,
1261402,Nilgiri,Odisha,IN,21.46235,86.76794,Asia/Kolkata,1,
1261394,Nileshwar,Kerala,IN,12.25953,75.1352,Asia/Kolkata,1,
1261396,Nilanga,Maharashtra,IN,18.11675,76.75279,Asia/Kolkata,1,
1261401,Nilakottai,Tamil Nadu,IN,10.165,77.85024,Asia/Kolkata,1,
1261415,Nihtaur,Uttar Pradesh,IN,29.32416,78.38724,Asia/Kolkata,1,
1261446,Nidadavole,Andhra Pradesh,IN,16.90572,81.67222,Asia/Kolkata,1,
1261451,Nichlaul,Uttar Pradesh,IN,27.31247,83.7253,Asia/Kolkata,1,
1261470,Neyyattinkara,Kerala,IN,8.39854,77.08586,Asia/Kolkata,1,
1261481,New Delhi,Delhi,IN,28.63576,77.22445,Asia/Kolkata,1,
1261497,Neturhat,Jharkhand,IN,23.47457,84.2678,Asia/Kolkata,1,
1261512,Neral,Maharashtra,IN,19.02475,73.31688,Asia/Kolkata,1,
1261517,Nepanagar,Madhya Pradesh,IN,21.4538,76.39335,Asia/Kolkata,1,
1261529,Nellore,Andhra Pradesh,IN,14.44992,79.98697,Asia/Kolkata,1,
1261532,Nellikkuppam,Tamil Nadu,IN,11.77554,79.67016,Asia/Kolkata,1,
1261539,Nelamangala,Karnataka,IN,13.09978,77.39364,Asia/Kolkata,1,
1262260,Negapatam,Tamil Nadu,IN,10.76377,79.84313,Asia/Kolkata,1,
8993350,Neemuch,Rajasthan,IN,24.47639,74.86241,Asia/Kolkata,1,
1261342,Neem Ka Thana,Rajasthan,IN,27.73976,75.78652,Asia/Kolkata,1,
9212568,Neelankarai,Tamil Nadu,IN,12.9495,80.2592,Asia/Kolkata,1,
1261444,Needamangalam,Tamil Nadu,IN,10.77378,79.41875,Asia/Kolkata,1,
1261553,Nedumangad,Kerala,IN,8.60267,77.00139,Asia/Kolkata,1,
1261563,Nazira,Assam,IN,26.91649,94.73611,Asia/Kolkata,1,
1261567,Nayudupet,Andhra Pradesh,IN,13.90742,79.89465,Asia/Kolkata,1,
1261580,Nayagarh,Odisha,IN,20.12882,85.09626,Asia/Kolkata,1,
1261588,Naya Bazar,Sikkim,IN,27.13082,88.23972,Asia/Kolkata,1,
1261607,Nawanshahr,Jammu And Kashmir,IN,32.76505,74.52772,Asia/Kolkata,1,
1261598,Nawanshahr,Punjab,IN,31.1245,76.11613,Asia/Kolkata,1,
1261613,Nawalgarh,Rajasthan,IN,27.85161,75.27384,Asia/Kolkata,1,
1261631,Nawada,Bihar,IN,24.8867,85.54364,Asia/Kolkata,1,
1261642,Nawabganj,Uttar Pradesh,IN,26.86396,82.14103,Asia/Kolkata,1,
1261641,Nawabganj,Uttar Pradesh,IN,26.93129,81.19841,Asia/Kolkata,1,
1261639,Nawabganj,Uttar Pradesh,IN,28.54103,79.63462,Asia/Kolkata,1,
1261638,Nawabganj,Uttar Pradesh,IN,26.49716,80.30934,Asia/Kolkata,1,
1261647,Nawa,Rajasthan,IN,27.0195,75.00226,Asia/Kolkata,1,
1261653,Navsari,Gujarat,IN,20.94237,72.92467,Asia/Kolkata,1,
6619347,Navi Mumbai,Maharashtra,IN,19.03681,73.01582,Asia/Kolkata,1,
1261660,Navelim,Goa,IN,15.53333,73.98333,Asia/Kolkata,1,
1261667,Navalgund,Karnataka,IN,15.55877,75.35305,Asia/Kolkata,1,
1261669,Navadwip,West Bengal,IN,23.4067,88.36861,Asia/Kolkata,1,
1261672,Nautanwa,Uttar Pradesh,IN,27.42752,83.41789,Asia/Kolkata,1,
1261696,Naugachhia,Bihar,IN,25.38807,87.09906,Asia/Kolkata,1,
1261704,Nattarasankottai,Tamil Nadu,IN,9.86905,78.55305,Asia/Kolkata,1,
1261705,Nattam,Tamil Nadu,IN,10.22776,78.22969,Asia/Kolkata,1,
1261711,Nathdwara,Rajasthan,IN,24.93805,73.82392,Asia/Kolkata,1,
1261721,Nasrullahganj,Madhya Pradesh,IN,22.6837,77.27069,Asia/Kolkata,1,
1261722,Nasriganj,Bihar,IN,25.0514,84.32839,Asia/Kolkata,1,
1261726,Naspur,Telangana,IN,18.84577,79.46165,Asia/Kolkata,1,
1261727,Nasirabad,Rajasthan,IN,26.30473,74.73364,Asia/Kolkata,1,
1261731,Nashik,Maharashtra,IN,19.99727,73.79096,Asia/Kolkata,1,
1261736,Narwar,Madhya Pradesh,IN,25.6439,77.9129,Asia/Kolkata,1,
1261739,Narwana,Haryana,IN,29.59903,76.11927,Asia/Kolkata,1,
1261748,Narsipatnam,Andhra Pradesh,IN,17.66709,82.61245,Asia/Kolkata,1,
1261750,Narsingi,Telangana,IN,18.04468,78.42516,Asia/Kolkata,1,
1261752,Narsinghgarh,Madhya Pradesh,IN,23.70758,77.09319,Asia/Kolkata,1,
1261754,Narsimhapur,Madhya Pradesh,IN,22.94936,79.18357,Asia/Kolkata,1,
1261768,Naroda,Gujarat,IN,23.07041,72.65702,Asia/Kolkata,1,
1261771,Narnaund,Haryana,IN,29.22047,76.14278,Asia/Kolkata,1,
1261772,Narnaul,Haryana,IN,28.04444,76.10833,Asia/Kolkata,1,
1261798,Narharpur,Chhattisgarh,IN,20.44892,81.62004,Asia/Kolkata,1,
1261800,Nargund,Karnataka,IN,15.72299,75.38666,Asia/Kolkata,1,
1261806,Narendranagar,Uttarakhand,IN,30.16173,78.28712,Asia/Kolkata,1,
1261809,Narela,Delhi,IN,28.85267,77.09288,Asia/Kolkata,1,
1261810,Naregal,Karnataka,IN,15.57316,75.80805,Asia/Kolkata,1,
1261823,Narayanpet,Telangana,IN,16.74799,77.4954,Asia/Kolkata,1,
1261829,Narayangarh,Madhya Pradesh,IN,24.27083,75.05007,Asia/Kolkata,1,
1261828,Narayangarh,Haryana,IN,30.47798,77.12804,Asia/Kolkata,1,
1261832,Narayanavanam,Andhra Pradesh,IN,13.42565,79.58881,Asia/Kolkata,1,
1261835,Naravarikuppam,Tamil Nadu,IN,13.19133,80.18473,Asia/Kolkata,1,
1261837,Naraura,Uttar Pradesh,IN,28.20147,78.38723,Asia/Kolkata,1,
1261839,Narauli,Uttar Pradesh,IN,28.48547,78.71484,Asia/Kolkata,1,
1261844,Narasingapuram,Andhra Pradesh,IN,13.60759,79.31652,Asia/Kolkata,1,
1261847,Narasimharajapura,Karnataka,IN,13.61075,75.512,Asia/Kolkata,1,
1261848,Narasaraopet,Andhra Pradesh,IN,16.23488,80.04927,Asia/Kolkata,1,
1261852,Narasapur,Andhra Pradesh,IN,16.43425,81.69845,Asia/Kolkata,1,
1261853,Narasannapeta,Andhra Pradesh,IN,18.41428,84.04463,Asia/Kolkata,1,
1261871,Naraini,Madhya Pradesh,IN,25.19033,80.475,Asia/Kolkata,1,
1261872,Naraina,Rajasthan,IN,26.79069,75.20608,Asia/Kolkata,1,
1261882,Napasar,Rajasthan,IN,27.96059,73.55913,Asia/Kolkata,1,
1261901,Nanpara,Uttar Pradesh,IN,27.86459,81.50036,Asia/Kolkata,1,
1261906,Nannilam,Tamil Nadu,IN,10.87933,79.61062,Asia/Kolkata,1,
1261910,Nanjangud,Karnataka,IN,12.11764,76.68397,Asia/Kolkata,1,
1261911,Nanguneri,Tamil Nadu,IN,8.49326,77.65806,Asia/Kolkata,1,
1261913,Nangloi Jat,Delhi,IN,28.67957,77.06799,Asia/Kolkata,1,
8015351,Nangilickondan,Tamil Nadu,IN,12.25539,79.47508,Asia/Kolkata,1,
1261915,Nangavalli,Tamil Nadu,IN,11.76189,77.89093,Asia/Kolkata,1,
1261922,Nangal,Punjab,IN,31.38966,76.37574,Asia/Kolkata,1,
1261927,Nandyal,Andhra Pradesh,IN,15.47799,78.4836,Asia/Kolkata,1,
1261931,Nandurbar,Maharashtra,IN,21.36671,74.24051,Asia/Kolkata,1,
1261932,Nandura Buzurg,Maharashtra,IN,20.83417,76.45924,Asia/Kolkata,1,
1261957,Nandikotkur,Andhra Pradesh,IN,15.85668,78.26569,Asia/Kolkata,1,
1261960,Nandigama,Andhra Pradesh,IN,16.7717,80.28596,Asia/Kolkata,1,
1261971,Nandgaon,Maharashtra,IN,20.3068,74.65501,Asia/Kolkata,1,
1261968,Nandgaon,Uttar Pradesh,IN,27.71102,77.38653,Asia/Kolkata,1,
1261977,Nanded,Maharashtra,IN,19.16023,77.31497,Asia/Kolkata,1,
1465879,Nandambakkam,Tamil Nadu,IN,12.97795,80.06781,Asia/Kolkata,1,
1261998,Nanauta,Uttar Pradesh,IN,29.71215,77.41728,Asia/Kolkata,1,
11184668,Namsai,Arunachal Pradesh,IN,27.66904,95.86395,Asia/Kolkata,1,
1262013,Namrup,Assam,IN,27.19395,95.31929,Asia/Kolkata,1,
1262020,Namli,Madhya Pradesh,IN,23.46115,75.06036,Asia/Kolkata,1,
1262029,Namchi,Sikkim,IN,27.16494,88.3638,Asia/Kolkata,1,
1262032,Nambutalai,Tamil Nadu,IN,9.72766,79.00707,Asia/Kolkata,1,
1262034,Nambiyur,Tamil Nadu,IN,11.35811,77.32115,Asia/Kolkata,1,
1262039,Namakkal,Tamil Nadu,IN,11.22126,78.16524,Asia/Kolkata,1,
1262040,Namagiripettai,Tamil Nadu,IN,11.45513,78.26818,Asia/Kolkata,1,
1262062,Naliya,Gujarat,IN,23.26058,68.82655,Asia/Kolkata,1,
1262065,Nalhati,West Bengal,IN,24.29704,87.82899,Asia/Kolkata,1,
1262067,Nalgonda,Telangana,IN,17.05439,79.26707,Asia/Kolkata,1,
1262073,Naldurg,Maharashtra,IN,17.81667,76.28182,Asia/Kolkata,1,
1262083,Nalagarh,Himachal Pradesh,IN,31.04168,76.72285,Asia/Kolkata,1,
1262089,Nakur,Uttar Pradesh,IN,29.91964,77.30438,Asia/Kolkata,1,
1262092,Naksalbari,West Bengal,IN,26.6827,88.22001,Asia/Kolkata,1,
1262097,Nakodar,Punjab,IN,31.12586,75.47508,Asia/Kolkata,1,
1262109,Najibabad,Uttar Pradesh,IN,29.61194,78.34274,Asia/Kolkata,1,
1262111,Najafgarh,Delhi,IN,28.60922,76.97982,Asia/Kolkata,1,
1262115,Nainwa,Rajasthan,IN,25.77145,75.84978,Asia/Kolkata,1,
1262116,Nainpur,Madhya Pradesh,IN,22.42996,80.10561,Asia/Kolkata,1,
1262117,Naini Tal,Uttarakhand,IN,29.39743,79.44686,Asia/Kolkata,1,
1262131,Naihati,West Bengal,IN,22.89396,88.41521,Asia/Kolkata,1,
1262134,Naigarhi,Madhya Pradesh,IN,24.78686,81.77868,Asia/Kolkata,1,
1262140,Nahorkatiya,Assam,IN,27.28912,95.3418,Asia/Kolkata,1,
7302855,Naharlagun,Arunachal Pradesh,IN,27.10467,93.69518,Asia/Kolkata,1,
1262151,Nahan,Himachal Pradesh,IN,30.56029,77.29426,Asia/Kolkata,1,
1262162,Nagrota,Himachal Pradesh,IN,32.0571,76.09139,Asia/Kolkata,1,
1262168,Nagram,Uttar Pradesh,IN,26.61872,81.14043,Asia/Kolkata,1,
1262180,Nagpur,Maharashtra,IN,21.14631,79.08491,Asia/Kolkata,1,
1262183,Nagothana,Maharashtra,IN,18.54225,73.13493,Asia/Kolkata,1,
1262187,Nagod,Madhya Pradesh,IN,24.56924,80.58809,Asia/Kolkata,1,
1262196,Nagireddipalli,Andhra Pradesh,IN,14.27005,79.10131,Asia/Kolkata,1,
1262200,Nagina,Uttar Pradesh,IN,29.44433,78.43646,Asia/Kolkata,1,
1262204,Nagercoil,Tamil Nadu,IN,8.17899,77.43227,Asia/Kolkata,1,
1262209,Nagda,Madhya Pradesh,IN,23.45834,75.41759,Asia/Kolkata,1,
1262216,Nagaur,Rajasthan,IN,27.20201,73.73394,Asia/Kolkata,1,
11203603,Nagarukhra,West Bengal,IN,22.93938,88.63776,Asia/Kolkata,1,
1262240,Nagari,Andhra Pradesh,IN,13.32139,79.58557,Asia/Kolkata,1,
1262230,Nagar Karnul,Telangana,IN,16.4821,78.32471,Asia/Kolkata,1,
1262253,Nagar,Rajasthan,IN,27.42397,77.09922,Asia/Kolkata,1,
1262252,Nagar,Himachal Pradesh,IN,32.13808,77.17393,Asia/Kolkata,1,
1262266,Nagamangala,Karnataka,IN,12.81939,76.75456,Asia/Kolkata,1,
1262284,Naduvattam,Tamil Nadu,IN,11.48075,76.54365,Asia/Kolkata,1,
1262285,Naduvannur,Kerala,IN,11.48772,75.77511,Asia/Kolkata,1,
1262291,Nadigaon,Uttar Pradesh,IN,26.10784,79.02283,Asia/Kolkata,1,
1262292,Nadiad,Gujarat,IN,22.69385,72.86157,Asia/Kolkata,1,
1262296,Nadbai,Rajasthan,IN,27.22288,77.19569,Asia/Kolkata,1,
1262300,Nadaun,Himachal Pradesh,IN,31.78303,76.3431,Asia/Kolkata,1,
1262302,Nadapuram,Kerala,IN,11.68465,75.65493,Asia/Kolkata,1,
1262318,Nabinagar,Bihar,IN,24.60681,84.12624,Asia/Kolkata,1,
1262319,Nabha,Punjab,IN,30.37577,76.15292,Asia/Kolkata,1,
1262321,Mysore,Karnataka,IN,12.29791,76.63925,Asia/Kolkata,1,
1262330,Muzaffarpur,Bihar,IN,26.12259,85.39055,Asia/Kolkata,1,
1262332,Muzaffarnagar,Uttar Pradesh,IN,29.47091,77.70332,Asia/Kolkata,1,
7279735,Muvattupuzha,Kerala,IN,9.97985,76.57381,Asia/Kolkata,1,
1262338,Muvattupula,Kerala,IN,9.98493,76.57728,Asia/Kolkata,1,
1262346,Muttupet,Tamil Nadu,IN,10.39505,79.49353,Asia/Kolkata,1,
1262369,Mustafabad,Haryana,IN,30.2022,77.14873,Asia/Kolkata,1,
1262374,Mussoorie,Uttarakhand,IN,30.45498,78.07068,Asia/Kolkata,1,
1262380,Musiri,Tamil Nadu,IN,10.95299,78.44427,Asia/Kolkata,1,
9782274,Mushalpur,Assam,IN,26.5792,91.4261,Asia/Kolkata,1,
1262382,Mushabani,Jharkhand,IN,22.51135,86.45713,Asia/Kolkata,1,
1262392,Musafir-Khana,Uttar Pradesh,IN,26.37837,81.79607,Asia/Kolkata,1,
1262395,Murwara,Madhya Pradesh,IN,23.83776,80.39405,Asia/Kolkata,1,
6941937,Murudeshwara,Karnataka,IN,14.0943,74.4845,Asia/Kolkata,1,
1262403,Murud,Maharashtra,IN,18.32817,72.9621,Asia/Kolkata,1,
1262410,Murtajapur,Maharashtra,IN,20.73299,77.36694,Asia/Kolkata,1,
1262412,Murshidabad,West Bengal,IN,24.1839,88.27171,Asia/Kolkata,1,
1262414,Mursan,Uttar Pradesh,IN,27.57788,77.94091,Asia/Kolkata,1,
1262419,Murliganj,Bihar,IN,25.8969,86.99577,Asia/Kolkata,1,
1262429,Muri,West Bengal,IN,23.37074,85.86236,Asia/Kolkata,1,
1262435,Murgud,Maharashtra,IN,16.39604,74.19142,Asia/Kolkata,1,
1262444,Murbad,Maharashtra,IN,19.25395,73.38993,Asia/Kolkata,1,
1262452,Muragacha,West Bengal,IN,23.53631,88.39425,Asia/Kolkata,1,
1262453,Muradnagar,Uttar Pradesh,IN,28.78069,77.49865,Asia/Kolkata,1,
1262463,Munnar,Kerala,IN,10.08818,77.06239,Asia/Kolkata,1,
1262469,Munirabad,Karnataka,IN,15.30928,76.3383,Asia/Kolkata,1,
1262484,Mungeli,Chhattisgarh,IN,22.06566,81.68543,Asia/Kolkata,1,
1262485,Mungaoli,Madhya Pradesh,IN,24.40837,78.09588,Asia/Kolkata,1,
1262491,Mundwa,Rajasthan,IN,27.0631,73.82304,Asia/Kolkata,1,
1262497,Mundra,Gujarat,IN,22.83918,69.7219,Asia/Kolkata,1,
1262504,Mundi,Madhya Pradesh,IN,22.06693,76.49326,Asia/Kolkata,1,
1262510,Mundgod,Karnataka,IN,14.97144,75.03658,Asia/Kolkata,1,
1262516,Mundargi,Karnataka,IN,15.20677,75.8839,Asia/Kolkata,1,
1275339,Mumbai,Maharashtra,IN,19.07283,72.88261,Asia/Kolkata,1,
1262566,Muluppilagadu,Kerala,IN,11.79788,75.45111,Asia/Kolkata,1,
12165955,Mulugu,Telangana,IN,18.191,79.943,Asia/Kolkata,1,
1262534,Multai,Madhya Pradesh,IN,21.77463,78.25756,Asia/Kolkata,1,
1262546,Mulki,Karnataka,IN,13.09101,74.79353,Asia/Kolkata,1,
1262553,Mulgund,Karnataka,IN,15.2807,75.52132,Asia/Kolkata,1,
1262562,Mulbagal,Karnataka,IN,13.16352,78.39346,Asia/Kolkata,1,
1262567,Mulanur,Tamil Nadu,IN,10.79426,77.7115,Asia/Kolkata,1,
1262574,Mul,Maharashtra,IN,20.06987,79.67826,Asia/Kolkata,1,
1262578,Muktsar,Punjab,IN,30.47426,74.5166,Asia/Kolkata,1,
1262591,Mukher,Maharashtra,IN,18.70636,77.36795,Asia/Kolkata,1,
1262596,Mukerian,Punjab,IN,31.95394,75.61716,Asia/Kolkata,1,
1262626,Muhammadabad,Uttar Pradesh,IN,25.61907,83.75576,Asia/Kolkata,1,
1262625,Muhammadabad,Uttar Pradesh,IN,26.03404,83.38114,Asia/Kolkata,1,
1262624,Muhammadabad,Uttar Pradesh,IN,27.30895,79.43252,Asia/Kolkata,1,
1262632,Mugma,Jharkhand,IN,23.77015,86.72746,Asia/Kolkata,1,
1262634,Mughal Sarai,Uttar Pradesh,IN,25.28307,83.11968,Asia/Kolkata,1,
1262648,Mudukulattur,Tamil Nadu,IN,9.34169,78.51388,Asia/Kolkata,1,
1262651,Mudkhed,Maharashtra,IN,19.15657,77.50304,Asia/Kolkata,1,
1262663,Mudhol,Karnataka,IN,16.33354,75.28305,Asia/Kolkata,1,
1262658,Mudgere,Karnataka,IN,13.13353,75.6416,Asia/Kolkata,1,
1262664,Mudgal,Karnataka,IN,16.01191,76.44203,Asia/Kolkata,1,
1262669,Muddebihal,Karnataka,IN,16.33782,76.13173,Asia/Kolkata,1,
1262672,Mudbidri,Karnataka,IN,13.06653,74.99525,Asia/Kolkata,1,
1262678,Mubarakpur,Uttar Pradesh,IN,26.08866,83.29088,Asia/Kolkata,1,
1262689,Mowad,Maharashtra,IN,21.46475,78.45103,Asia/Kolkata,1,
1262710,Mothihari,Bihar,IN,26.64862,84.91656,Asia/Kolkata,1,
1262715,Moth,Uttar Pradesh,IN,25.72595,78.95029,Asia/Kolkata,1,
1262734,Morwa,Gujarat,IN,22.90469,73.83912,Asia/Kolkata,1,
1262740,Morsi,Maharashtra,IN,21.3403,78.01258,Asia/Kolkata,1,
1263494,Mormugao,Goa,IN,15.38914,73.81491,Asia/Kolkata,1,
1262768,Morjim,Goa,IN,15.63097,73.73903,Asia/Kolkata,1,
1262426,Morinda,Punjab,IN,30.79014,76.49883,Asia/Kolkata,1,
7302854,Morigaon,Assam,IN,26.24908,92.34764,Asia/Kolkata,1,
1262771,Morena,Madhya Pradesh,IN,26.49892,77.99534,Asia/Kolkata,1,
1262775,Morbi,Gujarat,IN,22.81731,70.8377,Asia/Kolkata,1,
1262783,Morar,Madhya Pradesh,IN,26.2264,78.22482,Asia/Kolkata,1,
1262787,Moranha,Assam,IN,27.18735,94.91557,Asia/Kolkata,1,
1262794,Moram,Maharashtra,IN,17.78812,76.47077,Asia/Kolkata,1,
1262801,Moradabad,Uttar Pradesh,IN,28.83893,78.77684,Asia/Kolkata,1,
1349041,Monoharpur,West Bengal,IN,22.10833,88.07889,Asia/Kolkata,1,
1262482,Monghyr,Bihar,IN,25.37459,86.47455,Asia/Kolkata,1,
1262824,Mon,Nagaland,IN,26.73583,95.05841,Asia/Kolkata,1,
1262843,Mokokchung,Nagaland,IN,26.3248,94.51834,Asia/Kolkata,1,
1262852,Mokameh,Bihar,IN,25.39662,85.9219,Asia/Kolkata,1,
1262863,Moirang,Manipur,IN,24.4975,93.77791,Asia/Kolkata,1,
1262873,Mohpa,Maharashtra,IN,21.31012,78.82969,Asia/Kolkata,1,
1262884,Mohiuddinnagar,Bihar,IN,25.57374,85.66944,Asia/Kolkata,1,
1262891,Mohgaon,Madhya Pradesh,IN,21.63941,78.73638,Asia/Kolkata,1,
1262905,Mohanur,Tamil Nadu,IN,11.05936,78.13965,Asia/Kolkata,1,
1262909,Mohanpur,Uttar Pradesh,IN,28.25261,80.24498,Asia/Kolkata,1,
1262928,Mohan,Uttar Pradesh,IN,26.78008,80.67497,Asia/Kolkata,1,
6992326,Mohali,Punjab,IN,30.67995,76.72211,Asia/Kolkata,1,
1262951,Moga,Punjab,IN,30.81383,75.16878,Asia/Kolkata,1,
1262958,Modasa,Gujarat,IN,23.46253,73.29857,Asia/Kolkata,1,
1262988,Misrikh,Uttar Pradesh,IN,27.43137,80.53157,Asia/Kolkata,1,
1262995,Mirzapur,Uttar Pradesh,IN,25.1449,82.56534,Asia/Kolkata,1,
1263010,Mirik,West Bengal,IN,26.88817,88.19007,Asia/Kolkata,1,
1263012,Mirialguda,Telangana,IN,16.8722,79.56247,Asia/Kolkata,1,
1263015,Mirganj,Uttar Pradesh,IN,28.54012,79.20817,Asia/Kolkata,1,
1263021,Miranpur Katra,Uttar Pradesh,IN,28.02963,79.66778,Asia/Kolkata,1,
1263022,Miranpur,Uttar Pradesh,IN,29.29026,77.94939,Asia/Kolkata,1,
1263034,Minjur,Tamil Nadu,IN,13.27951,80.25815,Asia/Kolkata,1,
1263051,Milak,Uttar Pradesh,IN,28.61031,79.16997,Asia/Kolkata,1,
1263057,Mihona,Madhya Pradesh,IN,26.28373,78.98048,Asia/Kolkata,1,
1263083,Mhasvad,Maharashtra,IN,17.63359,74.78773,Asia/Kolkata,1,
1263087,Mhasla,Maharashtra,IN,18.1334,73.11162,Asia/Kolkata,1,
1263101,Mettur,Tamil Nadu,IN,11.78796,77.8008,Asia/Kolkata,1,
1263104,Mettuppalaiyam,Tamil Nadu,IN,11.16806,78.44944,Asia/Kolkata,1,
1263103,Mettupalayam,Tamil Nadu,IN,11.29971,76.93485,Asia/Kolkata,1,
1263120,Merta,Rajasthan,IN,26.64859,74.03414,Asia/Kolkata,1,
1263142,Mendarda,Gujarat,IN,21.32112,70.44078,Asia/Kolkata,1,
1263148,Memari,West Bengal,IN,23.17647,88.09749,Asia/Kolkata,1,
1263151,Melur,Tamil Nadu,IN,10.03241,78.3393,Asia/Kolkata,1,
1263152,Melukote,Karnataka,IN,12.66258,76.64861,Asia/Kolkata,1,
1263185,Mehndawal,Uttar Pradesh,IN,26.97579,83.10995,Asia/Kolkata,1,
1263189,Mehnagar,Uttar Pradesh,IN,25.87889,83.11611,Asia/Kolkata,1,
1263195,Mehekar,Maharashtra,IN,20.1505,76.56841,Asia/Kolkata,1,
1263201,Meghraj,Gujarat,IN,23.49805,73.51352,Asia/Kolkata,1,"Meghraj, Gujarat, IN"
1262971,Meethari Marwar,Rajasthan,IN,27.57615,74.68661,Asia/Kolkata,1,"Meethari Marwar, Rajasthan, IN"
1263214,Meerut,Uttar Pradesh,IN,28.98002,77.70636,Asia/Kolkata,1,"Meerut, Uttar Pradesh, IN"
1263220,Medinipur,West Bengal,IN,22.42114,87.32257,Asia/Kolkata,1,"Medinipur, West Bengal, IN"
1263226,Medchal,Telangana,IN,17.62972,78.48139,Asia/Kolkata,1,"Medchal, Telangana, IN"
1263230,Medak,Telangana,IN,18.04531,78.26078,Asia/Kolkata,1,"Medak, Telangana, IN"
1263247,Mayiladuthurai,Tamil Nadu,IN,11.10354,79.655,Asia/Kolkata,1,"Mayiladuthurai, Tamil Nadu, IN"
1263255,Mayang Imphal,Manipur,IN,24.60998,93.88873,Asia/Kolkata,1,"Mayang Imphal, Manipur, IN"
1263257,Mayakonda,Karnataka,IN,14.28894,76.08305,Asia/Kolkata,1,"Mayakonda, Karnataka, IN"
1263275,Mawana,Uttar Pradesh,IN,29.10288,77.92199,Asia/Kolkata,1,"Mawana, Uttar Pradesh, IN"
1263280,Mavoor,Kerala,IN,11.26667,75.91667,Asia/Kolkata,1,"Mavoor, Kerala, IN"
1263285,Mavelikara,Kerala,IN,9.25929,76.55642,Asia/Kolkata,1,"Mavelikara, Kerala, IN"
1263291,Mauranwan,Uttar Pradesh,IN,26.42876,80.88008,Asia/Kolkata,1,"Mauranwan, Uttar Pradesh, IN"
1263293,Maur,Punjab,IN,30.08333,75.25,Asia/Kolkata,1,"Maur, Punjab, IN"
1263300,Mauganj,Madhya Pradesh,IN,24.66721,81.87339,Asia/Kolkata,1,"Mauganj, Madhya Pradesh, IN"
1263303,Maudaha,Uttar Pradesh,IN,25.68312,80.11419,Asia/Kolkata,1,"Maudaha, Uttar Pradesh, IN"
1263306,Mau Aimma,Uttar Pradesh,IN,25.69515,81.92336,Asia/Kolkata,1,"Mau Aimma, Uttar Pradesh, IN"
1263311,Mau,Uttar Pradesh,IN,25.94167,83.56111,Asia/Kolkata,1,"Mau, Uttar Pradesh, IN"
1263309,Mau,Madhya Pradesh,IN,26.26584,78.67108,Asia/Kolkata,1,"Mau, Madhya Pradesh, IN"
1263324,Mattur,Tamil Nadu,IN,11.32147,79.20245,Asia/Kolkata,1,"Mattur, Tamil Nadu, IN"
1263331,Mattanur,Kerala,IN,11.93018,75.57152,Asia/Kolkata,1,"Mattanur, Kerala, IN"
1263364,Mathura,Uttar Pradesh,IN,27.5035,77.67215,Asia/Kolkata,1,"Mathura, Uttar Pradesh, IN"
1263370,Matheran,Maharashtra,IN,18.98281,73.2652,Asia/Kolkata,1,"Matheran, Maharashtra, IN"
1263384,Mataundh,Uttar Pradesh,IN,25.43594,80.15653,Asia/Kolkata,1,"Mataundh, Uttar Pradesh, IN"
1263395,Matabhanga,West Bengal,IN,26.34197,89.21555,Asia/Kolkata,1,"Matabhanga, West Bengal, IN"
1263418,Masinigudi,Tamil Nadu,IN,11.56831,76.64087,Asia/Kolkata,1,"Masinigudi, Tamil Nadu, IN"
1348776,Masila,West Bengal,IN,22.58083,88.23278,Asia/Kolkata,1,"Masila, West Bengal, IN"
1263427,Masaurhi Buzurg,Bihar,IN,25.35417,85.03195,Asia/Kolkata,1,"Masaurhi Buzurg, Bihar, IN"
1263504,Markapur,Andhra Pradesh,IN,15.73534,79.26848,Asia/Kolkata,1,"Markapur, Andhra Pradesh, IN"
1263522,Mariani,Assam,IN,26.65725,94.31529,Asia/Kolkata,1,"Mariani, Assam, IN"
1263523,Mariahu,Uttar Pradesh,IN,25.60404,82.60379,Asia/Kolkata,1,"Mariahu, Uttar Pradesh, IN"
1263528,Marhaura,Bihar,IN,25.97349,84.86796,Asia/Kolkata,1,"Marhaura, Bihar, IN"
1263532,Margherita,Assam,IN,27.28482,95.66796,Asia/Kolkata,1,"Margherita, Assam, IN"
1263566,Marayur,Kerala,IN,10.27641,77.16205,Asia/Kolkata,1,"Marayur, Kerala, IN"
1263557,Marandahalli,Tamil Nadu,IN,12.38826,78.00316,Asia/Kolkata,1,"Marandahalli, Tamil Nadu, IN"
1263564,Marakkanam,Tamil Nadu,IN,12.19214,79.94193,Asia/Kolkata,1,"Marakkanam, Tamil Nadu, IN"
1263567,Marahra,Uttar Pradesh,IN,27.7368,78.56891,Asia/Kolkata,1,"Marahra, Uttar Pradesh, IN"
1263580,Mapuca,Goa,IN,15.59154,73.80898,Asia/Kolkata,1,"Mapuca, Goa, IN"
1263591,Manwat,Maharashtra,IN,19.30133,76.49735,Asia/Kolkata,1,"Manwat, Maharashtra, IN"
1263594,Manvi,Karnataka,IN,15.99126,77.05034,Asia/Kolkata,1,"Manvi, Karnataka, IN"
7302836,Manuguru,Telangana,IN,17.93023,80.82671,Asia/Kolkata,1,"Manuguru, Telangana, IN"
1263610,Manthani,Telangana,IN,18.65087,79.66501,Asia/Kolkata,1,"Manthani, Telangana, IN"
1263621,Mansar,Maharashtra,IN,21.39602,79.2635,Asia/Kolkata,1,"Mansar, Maharashtra, IN"
1263623,Mansa,Gujarat,IN,23.42564,72.65739,Asia/Kolkata,1,"Mansa, Gujarat, IN"
1263622,Mansa,Punjab,IN,29.98844,75.40167,Asia/Kolkata,1,"Mansa, Punjab, IN"
1263636,Manpur,Madhya Pradesh,IN,22.43151,75.62107,Asia/Kolkata,1,"Manpur, Madhya Pradesh, IN"
1263646,Manor,Maharashtra,IN,19.7244,72.90966,Asia/Kolkata,1,"Manor, Maharashtra, IN"
1263651,Manoharpur,Jharkhand,IN,22.37456,85.19234,Asia/Kolkata,1,"Manoharpur, Jharkhand, IN"
1263649,Manoharpur,Rajasthan,IN,27.29769,75.9495,Asia/Kolkata,1,"Manoharpur, Rajasthan, IN"
1263648,Manohar Thana,Rajasthan,IN,24.24,76.80182,Asia/Kolkata,1,"Manohar Thana, Rajasthan, IN"
1263659,Mannargudi,Tamil Nadu,IN,10.66626,79.45064,Asia/Kolkata,1,"Mannargudi, Tamil Nadu, IN"
1263661,Mannarakkat,Kerala,IN,10.99223,76.46418,Asia/Kolkata,1,"Mannarakkat, Kerala, IN"
1263664,Manmad,Maharashtra,IN,20.25334,74.43755,Asia/Kolkata,1,"Manmad, Maharashtra, IN"
1263677,Mankapur,Uttar Pradesh,IN,27.05189,82.22961,Asia/Kolkata,1,"Mankapur, Uttar Pradesh, IN"
1263678,Mankachar,Meghalaya,IN,25.53347,89.86373,Asia/Kolkata,1,"Mankachar, Meghalaya, IN"
1263691,Manjhanpur,Uttar Pradesh,IN,25.53046,81.37566,Asia/Kolkata,1,"Manjhanpur, Uttar Pradesh, IN"
1263692,Manjeshvar,Kerala,IN,12.71287,74.88857,Asia/Kolkata,1,"Manjeshvar, Kerala, IN"
1263694,Manjeri,Kerala,IN,11.12018,76.11996,Asia/Kolkata,1,"Manjeri, Kerala, IN"
1263707,Manipal,Karnataka,IN,13.35,74.78333,Asia/Kolkata,1,"Manipal, Karnataka, IN"
1263715,Manikpur,Uttar Pradesh,IN,25.06083,81.09961,Asia/Kolkata,1,"Manikpur, Uttar Pradesh, IN"
1263723,Manihari,Bihar,IN,25.33891,87.61998,Asia/Kolkata,1,"Manihari, Bihar, IN"
1263730,Maniar,Uttar Pradesh,IN,25.98546,84.17233,Asia/Kolkata,1,"Maniar, Uttar Pradesh, IN"
1263744,Mangrul Pir,Maharashtra,IN,20.31379,77.34178,Asia/Kolkata,1,"Mangrul Pir, Maharashtra, IN"
1263752,Mangrol,Gujarat,IN,21.12268,70.11484,Asia/Kolkata,1,"Mangrol, Gujarat, IN"
1263751,Mangrol,Rajasthan,IN,25.33061,76.50973,Asia/Kolkata,1,"Mangrol, Rajasthan, IN"
1263761,Manglaur,Uttarakhand,IN,29.79094,77.87836,Asia/Kolkata,1,"Manglaur, Uttarakhand, IN"
1263764,Mangawan,Madhya Pradesh,IN,24.66754,81.54644,Asia/Kolkata,1,"Mangawan, Madhya Pradesh, IN"
1263776,Mangan,Sikkim,IN,27.50965,88.52206,Asia/Kolkata,1,"Mangan, Sikkim, IN"
1263780,Mangalore,Karnataka,IN,12.91723,74.85603,Asia/Kolkata,1,"Mangalore, Karnataka, IN"
1263787,Mangaldai,Assam,IN,26.44212,92.03047,Asia/Kolkata,1,"Mangaldai, Assam, IN"
1263795,Mangalam,Tamil Nadu,IN,9.76473,78.64037,Asia/Kolkata,1,"Mangalam, Tamil Nadu, IN"
1263797,Mangalagiri,Andhra Pradesh,IN,16.43083,80.56815,Asia/Kolkata,1,"Mangalagiri, Andhra Pradesh, IN"
1263807,Maner,Bihar,IN,25.64602,84.87291,Asia/Kolkata,1,"Maner, Bihar, IN"
1263814,Mandya,Karnataka,IN,12.5223,76.89746,Asia/Kolkata,1,"Mandya, Karnataka, IN"
1263826,Mandvi,Gujarat,IN,21.25526,73.30412,Asia/Kolkata,1,"Mandvi, Gujarat, IN"
1263824,Mandvi,Gujarat,IN,22.83282,69.35237,Asia/Kolkata,1,"Mandvi, Gujarat, IN"
1263834,Mandsaur,Madhya Pradesh,IN,24.07184,75.06986,Asia/Kolkata,1,"Mandsaur, Madhya Pradesh, IN"
1263850,Mandleshwar,Madhya Pradesh,IN,22.17598,75.65995,Asia/Kolkata,1,"Mandleshwar, Madhya Pradesh, IN"
1263852,Mandla,Madhya Pradesh,IN,22.59879,80.37115,Asia/Kolkata,1,"Mandla, Madhya Pradesh, IN"
7279752,Mandideep,Madhya Pradesh,IN,23.08166,77.53328,Asia/Kolkata,1,"Mandideep, Madhya Pradesh, IN"
1263862,Mandi,Himachal Pradesh,IN,31.71194,76.93273,Asia/Kolkata,1,"Mandi, Himachal Pradesh, IN"
1263865,Mandholi Kalan,Haryana,IN,28.7085,75.68296,Asia/Kolkata,1,"Mandholi Kalan, Haryana, IN"
1263880,Mandawar,Rajasthan,IN,27.86374,76.54999,Asia/Kolkata,1,"Mandawar, Rajasthan, IN"
1263879,Mandawar,Uttar Pradesh,IN,29.48655,78.12732,Asia/Kolkata,1,"Mandawar, Uttar Pradesh, IN"
1263888,Mandasa,Andhra Pradesh,IN,18.8683,84.46296,Asia/Kolkata,1,"Mandasa, Andhra Pradesh, IN"
1263898,Mandapeta,Andhra Pradesh,IN,16.86254,81.92921,Asia/Kolkata,1,"Mandapeta, Andhra Pradesh, IN"
1263900,Mandapam,Tamil Nadu,IN,9.27571,79.12362,Asia/Kolkata,1,"Mandapam, Tamil Nadu, IN"
7302829,Mandamarri,Telangana,IN,18.96506,79.47475,Asia/Kolkata,1,"Mandamarri, Telangana, IN"
1263911,Mandalgarh,Rajasthan,IN,25.19407,75.07215,Asia/Kolkata,1,"Mandalgarh, Rajasthan, IN"
1263918,Mandal,Gujarat,IN,23.28865,71.91854,Asia/Kolkata,1,"Mandal, Gujarat, IN"
1263917,Mandal,Rajasthan,IN,25.44126,74.56979,Asia/Kolkata,1,"Mandal, Rajasthan, IN"
1263936,Mancheral,Telangana,IN,18.87074,79.42863,Asia/Kolkata,1,"Mancheral, Telangana, IN"
1263937,Manchar,Maharashtra,IN,19.00436,73.94346,Asia/Kolkata,1,"Manchar, Maharashtra, IN"
1263940,Manawar,Madhya Pradesh,IN,22.23566,75.08917,Asia/Kolkata,1,"Manawar, Madhya Pradesh, IN"
1263942,Manavalakurichi,Tamil Nadu,IN,8.14776,77.30552,Asia/Kolkata,1,"Manavalakurichi, Tamil Nadu, IN"
1263943,Manavadar,Gujarat,IN,21.49813,70.13775,Asia/Kolkata,1,"Manavadar, Gujarat, IN"
1263949,Manasa,Madhya Pradesh,IN,24.47764,75.14095,Asia/Kolkata,1,"Manasa, Madhya Pradesh, IN"
1263952,Manapparai,Tamil Nadu,IN,10.60772,78.42582,Asia/Kolkata,1,"Manapparai, Tamil Nadu, IN"
1465624,Manappakkam,Tamil Nadu,IN,13.01083,80.16861,Asia/Kolkata,1,"Manappakkam, Tamil Nadu, IN"
1263965,Manamadurai,Tamil Nadu,IN,9.67318,78.47096,Asia/Kolkata,1,"Manamadurai, Tamil Nadu, IN"
1263966,Manalurpettai,Tamil Nadu,IN,12.00788,79.09184,Asia/Kolkata,1,"Manalurpettai, Tamil Nadu, IN"
1263968,Manali,Tamil Nadu,IN,13.16667,80.26667,Asia/Kolkata,1,"Manali, Tamil Nadu, IN"
1263967,Manali,Himachal Pradesh,IN,32.2574,77.17481,Asia/Kolkata,1,"Manali, Himachal Pradesh, IN"
1263983,Mamit,Mizoram,IN,23.92703,92.48968,Asia/Kolkata,1,"Mamit, Mizoram, IN"
1264007,Malvan,Maharashtra,IN,16.05981,73.4629,Asia/Kolkata,1,"Malvan, Maharashtra, IN"
1264010,Malur,Karnataka,IN,13.00322,77.93798,Asia/Kolkata,1,"Malur, Karnataka, IN"
1264032,Malpura,Rajasthan,IN,26.2838,75.36458,Asia/Kolkata,1,"Malpura, Rajasthan, IN"
1264033,Malpur,Gujarat,IN,23.36035,73.46595,Asia/Kolkata,1,"Malpur, Gujarat, IN"
1264037,Malpe,Karnataka,IN,13.34962,74.70394,Asia/Kolkata,1,"Malpe, Karnataka, IN"
1264041,Mallur,Tamil Nadu,IN,11.54424,78.14078,Asia/Kolkata,1,"Mallur, Tamil Nadu, IN"
1264047,Mallasamudram,Tamil Nadu,IN,11.49333,78.03119,Asia/Kolkata,1,"Mallasamudram, Tamil Nadu, IN"
1264050,Mallapuram,Tamil Nadu,IN,11.98231,78.24796,Asia/Kolkata,1,"Mallapuram, Tamil Nadu, IN"
1264070,Malkera,Jharkhand,IN,23.78213,86.28767,Asia/Kolkata,1,"Malkera, Jharkhand, IN"
11185528,Malkapur,Maharashtra,IN,17.26214,74.17574,Asia/Kolkata,1,"Malkapur, Maharashtra, IN"
1264074,Malkapur,Maharashtra,IN,16.91999,73.9347,Asia/Kolkata,1,"Malkapur, Maharashtra, IN"
1264071,Malkapur,Maharashtra,IN,20.88555,76.19932,Asia/Kolkata,1,"Malkapur, Maharashtra, IN"
7302828,Malkajgiri,Telangana,IN,17.44781,78.52633,Asia/Kolkata,1,"Malkajgiri, Telangana, IN"
1264085,Malihabad,Uttar Pradesh,IN,26.92223,80.71078,Asia/Kolkata,1,"Malihabad, Uttar Pradesh, IN"
1264099,Malhargarh,Madhya Pradesh,IN,24.28286,74.99024,Asia/Kolkata,1,"Malhargarh, Madhya Pradesh, IN"
1264111,Maler Kotla,Punjab,IN,30.5309,75.87949,Asia/Kolkata,1,"Maler Kotla, Punjab, IN"
1264115,Malegaon,Maharashtra,IN,20.54966,74.53462,Asia/Kolkata,1,"Malegaon, Maharashtra, IN"
1264136,Malavalli,Karnataka,IN,12.38556,77.06045,Asia/Kolkata,1,"Malavalli, Karnataka, IN"
1264138,Malaut,Punjab,IN,30.21121,74.4818,Asia/Kolkata,1,"Malaut, Punjab, IN"
1264154,Malappuram,Kerala,IN,11.04199,76.08154,Asia/Kolkata,1,"Malappuram, Kerala, IN"
1264075,Malakanagiri,Odisha,IN,18.36428,81.888,Asia/Kolkata,1,"Malakanagiri, Odisha, IN"
1264196,Makum,Assam,IN,27.48652,95.43646,Asia/Kolkata,1,"Makum, Assam, IN"
1264198,Maksi,Madhya Pradesh,IN,23.25999,76.14567,Asia/Kolkata,1,"Maksi, Madhya Pradesh, IN"
1264206,Makrana,Rajasthan,IN,27.04361,74.72445,Asia/Kolkata,1,"Makrana, Rajasthan, IN"
1264215,Makhu,Punjab,IN,31.10335,74.99631,Asia/Kolkata,1,"Makhu, Punjab, IN"
1264217,Makhjan,Maharashtra,IN,17.2698,73.50031,Asia/Kolkata,1,"Makhjan, Maharashtra, IN"
1264241,Majitha,Punjab,IN,31.75711,74.95891,Asia/Kolkata,1,"Majitha, Punjab, IN"
1264244,Majholi,Madhya Pradesh,IN,23.50114,79.92396,Asia/Kolkata,1,"Majholi, Madhya Pradesh, IN"
1263684,Majalgaon,Maharashtra,IN,19.15988,76.20832,Asia/Kolkata,1,"Majalgaon, Maharashtra, IN"
1264282,Mairwa,Bihar,IN,26.23218,84.16349,Asia/Kolkata,1,"Mairwa, Bihar, IN"
1264285,Mairang,Meghalaya,IN,25.56165,91.63602,Asia/Kolkata,1,"Mairang, Meghalaya, IN"
1264292,Mainpuri,Uttar Pradesh,IN,27.22857,79.02882,Asia/Kolkata,1,"Mainpuri, Uttar Pradesh, IN"
1264297,Maindargi,Maharashtra,IN,17.45739,76.2932,Asia/Kolkata,1,"Maindargi, Maharashtra, IN"
1264301,Mainaguri,West Bengal,IN,26.56263,88.8204,Asia/Kolkata,1,"Mainaguri, West Bengal, IN"
1264310,Mailani,Uttar Pradesh,IN,28.29088,80.3438,Asia/Kolkata,1,"Mailani, Uttar Pradesh, IN"
1264317,Maihar,Madhya Pradesh,IN,24.26594,80.76063,Asia/Kolkata,1,"Maihar, Madhya Pradesh, IN"
1264322,Maibong,Assam,IN,25.30125,93.13811,Asia/Kolkata,1,"Maibong, Assam, IN"
1264323,Mahwah,Rajasthan,IN,27.04594,76.93152,Asia/Kolkata,1,"Mahwah, Rajasthan, IN"
1264331,Mahur,Assam,IN,25.18305,93.11342,Asia/Kolkata,1,"Mahur, Assam, IN"
1264344,Mahudha,Gujarat,IN,22.82082,72.94032,Asia/Kolkata,1,"Mahudha, Gujarat, IN"
1264351,Mahroni,Uttar Pradesh,IN,24.58624,78.72771,Asia/Kolkata,1,"Mahroni, Uttar Pradesh, IN"
1264356,Maholi,Uttar Pradesh,IN,27.66368,80.47371,Asia/Kolkata,1,"Maholi, Uttar Pradesh, IN"
1264359,Mahoba,Uttar Pradesh,IN,25.2905,79.87533,Asia/Kolkata,1,"Mahoba, Uttar Pradesh, IN"
1264363,Mahmudabad,Uttar Pradesh,IN,27.29191,81.11775,Asia/Kolkata,1,"Mahmudabad, Uttar Pradesh, IN"
1264368,Mahishadal,West Bengal,IN,22.18616,87.98072,Asia/Kolkata,1,"Mahishadal, West Bengal, IN"
1348775,Mahiari,West Bengal,IN,22.58826,88.23544,Asia/Kolkata,1,"Mahiari, West Bengal, IN"
1264383,Mahgawan,Madhya Pradesh,IN,26.49471,78.61593,Asia/Kolkata,1,"Mahgawan, Madhya Pradesh, IN"
1264385,Maheshwar,Madhya Pradesh,IN,22.17592,75.58715,Asia/Kolkata,1,"Maheshwar, Madhya Pradesh, IN"
1348843,Maheshtala,West Bengal,IN,22.50862,88.25322,Asia/Kolkata,1,"Maheshtala, West Bengal, IN"
1264395,Mahendragarh,Haryana,IN,28.26935,76.15253,Asia/Kolkata,1,"Mahendragarh, Haryana, IN"
1264398,Mahemdavad,Gujarat,IN,22.82359,72.75551,Asia/Kolkata,1,"Mahemdavad, Gujarat, IN"
1264403,Mahe,Kerala,IN,11.70172,75.53474,Asia/Kolkata,1,"Mahe, Kerala, IN"
1264407,Mahbubnagar,Telangana,IN,16.74385,77.98597,Asia/Kolkata,1,"Mahbubnagar, Telangana, IN"
1264409,Mahbubabad,Telangana,IN,17.59728,80.00207,Asia/Kolkata,1,"Mahbubabad, Telangana, IN"
1264414,Mahasamund,Chhattisgarh,IN,21.10743,82.0948,Asia/Kolkata,1,"Mahasamund, Chhattisgarh, IN"
1264434,Maharajganj,Uttar Pradesh,IN,26.38126,81.27436,Asia/Kolkata,1,"Maharajganj, Uttar Pradesh, IN"
1264436,Maharajgani,Bihar,IN,26.11017,84.50365,Asia/Kolkata,1,"Maharajgani, Bihar, IN"
1264433,Maharaganj,Uttar Pradesh,IN,27.14456,83.56214,Asia/Kolkata,1,"Maharaganj, Uttar Pradesh, IN"
1264455,Maham,Haryana,IN,28.96912,76.29495,Asia/Kolkata,1,"Maham, Haryana, IN"
1264457,Mahalingpur,Karnataka,IN,16.3888,75.10873,Asia/Kolkata,1,"Mahalingpur, Karnataka, IN"
1264489,Mahad,Maharashtra,IN,18.08333,73.41667,Asia/Kolkata,1,"Mahad, Maharashtra, IN"
1264490,Mahaban,Uttar Pradesh,IN,27.43262,77.74338,Asia/Kolkata,1,"Mahaban, Uttar Pradesh, IN"
1264491,Mahabaleshwar,Maharashtra,IN,17.56,73.4,Asia/Kolkata,1,"Mahabaleshwar, Maharashtra, IN"
1264504,Maghar,Uttar Pradesh,IN,26.75586,83.12773,Asia/Kolkata,1,"Maghar, Uttar Pradesh, IN"
1264513,Magam,Jammu And Kashmir,IN,34.09256,74.59016,Asia/Kolkata,1,"Magam, Jammu And Kashmir, IN"
1264514,Magadi,Karnataka,IN,12.95706,77.22374,Asia/Kolkata,1,"Magadi, Karnataka, IN"
1264520,Madurantakam,Tamil Nadu,IN,12.51167,79.88485,Asia/Kolkata,1,"Madurantakam, Tamil Nadu, IN"
1264521,Madurai,Tamil Nadu,IN,9.919,78.11953,Asia/Kolkata,1,"Madurai, Tamil Nadu, IN"
1264523,Madukkur,Tamil Nadu,IN,10.48098,79.39939,Asia/Kolkata,1,"Madukkur, Tamil Nadu, IN"
1264524,Madukkarai,Tamil Nadu,IN,10.90568,76.96344,Asia/Kolkata,1,"Madukkarai, Tamil Nadu, IN"
1264525,Madugula,Andhra Pradesh,IN,17.91589,82.81578,Asia/Kolkata,1,"Madugula, Andhra Pradesh, IN"
1465825,Madipakkam,Tamil Nadu,IN,12.96226,80.19864,Asia/Kolkata,1,"Madipakkam, Tamil Nadu, IN"
1264540,Madikeri,Karnataka,IN,12.42602,75.7382,Asia/Kolkata,1,"Madikeri, Karnataka, IN"
1264543,Madhyamgram,West Bengal,IN,22.68944,88.44594,Asia/Kolkata,1,"Madhyamgram, West Bengal, IN"
1264551,Madhupur,Jharkhand,IN,24.27419,86.63929,Asia/Kolkata,1,"Madhupur, Jharkhand, IN"
1264553,Madhugiri,Karnataka,IN,13.66035,77.21239,Asia/Kolkata,1,"Madhugiri, Karnataka, IN"
1264555,Madhubani,Bihar,IN,26.35367,86.07169,Asia/Kolkata,1,"Madhubani, Bihar, IN"
1264568,Madhogarh,Madhya Pradesh,IN,24.56401,80.91126,Asia/Kolkata,1,"Madhogarh, Madhya Pradesh, IN"
1264567,Madhogarh,Uttar Pradesh,IN,26.27522,79.1859,Asia/Kolkata,1,"Madhogarh, Uttar Pradesh, IN"
1264569,Madhoganj,Uttar Pradesh,IN,27.11807,80.14058,Asia/Kolkata,1,"Madhoganj, Uttar Pradesh, IN"
1264570,Madhipura,Bihar,IN,25.92127,86.79271,Asia/Kolkata,1,"Madhipura, Bihar, IN"
12172723,Madhavkampa,Gujarat,IN,23.19148,73.22759,Asia/Kolkata,1,"Madhavkampa, Gujarat, IN"
1264588,Madgaon,Goa,IN,15.27501,73.95786,Asia/Kolkata,1,"Madgaon, Goa, IN"
1264592,Maddur,Karnataka,IN,12.58283,77.04294,Asia/Kolkata,1,"Maddur, Karnataka, IN"
1264614,Madanpur,West Bengal,IN,23.00589,88.49168,Asia/Kolkata,1,"Madanpur, West Bengal, IN"
1264621,Madanapalle,Andhra Pradesh,IN,13.5503,78.50288,Asia/Kolkata,1,"Madanapalle, Andhra Pradesh, IN"
1465910,Madambakkam,Tamil Nadu,IN,12.8525,80.04667,Asia/Kolkata,1,"Madambakkam, Tamil Nadu, IN"
1264637,Machilipatnam,Andhra Pradesh,IN,16.18747,81.13888,Asia/Kolkata,1,"Machilipatnam, Andhra Pradesh, IN"
1264643,Machhlishahr,Uttar Pradesh,IN,25.68564,82.41106,Asia/Kolkata,1,"Machhlishahr, Uttar Pradesh, IN"
1264644,Machhiwara,Punjab,IN,30.91557,76.20016,Asia/Kolkata,1,"Machhiwara, Punjab, IN"
1264647,Macherla,Andhra Pradesh,IN,16.47635,79.43533,Asia/Kolkata,1,"Macherla, Andhra Pradesh, IN"
1264653,Machalpur,Madhya Pradesh,IN,24.12767,76.31672,Asia/Kolkata,1,"Machalpur, Madhya Pradesh, IN"
1264688,Lunglei,Mizoram,IN,22.89247,92.74218,Asia/Kolkata,1,"Lunglei, Mizoram, IN"
1264700,Lunavada,Gujarat,IN,23.12841,73.61043,Asia/Kolkata,1,"Lunavada, Gujarat, IN"
7302859,Lumding Railway Colony,Assam,IN,25.74903,93.16998,Asia/Kolkata,1,"Lumding Railway Colony, Assam, IN"
1264728,Ludhiana,Punjab,IN,30.91204,75.85379,Asia/Kolkata,1,"Ludhiana, Punjab, IN"
1264733,Lucknow,Uttar Pradesh,IN,26.83928,80.92313,Asia/Kolkata,1,"Lucknow, Uttar Pradesh, IN"
1264735,Luckeesarai,Bihar,IN,25.1765,86.0947,Asia/Kolkata,1,"Luckeesarai, Bihar, IN"
1264756,Losal,Rajasthan,IN,27.4,74.91667,Asia/Kolkata,1,"Losal, Rajasthan, IN"
1264757,Lormi,Chhattisgarh,IN,22.27434,81.70181,Asia/Kolkata,1,"Lormi, Chhattisgarh, IN"
1264773,Loni,Uttar Pradesh,IN,28.75143,77.29023,Asia/Kolkata,1,"Loni, Uttar Pradesh, IN"
11184230,Longleng,Nagaland,IN,26.48989,94.81772,Asia/Kolkata,1,"Longleng, Nagaland, IN"
1264792,Londa,Karnataka,IN,15.46907,74.51906,Asia/Kolkata,1,"Londa, Karnataka, IN"
1264793,Lonavla,Maharashtra,IN,18.75275,73.40575,Asia/Kolkata,1,"Lonavla, Maharashtra, IN"
1264794,Lonar,Maharashtra,IN,19.98533,76.52046,Asia/Kolkata,1,"Lonar, Maharashtra, IN"
1264816,Lohogaon,Maharashtra,IN,18.59921,73.92701,Asia/Kolkata,1,"Lohogaon, Maharashtra, IN"
1264829,Loharu,Haryana,IN,28.42993,75.80779,Asia/Kolkata,1,"Loharu, Haryana, IN"
1264839,Lohardaga,Jharkhand,IN,23.43305,84.67992,Asia/Kolkata,1,"Lohardaga, Jharkhand, IN"
1264850,Lohaghat,Uttarakhand,IN,29.40356,80.08965,Asia/Kolkata,1,"Lohaghat, Uttarakhand, IN"
1264860,Lodhikheda,Madhya Pradesh,IN,21.58235,78.85911,Asia/Kolkata,1,"Lodhikheda, Madhya Pradesh, IN"
1264890,Lingsugur,Karnataka,IN,16.15876,76.52174,Asia/Kolkata,1,"Lingsugur, Karnataka, IN"
1264912,Limbdi,Gujarat,IN,22.56507,71.81076,Asia/Kolkata,1,"Limbdi, Gujarat, IN"
1264949,Leteri,Madhya Pradesh,IN,24.05979,77.40858,Asia/Kolkata,1,"Leteri, Madhya Pradesh, IN"
1264976,Leh,Ladakh,IN,34.16504,77.58402,Asia/Kolkata,1,"Leh, Ladakh, IN"
1264989,Lawar Khas,Uttar Pradesh,IN,29.11091,77.77767,Asia/Kolkata,1,"Lawar Khas, Uttar Pradesh, IN"
1265007,Laungowal,Punjab,IN,30.19393,75.68089,Asia/Kolkata,1,"Laungowal, Punjab, IN"
1265014,Latur,Maharashtra,IN,18.39721,76.56784,Asia/Kolkata,1,"Latur, Maharashtra, IN"
1265022,Lathi,Gujarat,IN,21.7231,71.38843,Asia/Kolkata,1,"Lathi, Gujarat, IN"
1265025,Latehar,Jharkhand,IN,23.74423,84.49984,Asia/Kolkata,1,"Latehar, Jharkhand, IN"
1265041,Lasalgaon,Maharashtra,IN,20.1427,74.23946,Asia/Kolkata,1,"Lasalgaon, Maharashtra, IN"
1265053,Lar,Uttar Pradesh,IN,26.20394,83.96906,Asia/Kolkata,1,"Lar, Uttar Pradesh, IN"
1265074,Lansdowne,Uttarakhand,IN,29.84183,78.68014,Asia/Kolkata,1,"Lansdowne, Uttarakhand, IN"
1265085,Lanja,Maharashtra,IN,16.86086,73.54993,Asia/Kolkata,1,"Lanja, Maharashtra, IN"
1265143,Lalsot,Rajasthan,IN,26.55951,76.32915,Asia/Kolkata,1,"Lalsot, Rajasthan, IN"
1265150,Lalpur,Gujarat,IN,22.19073,69.96351,Asia/Kolkata,1,"Lalpur, Gujarat, IN"
1265157,Lalitpur,Uttar Pradesh,IN,24.69007,78.41915,Asia/Kolkata,1,"Lalitpur, Uttar Pradesh, IN"
1265163,Lalgudi,Tamil Nadu,IN,10.87419,78.81935,Asia/Kolkata,1,"Lalgudi, Tamil Nadu, IN"
1265166,Lalgola,West Bengal,IN,24.42244,88.25238,Asia/Kolkata,1,"Lalgola, West Bengal, IN"
1265170,Lalganj,Bihar,IN,25.86894,85.17394,Asia/Kolkata,1,"Lalganj, Bihar, IN"
1265169,Lalganj,Uttar Pradesh,IN,25.93182,81.70478,Asia/Kolkata,1,"Lalganj, Uttar Pradesh, IN"
1265184,Lalam,Kerala,IN,9.71667,76.7,Asia/Kolkata,1,"Lalam, Kerala, IN"
1265190,Lala,Assam,IN,24.55418,92.61592,Asia/Kolkata,1,"Lala, Assam, IN"
7302826,Lal Bahadur Nagar,Telangana,IN,17.34769,78.55757,Asia/Kolkata,1,"Lal Bahadur Nagar, Telangana, IN"
1265201,Lakshmeshwar,Karnataka,IN,15.12689,75.46935,Asia/Kolkata,1,"Lakshmeshwar, Karnataka, IN"
1265205,Lakshettipet,Telangana,IN,18.86667,79.21667,Asia/Kolkata,1,"Lakshettipet, Telangana, IN"
1265208,Laksar,Uttarakhand,IN,29.7587,78.04148,Asia/Kolkata,1,"Laksar, Uttarakhand, IN"
1265220,Lakhyabad,West Bengal,IN,23.66667,86.66667,Asia/Kolkata,1,"Lakhyabad, West Bengal, IN"
1265225,Lakhtar,Gujarat,IN,22.85683,71.78844,Asia/Kolkata,1,"Lakhtar, Gujarat, IN"
1265233,Lakhnadon,Madhya Pradesh,IN,22.60049,79.60094,Asia/Kolkata,1,"Lakhnadon, Madhya Pradesh, IN"
1265234,Lakhna,Uttar Pradesh,IN,26.64822,79.1477,Asia/Kolkata,1,"Lakhna, Uttar Pradesh, IN"
1265240,Lakhipur,Assam,IN,24.79281,93.0091,Asia/Kolkata,1,"Lakhipur, Assam, IN"
1265239,Lakhipur,Assam,IN,26.03001,90.30611,Asia/Kolkata,1,"Lakhipur, Assam, IN"
1265242,Lakhimpur,Uttar Pradesh,IN,27.94822,80.77935,Asia/Kolkata,1,"Lakhimpur, Uttar Pradesh, IN"
1265246,Lakheri,Rajasthan,IN,25.67237,76.17692,Asia/Kolkata,1,"Lakheri, Rajasthan, IN"
1265310,Laharpur,Uttar Pradesh,IN,27.70827,80.90256,Asia/Kolkata,1,"Laharpur, Uttar Pradesh, IN"
1265311,Lahar,Madhya Pradesh,IN,26.19401,78.94137,Asia/Kolkata,1,"Lahar, Madhya Pradesh, IN"
1265323,Ladwa,Haryana,IN,29.9935,77.04563,Asia/Kolkata,1,"Ladwa, Haryana, IN"
1265331,Ladnun,Rajasthan,IN,27.65312,74.39993,Asia/Kolkata,1,"Ladnun, Rajasthan, IN"
1265354,Lachhmangarh Sikar,Rajasthan,IN,27.82294,75.02754,Asia/Kolkata,1,"Lachhmangarh Sikar, Rajasthan, IN"
1265376,Kyelang,Himachal Pradesh,IN,32.5717,77.02448,Asia/Kolkata,1,"Kyelang, Himachal Pradesh, IN"
7302832,Kyathampalle,Telangana,IN,19.66781,78.5289,Asia/Kolkata,1,"Kyathampalle, Telangana, IN"
1265387,Kuzhithurai,Tamil Nadu,IN,8.31792,77.19192,Asia/Kolkata,1,"Kuzhithurai, Tamil Nadu, IN"
1265401,Kuttampuzha,Kerala,IN,10.15033,76.73544,Asia/Kolkata,1,"Kuttampuzha, Kerala, IN"
1265403,Kuttalam,Tamil Nadu,IN,8.9303,77.26951,Asia/Kolkata,1,"Kuttalam, Tamil Nadu, IN"
1265415,Kutiyana,Gujarat,IN,21.6241,69.98494,Asia/Kolkata,1,"Kutiyana, Gujarat, IN"
1265418,Kutiatodu,Kerala,IN,9.8,76.33333,Asia/Kolkata,1,"Kutiatodu, Kerala, IN"
1265446,Kushtagi,Karnataka,IN,15.75623,76.19112,Asia/Kolkata,1,"Kushtagi, Karnataka, IN"
1265451,Kushalnagar,Karnataka,IN,12.45795,75.95904,Asia/Kolkata,1,"Kushalnagar, Karnataka, IN"
1265452,Kushalgarh,Rajasthan,IN,23.19899,74.45074,Asia/Kolkata,1,"Kushalgarh, Rajasthan, IN"
1265472,Kurud,Chhattisgarh,IN,20.83073,81.72212,Asia/Kolkata,1,"Kurud, Chhattisgarh, IN"
1265491,Kurnool,Andhra Pradesh,IN,15.82887,78.03602,Asia/Kolkata,1,"Kurnool, Andhra Pradesh, IN"
1265504,Kurinjippadi,Tamil Nadu,IN,11.55028,79.59066,Asia/Kolkata,1,"Kurinjippadi, Tamil Nadu, IN"
1265515,Kurgunta,Karnataka,IN,17.19321,77.35772,Asia/Kolkata,1,"Kurgunta, Karnataka, IN"
1265521,Kurduvadi,Maharashtra,IN,18.09339,75.41567,Asia/Kolkata,1,"Kurduvadi, Maharashtra, IN"
1265534,Kurara,Uttar Pradesh,IN,25.98046,79.98984,Asia/Kolkata,1,"Kurara, Uttar Pradesh, IN"
1265539,Kurandvad,Maharashtra,IN,16.68317,74.58892,Asia/Kolkata,1,"Kurandvad, Maharashtra, IN"
6268046,Kupwara,Jammu And Kashmir,IN,34.03056,74.26417,Asia/Kolkata,1,"Kupwara, Jammu And Kashmir, IN"
1265555,Kuppam,Andhra Pradesh,IN,12.74931,78.34189,Asia/Kolkata,1,"Kuppam, Andhra Pradesh, IN"
10793684,Kunnumma,Kerala,IN,9.35672,76.41343,Asia/Kolkata,1,"Kunnumma, Kerala, IN"
1265577,Kunnattur,Tamil Nadu,IN,12.34782,78.51046,Asia/Kolkata,1,"Kunnattur, Tamil Nadu, IN"
1265579,Kunnamkulam,Kerala,IN,10.64667,76.06695,Asia/Kolkata,1,"Kunnamkulam, Kerala, IN"
1265580,Kunnamangalam,Kerala,IN,11.30459,75.87772,Asia/Kolkata,1,"Kunnamangalam, Kerala, IN"
1265591,Kunigal,Karnataka,IN,13.02319,77.02518,Asia/Kolkata,1,"Kunigal, Karnataka, IN"
1265605,Kundla,Gujarat,IN,21.34222,71.30633,Asia/Kolkata,1,"Kundla, Gujarat, IN"
1265607,Kundgol,Karnataka,IN,15.25612,75.24735,Asia/Kolkata,1,"Kundgol, Karnataka, IN"
1265613,Kundarkhi,Uttar Pradesh,IN,28.68304,78.78559,Asia/Kolkata,1,"Kundarkhi, Uttar Pradesh, IN"
1265632,Kunda,Uttar Pradesh,IN,25.71702,81.51396,Asia/Kolkata,1,"Kunda, Uttar Pradesh, IN"
1265645,Kumta,Karnataka,IN,14.42853,74.4189,Asia/Kolkata,1,"Kumta, Karnataka, IN"
1265646,Kumsi,Karnataka,IN,14.05455,75.39992,Asia/Kolkata,1,"Kumsi, Karnataka, IN"
1265655,Kumher,Rajasthan,IN,27.31657,77.37079,Asia/Kolkata,1,"Kumher, Rajasthan, IN"
1265660,Kumhari,Chhattisgarh,IN,21.26667,81.51667,Asia/Kolkata,1,"Kumhari, Chhattisgarh, IN"
1265670,Kumbhraj,Madhya Pradesh,IN,24.37338,77.04841,Asia/Kolkata,1,"Kumbhraj, Madhya Pradesh, IN"
10627510,Kumbalam,Kerala,IN,9.9063,76.31127,Asia/Kolkata,1,"Kumbalam, Kerala, IN"
1265683,Kumbakonam,Tamil Nadu,IN,10.96209,79.39124,Asia/Kolkata,1,"Kumbakonam, Tamil Nadu, IN"
1265697,Kumaralingam,Tamil Nadu,IN,10.48936,77.3499,Asia/Kolkata,1,"Kumaralingam, Tamil Nadu, IN"
1265709,Kulu,Himachal Pradesh,IN,31.95835,77.10823,Asia/Kolkata,1,"Kulu, Himachal Pradesh, IN"
1265711,Kulti,West Bengal,IN,23.73166,86.84372,Asia/Kolkata,1,"Kulti, West Bengal, IN"
1265716,Kulpahar,Uttar Pradesh,IN,25.32007,79.63931,Asia/Kolkata,1,"Kulpahar, Uttar Pradesh, IN"
1265723,Kulittalai,Tamil Nadu,IN,10.93487,78.41251,Asia/Kolkata,1,"Kulittalai, Tamil Nadu, IN"
1265734,Kulgam,Jammu And Kashmir,IN,33.64456,75.01923,Asia/Kolkata,1,"Kulgam, Jammu And Kashmir, IN"
1265740,Kulattur,Tamil Nadu,IN,9.0032,78.1928,Asia/Kolkata,1,"Kulattur, Tamil Nadu, IN"
1265752,Kukshi,Madhya Pradesh,IN,22.20677,74.75788,Asia/Kolkata,1,"Kukshi, Madhya Pradesh, IN"
1265767,Kukatpalli,Telangana,IN,17.48486,78.41376,Asia/Kolkata,1,"Kukatpalli, Telangana, IN"
1265773,Kuju,Jharkhand,IN,23.72536,85.51023,Asia/Kolkata,1,"Kuju, Jharkhand, IN"
1265795,Kudligi,Karnataka,IN,14.905,76.38527,Asia/Kolkata,1,"Kudligi, Karnataka, IN"
1265809,Kudal,Maharashtra,IN,16.01148,73.68867,Asia/Kolkata,1,"Kudal, Maharashtra, IN"
1265811,Kudachi,Karnataka,IN,16.62784,74.85408,Asia/Kolkata,1,"Kudachi, Karnataka, IN"
1265815,Kud,Jammu And Kashmir,IN,33.07246,75.28727,Asia/Kolkata,1,"Kud, Jammu And Kashmir, IN"
1266433,Kuchinda,Odisha,IN,21.74356,84.34848,Asia/Kolkata,1,"Kuchinda, Odisha, IN"
1265821,Kuchera,Rajasthan,IN,26.98747,73.97108,Asia/Kolkata,1,"Kuchera, Rajasthan, IN"
1265828,Kuchaman,Rajasthan,IN,27.14745,74.85655,Asia/Kolkata,1,"Kuchaman, Rajasthan, IN"
1265830,Kuchaiburi,Odisha,IN,22.26675,86.17385,Asia/Kolkata,1,"Kuchaiburi, Odisha, IN"
1265852,Krishnarajpet,Karnataka,IN,12.66621,76.4877,Asia/Kolkata,1,"Krishnarajpet, Karnataka, IN"
1348742,Krishnapur,West Bengal,IN,22.67028,88.26944,Asia/Kolkata,1,"Krishnapur, West Bengal, IN"
1265859,Krishnanagar,West Bengal,IN,23.40576,88.49073,Asia/Kolkata,1,"Krishnanagar, West Bengal, IN"
1265863,Krishnagiri,Tamil Nadu,IN,12.51921,78.21382,Asia/Kolkata,1,"Krishnagiri, Tamil Nadu, IN"
1265873,Kozhikode,Kerala,IN,11.24802,75.7804,Asia/Kolkata,1,"Kozhikode, Kerala, IN"
1265881,Koynanagar,Maharashtra,IN,17.4,73.76667,Asia/Kolkata,1,"Koynanagar, Maharashtra, IN"
1265886,Kovvur,Andhra Pradesh,IN,17.0162,81.72934,Asia/Kolkata,1,"Kovvur, Andhra Pradesh, IN"
1265888,Kovur,Andhra Pradesh,IN,14.5005,79.98518,Asia/Kolkata,1,"Kovur, Andhra Pradesh, IN"
1265891,Kovilpatti,Tamil Nadu,IN,9.17167,77.86989,Asia/Kolkata,1,"Kovilpatti, Tamil Nadu, IN"
1265896,Kovalam,Kerala,IN,8.36667,76.99667,Asia/Kolkata,1,"Kovalam, Kerala, IN"
1265901,Kotwa,Madhya Pradesh,IN,25.0308,81.31908,Asia/Kolkata,1,"Kotwa, Madhya Pradesh, IN"
1265905,Kotturu,Karnataka,IN,14.82442,76.22005,Asia/Kolkata,1,"Kotturu, Karnataka, IN"
1265911,Kottayam,Kerala,IN,9.58692,76.52132,Asia/Kolkata,1,"Kottayam, Kerala, IN"
1265923,Kottapalli,Telangana,IN,18.49543,79.0943,Asia/Kolkata,1,"Kottapalli, Telangana, IN"
1265933,Kottaiyur,Tamil Nadu,IN,10.10956,78.7956,Asia/Kolkata,1,"Kottaiyur, Tamil Nadu, IN"
1265938,Kottagudem,Telangana,IN,17.55106,80.61779,Asia/Kolkata,1,"Kottagudem, Telangana, IN"
1265954,Kotra,Uttar Pradesh,IN,25.8077,79.30909,Asia/Kolkata,1,"Kotra, Uttar Pradesh, IN"
1265961,Kotputli,Rajasthan,IN,27.70207,76.19911,Asia/Kolkata,1,"Kotputli, Rajasthan, IN"
1265964,Kotma,Madhya Pradesh,IN,23.20383,81.97904,Asia/Kolkata,1,"Kotma, Madhya Pradesh, IN"
1265969,Kotla,Himachal Pradesh,IN,32.25,76.03333,Asia/Kolkata,1,"Kotla, Himachal Pradesh, IN"
1265972,Kotkhai,Himachal Pradesh,IN,31.11728,77.53936,Asia/Kolkata,1,"Kotkhai, Himachal Pradesh, IN"
7279734,Kotkapura,Punjab,IN,30.5819,74.83298,Asia/Kolkata,1,"Kotkapura, Punjab, IN"
1265983,Kothi,Madhya Pradesh,IN,24.7526,80.77751,Asia/Kolkata,1,"Kothi, Madhya Pradesh, IN"
1265996,Kothapet,Telangana,IN,19.35176,79.48323,Asia/Kolkata,1,"Kothapet, Telangana, IN"
1266014,Kotdwara,Uttarakhand,IN,29.74612,78.52219,Asia/Kolkata,1,"Kotdwara, Uttarakhand, IN"
1266028,Kotar,Madhya Pradesh,IN,24.69802,80.98073,Asia/Kolkata,1,"Kotar, Madhya Pradesh, IN"
1266029,Kotaparh,Chhattisgarh,IN,19.14256,82.32536,Asia/Kolkata,1,"Kotaparh, Chhattisgarh, IN"
1266031,Kotamangalam,Kerala,IN,10.06435,76.62843,Asia/Kolkata,1,"Kotamangalam, Kerala, IN"
1266038,Kotagiri,Tamil Nadu,IN,11.42072,76.86035,Asia/Kolkata,1,"Kotagiri, Tamil Nadu, IN"
1266051,Kota,Chhattisgarh,IN,22.29507,82.02366,Asia/Kolkata,1,"Kota, Chhattisgarh, IN"
1266050,Kota,Uttar Pradesh,IN,24.44643,83.13063,Asia/Kolkata,1,"Kota, Uttar Pradesh, IN"
1266049,Kota,Rajasthan,IN,25.18254,75.83907,Asia/Kolkata,1,"Kota, Rajasthan, IN"
1265974,Kot Isa Khan,Punjab,IN,30.94659,75.1378,Asia/Kolkata,1,"Kot Isa Khan, Punjab, IN"
1266070,Kosigi,Andhra Pradesh,IN,15.8551,77.24463,Asia/Kolkata,1,"Kosigi, Andhra Pradesh, IN"
1266073,Kosi,Uttar Pradesh,IN,27.79449,77.4368,Asia/Kolkata,1,"Kosi, Uttar Pradesh, IN"
1266087,Kosamba,Gujarat,IN,21.46202,72.95842,Asia/Kolkata,1,"Kosamba, Gujarat, IN"
1266092,Korwai,Madhya Pradesh,IN,24.11774,78.04007,Asia/Kolkata,1,"Korwai, Madhya Pradesh, IN"
1266094,Korukollu,Andhra Pradesh,IN,16.5,81.25,Asia/Kolkata,1,"Korukollu, Andhra Pradesh, IN"
1266116,Koregaon,Maharashtra,IN,18.64573,74.05909,Asia/Kolkata,1,"Koregaon, Maharashtra, IN"
1266122,Korba,Chhattisgarh,IN,22.3458,82.69633,Asia/Kolkata,1,"Korba, Chhattisgarh, IN"
1266124,Koratla,Telangana,IN,18.82154,78.71186,Asia/Kolkata,1,"Koratla, Telangana, IN"
1266126,Koratagere,Karnataka,IN,13.522,77.2373,Asia/Kolkata,1,"Koratagere, Karnataka, IN"
1266128,Koraput,Odisha,IN,18.81199,82.71048,Asia/Kolkata,1,"Koraput, Odisha, IN"
1266135,Korampallam,Tamil Nadu,IN,8.77506,78.09158,Asia/Kolkata,1,"Korampallam, Tamil Nadu, IN"
1266141,Koradi,Maharashtra,IN,21.24758,79.10575,Asia/Kolkata,1,"Koradi, Maharashtra, IN"
1266144,Koradachcheri,Tamil Nadu,IN,10.77019,79.49158,Asia/Kolkata,1,"Koradachcheri, Tamil Nadu, IN"
1266154,Koppal,Karnataka,IN,15.34522,76.15478,Asia/Kolkata,1,"Koppal, Karnataka, IN"
1266155,Koppa,Karnataka,IN,13.53044,75.36329,Asia/Kolkata,1,"Koppa, Karnataka, IN"
1266162,Kopargaon,Maharashtra,IN,19.88239,74.47605,Asia/Kolkata,1,"Kopargaon, Maharashtra, IN"
1266164,Kopaganj,Uttar Pradesh,IN,26.01923,83.5663,Asia/Kolkata,1,"Kopaganj, Uttar Pradesh, IN"
1265400,Koothanallur,Tamil Nadu,IN,10.7199,79.5157,Asia/Kolkata,1,"Koothanallur, Tamil Nadu, IN"
12218081,Koonimedu,Tamil Nadu,IN,12.08519,79.88925,Asia/Kolkata,1,"Koonimedu, Tamil Nadu, IN"
1266178,Konnur,Karnataka,IN,16.20138,74.74886,Asia/Kolkata,1,"Konnur, Karnataka, IN"
1266179,Konnagar,West Bengal,IN,22.70508,88.34446,Asia/Kolkata,1,"Konnagar, West Bengal, IN"
1266189,Konganapuram,Tamil Nadu,IN,11.57105,77.9004,Asia/Kolkata,1,"Konganapuram, Tamil Nadu, IN"
1266209,Kondapalle,Andhra Pradesh,IN,16.61989,80.54244,Asia/Kolkata,1,"Kondapalle, Andhra Pradesh, IN"
1266210,Kondalwadi,Maharashtra,IN,18.80727,77.77031,Asia/Kolkata,1,"Kondalwadi, Maharashtra, IN"
1266216,Kondagaon,Chhattisgarh,IN,19.59083,81.664,Asia/Kolkata,1,"Kondagaon, Chhattisgarh, IN"
1266217,Konch,Uttar Pradesh,IN,25.99451,79.15127,Asia/Kolkata,1,"Konch, Uttar Pradesh, IN"
1266220,Konarka,Odisha,IN,19.89021,86.09761,Asia/Kolkata,1,"Konarka, Odisha, IN"
1266222,Konanur,Karnataka,IN,12.63016,76.05037,Asia/Kolkata,1,"Konanur, Karnataka, IN"
1266240,Kombai,Tamil Nadu,IN,9.84745,77.29603,Asia/Kolkata,1,"Kombai, Tamil Nadu, IN"
1266267,Kollegal,Karnataka,IN,12.15449,77.11051,Asia/Kolkata,1,"Kollegal, Karnataka, IN"
1259091,Kollam,Kerala,IN,8.88113,76.58469,Asia/Kolkata,1,"Kollam, Kerala, IN"
1275004,Kolkata,West Bengal,IN,22.56263,88.36304,Asia/Kolkata,1,"Kolkata, West Bengal, IN"
1266285,Kolhapur,Maharashtra,IN,16.69563,74.23167,Asia/Kolkata,1,"Kolhapur, Maharashtra, IN"
1266258,Kolasib,Mizoram,IN,24.22388,92.67869,Asia/Kolkata,1,"Kolasib, Mizoram, IN"
1266302,Kolaras,Madhya Pradesh,IN,25.21928,77.61167,Asia/Kolkata,1,"Kolaras, Madhya Pradesh, IN"
1266305,Kolar,Karnataka,IN,13.13768,78.12999,Asia/Kolkata,1,"Kolar, Karnataka, IN"
1266307,Kolanukonda,Andhra Pradesh,IN,16.45392,80.61046,Asia/Kolkata,1,"Kolanukonda, Andhra Pradesh, IN"
1266330,Kokrajhar,Assam,IN,26.40107,90.27286,Asia/Kolkata,1,"Kokrajhar, Assam, IN"
1266366,Kohima,Nagaland,IN,25.67467,94.11099,Asia/Kolkata,1,"Kohima, Nagaland, IN"
1266372,Koelwar,Bihar,IN,25.58055,84.79751,Asia/Kolkata,1,"Koelwar, Bihar, IN"
1266385,Kodungallur,Kerala,IN,10.23263,76.19513,Asia/Kolkata,1,"Kodungallur, Kerala, IN"
1266387,Kodumudi,Tamil Nadu,IN,11.07751,77.88363,Asia/Kolkata,1,"Kodumudi, Tamil Nadu, IN"
1266390,Kodoli,Maharashtra,IN,16.87639,74.1909,Asia/Kolkata,1,"Kodoli, Maharashtra, IN"
1266392,Kodlipet,Karnataka,IN,12.80087,75.88662,Asia/Kolkata,1,"Kodlipet, Karnataka, IN"
1266397,Kodinar,Gujarat,IN,20.79393,70.70216,Asia/Kolkata,1,"Kodinar, Gujarat, IN"
1266402,Kodigenahalli,Karnataka,IN,13.72136,77.38629,Asia/Kolkata,1,"Kodigenahalli, Karnataka, IN"
1266414,Kodarma,Jharkhand,IN,24.46753,85.59397,Asia/Kolkata,1,"Kodarma, Jharkhand, IN"
1266416,Kodar,Telangana,IN,16.9985,79.9656,Asia/Kolkata,1,"Kodar, Telangana, IN"
1266422,Kodala,Odisha,IN,19.62425,84.94075,Asia/Kolkata,1,"Kodala, Odisha, IN"
1266425,Kodaikanal,Tamil Nadu,IN,10.23925,77.48932,Asia/Kolkata,1,"Kodaikanal, Tamil Nadu, IN"
1266436,Koch Bihar,West Bengal,IN,26.32539,89.44508,Asia/Kolkata,1,"Koch Bihar, West Bengal, IN"
1266448,Koath,Bihar,IN,25.32643,84.25983,Asia/Kolkata,1,"Koath, Bihar, IN"
1266452,Kizhake Chalakudi,Kerala,IN,10.30067,76.33763,Asia/Kolkata,1,"Kizhake Chalakudi, Kerala, IN"
1266461,Kithor,Uttar Pradesh,IN,28.86684,77.93861,Asia/Kolkata,1,"Kithor, Uttar Pradesh, IN"
1266475,Kishtwar,Jammu And Kashmir,IN,33.31346,75.76726,Asia/Kolkata,1,"Kishtwar, Jammu And Kashmir, IN"
1266477,Kishni,Uttar Pradesh,IN,27.02487,79.262,Asia/Kolkata,1,"Kishni, Uttar Pradesh, IN"
1266481,Kishanpur,Uttar Pradesh,IN,25.64232,81.0227,Asia/Kolkata,1,"Kishanpur, Uttar Pradesh, IN"
1266486,Kishangarh,Rajasthan,IN,26.59006,74.85397,Asia/Kolkata,1,"Kishangarh, Rajasthan, IN"
1266484,Kishangarh,Rajasthan,IN,27.81889,76.72972,Asia/Kolkata,1,"Kishangarh, Rajasthan, IN"
1266489,Kishanganj,Bihar,IN,26.10224,87.95534,Asia/Kolkata,1,"Kishanganj, Bihar, IN"
1266503,Kiri Buru,Odisha,IN,22.08333,85.35,Asia/Kolkata,1,"Kiri Buru, Odisha, IN"
1266509,Kiratpur,Uttar Pradesh,IN,29.50671,78.20613,Asia/Kolkata,1,"Kiratpur, Uttar Pradesh, IN"
1266510,Kiraoli,Uttar Pradesh,IN,27.13768,77.78516,Asia/Kolkata,1,"Kiraoli, Uttar Pradesh, IN"
1266513,Kiranur,Tamil Nadu,IN,10.56988,78.78682,Asia/Kolkata,1,"Kiranur, Tamil Nadu, IN"
1266512,Kiranur,Tamil Nadu,IN,10.59395,77.50315,Asia/Kolkata,1,"Kiranur, Tamil Nadu, IN"
8581647,Kirandul,Chhattisgarh,IN,18.63649,81.25827,Asia/Kolkata,1,"Kirandul, Chhattisgarh, IN"
1266516,Kirakat,Uttar Pradesh,IN,25.63745,82.91596,Asia/Kolkata,1,"Kirakat, Uttar Pradesh, IN"
1266518,Kinwat,Maharashtra,IN,19.62557,78.1987,Asia/Kolkata,1,"Kinwat, Maharashtra, IN"
1266540,Kilvelur,Tamil Nadu,IN,10.76721,79.74186,Asia/Kolkata,1,"Kilvelur, Tamil Nadu, IN"
1275768,Kil Bhuvanagiri,Tamil Nadu,IN,11.44216,79.64763,Asia/Kolkata,1,"Kil Bhuvanagiri, Tamil Nadu, IN"
1266575,Kichha,Uttarakhand,IN,28.91154,79.52009,Asia/Kolkata,1,"Kichha, Uttarakhand, IN"
1266596,Khutar,Uttar Pradesh,IN,28.20307,80.27046,Asia/Kolkata,1,"Khutar, Uttar Pradesh, IN"
1266598,Khusropur,Bihar,IN,25.48174,85.38492,Asia/Kolkata,1,"Khusropur, Bihar, IN"
1266607,Khurja,Uttar Pradesh,IN,28.25382,77.85535,Asia/Kolkata,1,"Khurja, Uttar Pradesh, IN"
1266616,Khurda,Odisha,IN,20.18268,85.61629,Asia/Kolkata,1,"Khurda, Odisha, IN"
1266620,Khurai,Madhya Pradesh,IN,24.04372,78.33014,Asia/Kolkata,1,"Khurai, Madhya Pradesh, IN"
1266622,Khunti,Jharkhand,IN,23.07602,85.27818,Asia/Kolkata,1,"Khunti, Jharkhand, IN"
1266631,Khuldabad,Maharashtra,IN,20.00671,75.19245,Asia/Kolkata,1,"Khuldabad, Maharashtra, IN"
1266632,Khujner,Madhya Pradesh,IN,23.78597,76.61773,Asia/Kolkata,1,"Khujner, Madhya Pradesh, IN"
1266640,Khudaganj,Uttar Pradesh,IN,28.14607,79.71472,Asia/Kolkata,1,"Khudaganj, Uttar Pradesh, IN"
1266649,Khowai,Tripura,IN,24.07964,91.59972,Asia/Kolkata,1,"Khowai, Tripura, IN"
1266666,Khopoli,Maharashtra,IN,18.78562,73.34589,Asia/Kolkata,1,"Khopoli, Maharashtra, IN"
1266668,Khonsa,Arunachal Pradesh,IN,27.01667,95.56667,Asia/Kolkata,1,"Khonsa, Arunachal Pradesh, IN"
11875611,Khliehriat,Meghalaya,IN,25.35776,92.36643,Asia/Kolkata,1,"Khliehriat, Meghalaya, IN"
1266710,Khirkiyan,Madhya Pradesh,IN,22.16732,76.86137,Asia/Kolkata,1,"Khirkiyan, Madhya Pradesh, IN"
1266731,Khilchipur,Madhya Pradesh,IN,24.03943,76.578,Asia/Kolkata,1,"Khilchipur, Madhya Pradesh, IN"
1266744,Khetri,Rajasthan,IN,28.00069,75.78644,Asia/Kolkata,1,"Khetri, Rajasthan, IN"
1266746,Khetia,Maharashtra,IN,21.67124,74.58535,Asia/Kolkata,1,"Khetia, Maharashtra, IN"
1436767,Kheri Sampla,Haryana,IN,28.7781,76.7756,Asia/Kolkata,1,"Kheri Sampla, Haryana, IN"
1266762,Kheri,Uttar Pradesh,IN,27.90354,80.79754,Asia/Kolkata,1,"Kheri, Uttar Pradesh, IN"
1266774,Kheralu,Gujarat,IN,23.88534,72.61869,Asia/Kolkata,1,"Kheralu, Gujarat, IN"
1266787,Khem Karan,Punjab,IN,31.14443,74.55938,Asia/Kolkata,1,"Khem Karan, Punjab, IN"
1266794,Khekra,Uttar Pradesh,IN,28.86586,77.2841,Asia/Kolkata,1,"Khekra, Uttar Pradesh, IN"
1266806,Khedbrahma,Gujarat,IN,24.0299,73.04632,Asia/Kolkata,1,"Khedbrahma, Gujarat, IN"
1266809,Kheda,Gujarat,IN,22.75218,72.68533,Asia/Kolkata,1,"Kheda, Gujarat, IN"
1266814,Khed,Maharashtra,IN,17.71888,73.39693,Asia/Kolkata,1,"Khed, Maharashtra, IN"
1266813,Khed,Maharashtra,IN,18.33811,73.84677,Asia/Kolkata,1,"Khed, Maharashtra, IN"
1266821,Khawhai,Mizoram,IN,23.37807,93.12797,Asia/Kolkata,1,"Khawhai, Mizoram, IN"
1266829,Khaur,Jammu And Kashmir,IN,32.6027,74.80918,Asia/Kolkata,1,"Khaur, Jammu And Kashmir, IN"
1266838,Khatra,West Bengal,IN,22.97617,86.85462,Asia/Kolkata,1,"Khatra, West Bengal, IN"
1266843,Khatima,Uttarakhand,IN,28.92134,79.97075,Asia/Kolkata,1,"Khatima, Uttarakhand, IN"
1266847,Khategaon,Madhya Pradesh,IN,22.59573,76.9133,Asia/Kolkata,1,"Khategaon, Madhya Pradesh, IN"
1266849,Khatauli,Uttar Pradesh,IN,29.27844,77.73302,Asia/Kolkata,1,"Khatauli, Uttar Pradesh, IN"
1266862,Kharupatia,Assam,IN,26.51839,92.14722,Asia/Kolkata,1,"Kharupatia, Assam, IN"
1266872,Kharsia,Chhattisgarh,IN,21.98953,83.10476,Asia/Kolkata,1,"Kharsia, Chhattisgarh, IN"
1266873,Kharsawan,Jharkhand,IN,22.79093,85.83102,Asia/Kolkata,1,"Kharsawan, Jharkhand, IN"
1266882,Kharod,Chhattisgarh,IN,21.7442,82.5788,Asia/Kolkata,1,"Kharod, Chhattisgarh, IN"
1266892,Kharkhauda,Uttar Pradesh,IN,28.83644,77.74159,Asia/Kolkata,1,"Kharkhauda, Uttar Pradesh, IN"
1266891,Kharkhauda,Haryana,IN,28.8787,76.91069,Asia/Kolkata,1,"Kharkhauda, Haryana, IN"
1266924,Kharhial,Odisha,IN,20.28845,82.7606,Asia/Kolkata,1,"Kharhial, Odisha, IN"
1266926,Khargupur,Uttar Pradesh,IN,27.37611,81.9882,Asia/Kolkata,1,"Khargupur, Uttar Pradesh, IN"
1266928,Khargone,Madhya Pradesh,IN,21.82292,75.61394,Asia/Kolkata,1,"Khargone, Madhya Pradesh, IN"
1266931,Khargapur,Madhya Pradesh,IN,24.823,79.144,Asia/Kolkata,1,"Khargapur, Madhya Pradesh, IN"
1266937,Kharela,Uttar Pradesh,IN,25.54277,79.81235,Asia/Kolkata,1,"Kharela, Uttar Pradesh, IN"
1266945,Khardah,West Bengal,IN,22.71861,88.37806,Asia/Kolkata,1,"Khardah, West Bengal, IN"
1266962,Kharar,West Bengal,IN,22.72211,87.67824,Asia/Kolkata,1,"Kharar, West Bengal, IN"
1266960,Kharar,Punjab,IN,30.74632,76.64689,Asia/Kolkata,1,"Kharar, Punjab, IN"
1266966,Kharakvasla,Maharashtra,IN,18.43997,73.77545,Asia/Kolkata,1,"Kharakvasla, Maharashtra, IN"
1266976,Kharagpur,West Bengal,IN,22.33971,87.32501,Asia/Kolkata,1,"Kharagpur, West Bengal, IN"
1266975,Kharagpur,Bihar,IN,25.12446,86.55578,Asia/Kolkata,1,"Kharagpur, Bihar, IN"
1267006,Khapa,Maharashtra,IN,21.42243,78.98168,Asia/Kolkata,1,"Khapa, Maharashtra, IN"
1267015,Khanpur,Rajasthan,IN,24.73241,76.39601,Asia/Kolkata,1,"Khanpur, Rajasthan, IN"
1267014,Khanpur,Uttar Pradesh,IN,28.53446,78.06546,Asia/Kolkata,1,"Khanpur, Uttar Pradesh, IN"
1267016,Khanna,Punjab,IN,30.70547,76.22196,Asia/Kolkata,1,"Khanna, Punjab, IN"
1267031,Khandwa,Madhya Pradesh,IN,21.82427,76.35086,Asia/Kolkata,1,"Khandwa, Madhya Pradesh, IN"
1267044,Khandela,Rajasthan,IN,27.60499,75.502,Asia/Kolkata,1,"Khandela, Rajasthan, IN"
1267065,Khanapur,Karnataka,IN,15.63969,74.50847,Asia/Kolkata,1,"Khanapur, Karnataka, IN"
1267076,Khammam,Telangana,IN,17.24767,80.14368,Asia/Kolkata,1,"Khammam, Telangana, IN"
1267083,Khamharia,Chhattisgarh,IN,20.976,82.25116,Asia/Kolkata,1,"Khamharia, Chhattisgarh, IN"
1267084,Khamgaon,Maharashtra,IN,20.70738,76.56827,Asia/Kolkata,1,"Khamgaon, Maharashtra, IN"
1267090,Khambhat,Gujarat,IN,22.31744,72.61916,Asia/Kolkata,1,"Khambhat, Gujarat, IN"
1267091,Khambhaliya,Gujarat,IN,22.20685,69.65031,Asia/Kolkata,1,"Khambhaliya, Gujarat, IN"
1267097,Khamaria,Madhya Pradesh,IN,23.22558,79.88007,Asia/Kolkata,1,"Khamaria, Madhya Pradesh, IN"
1267105,Khamanon Kalan,Punjab,IN,30.81725,76.35478,Asia/Kolkata,1,"Khamanon Kalan, Punjab, IN"
1267112,Khallikot,Odisha,IN,19.60908,85.08609,Asia/Kolkata,1,"Khallikot, Odisha, IN"
1267115,Khalilabad,Uttar Pradesh,IN,26.77268,83.07179,Asia/Kolkata,1,"Khalilabad, Uttar Pradesh, IN"
1267154,Khajuraho Group Of Monuments,Madhya Pradesh,IN,24.84809,79.93351,Asia/Kolkata,1,"Khajuraho Group Of Monuments, Madhya Pradesh, IN"
1267174,Khairagarh,Chhattisgarh,IN,21.41859,80.97942,Asia/Kolkata,1,"Khairagarh, Chhattisgarh, IN"
1267173,Khairagarh,Chhattisgarh,IN,26.94269,77.8189,Asia/Kolkata,1,"Khairagarh, Chhattisgarh, IN"
1267175,Khairabad,Uttar Pradesh,IN,27.52698,80.75461,Asia/Kolkata,1,"Khairabad, Uttar Pradesh, IN"
1267182,Khair,Uttar Pradesh,IN,27.94195,77.84243,Asia/Kolkata,1,"Khair, Uttar Pradesh, IN"
1267185,Khailar,Uttar Pradesh,IN,25.34127,78.53133,Asia/Kolkata,1,"Khailar, Uttar Pradesh, IN"
1267187,Khagaul,Bihar,IN,25.57898,85.04564,Asia/Kolkata,1,"Khagaul, Bihar, IN"
1267189,Khagaria,Bihar,IN,25.5022,86.46708,Asia/Kolkata,1,"Khagaria, Bihar, IN"
1267190,Khaga,Uttar Pradesh,IN,25.77215,81.10393,Asia/Kolkata,1,"Khaga, Uttar Pradesh, IN"
1267195,Khadki,Maharashtra,IN,18.5635,73.85205,Asia/Kolkata,1,"Khadki, Maharashtra, IN"
1267202,Khada,Uttar Pradesh,IN,27.18333,83.88333,Asia/Kolkata,1,"Khada, Uttar Pradesh, IN"
1267203,Khachrod,Madhya Pradesh,IN,23.42322,75.28185,Asia/Kolkata,1,"Khachrod, Madhya Pradesh, IN"
1267222,Kesinga,Odisha,IN,20.18778,83.21949,Asia/Kolkata,1,"Kesinga, Odisha, IN"
1267226,Keshorai Patan,Rajasthan,IN,25.29275,75.93948,Asia/Kolkata,1,"Keshorai Patan, Rajasthan, IN"
1267227,Keshod,Gujarat,IN,21.30328,70.24861,Asia/Kolkata,1,"Keshod, Gujarat, IN"
1348583,Kesabpur,West Bengal,IN,22.96833,88.26278,Asia/Kolkata,1,"Kesabpur, West Bengal, IN"
1267239,Kerur,Karnataka,IN,16.01384,75.54631,Asia/Kolkata,1,"Kerur, Karnataka, IN"
1267280,Kenduadih,Jharkhand,IN,23.77574,86.37609,Asia/Kolkata,1,"Kenduadih, Jharkhand, IN"
1267283,Kendraparha,Odisha,IN,20.50166,86.42227,Asia/Kolkata,1,"Kendraparha, Odisha, IN"
1267290,Kenda,West Bengal,IN,23.1959,86.51499,Asia/Kolkata,1,"Kenda, West Bengal, IN"
1267297,Kemri,Uttar Pradesh,IN,28.80673,79.2048,Asia/Kolkata,1,"Kemri, Uttar Pradesh, IN"
1267331,Kelamangalam,Tamil Nadu,IN,12.60307,77.85193,Asia/Kolkata,1,"Kelamangalam, Tamil Nadu, IN"
1267336,Kekri,Rajasthan,IN,25.97132,75.14992,Asia/Kolkata,1,"Kekri, Rajasthan, IN"
1252646,Keelakarai,Tamil Nadu,IN,9.23183,78.78545,Asia/Kolkata,1,"Keelakarai, Tamil Nadu, IN"
1267357,Kayattar,Tamil Nadu,IN,8.94834,77.77424,Asia/Kolkata,1,"Kayattar, Tamil Nadu, IN"
1267360,Kayankulam,Kerala,IN,9.18173,76.50093,Asia/Kolkata,1,"Kayankulam, Kerala, IN"
1267361,Kayalpattinam,Tamil Nadu,IN,8.57143,78.11992,Asia/Kolkata,1,"Kayalpattinam, Tamil Nadu, IN"
1267369,Kawardha,Chhattisgarh,IN,22.00853,81.23148,Asia/Kolkata,1,"Kawardha, Chhattisgarh, IN"
1267370,Kawant,Gujarat,IN,22.09282,74.05078,Asia/Kolkata,1,"Kawant, Gujarat, IN"
1267385,Kaveripatnam,Tamil Nadu,IN,12.42186,78.2188,Asia/Kolkata,1,"Kaveripatnam, Tamil Nadu, IN"
1267390,Kavaratti,Laccadives,IN,10.56688,72.64203,Asia/Kolkata,1,"Kavaratti, Laccadives, IN"
1267393,Kavalur,Karnataka,IN,15.28829,75.9433,Asia/Kolkata,1,"Kavalur, Karnataka, IN"
1267394,Kavali,Andhra Pradesh,IN,14.9163,79.99449,Asia/Kolkata,1,"Kavali, Andhra Pradesh, IN"
1267428,Kattupputtur,Tamil Nadu,IN,10.99385,78.21929,Asia/Kolkata,1,"Kattupputtur, Tamil Nadu, IN"
1267433,Kattivakkam,Tamil Nadu,IN,13.21667,80.31667,Asia/Kolkata,1,"Kattivakkam, Tamil Nadu, IN"
1267435,Kattanam,Kerala,IN,9.17614,76.56325,Asia/Kolkata,1,"Kattanam, Kerala, IN"
1267439,Katras,Jharkhand,IN,23.79752,86.29834,Asia/Kolkata,1,"Katras, Jharkhand, IN"
1267449,Katra,Uttar Pradesh,IN,27.50871,82.02636,Asia/Kolkata,1,"Katra, Uttar Pradesh, IN"
1267448,Katra,Jammu And Kashmir,IN,32.99167,74.93195,Asia/Kolkata,1,"Katra, Jammu And Kashmir, IN"
1267454,Katpur,Gujarat,IN,21.05869,71.79457,Asia/Kolkata,1,"Katpur, Gujarat, IN"
1267456,Katpadi,Tamil Nadu,IN,12.96951,79.14552,Asia/Kolkata,1,"Katpadi, Tamil Nadu, IN"
1267457,Katoya,West Bengal,IN,23.64558,88.13258,Asia/Kolkata,1,"Katoya, West Bengal, IN"
1267461,Katol,Maharashtra,IN,21.27388,78.5858,Asia/Kolkata,1,"Katol, Maharashtra, IN"
1267480,Katihar,Bihar,IN,25.53852,87.57044,Asia/Kolkata,1,"Katihar, Bihar, IN"
1267481,Kati,Maharashtra,IN,17.96137,75.88895,Asia/Kolkata,1,"Kati, Maharashtra, IN"
1267486,Kathua,Jammu And Kashmir,IN,32.36941,75.52539,Asia/Kolkata,1,"Kathua, Jammu And Kashmir, IN"
1267492,Kathor,Gujarat,IN,21.28854,72.9407,Asia/Kolkata,1,"Kathor, Gujarat, IN"
1267517,Katghora,Chhattisgarh,IN,22.50247,82.54279,Asia/Kolkata,1,"Katghora, Chhattisgarh, IN"
1267538,Katangi,Madhya Pradesh,IN,21.77369,79.80513,Asia/Kolkata,1,"Katangi, Madhya Pradesh, IN"
1267537,Katangi,Madhya Pradesh,IN,23.44124,79.79621,Asia/Kolkata,1,"Katangi, Madhya Pradesh, IN"
1267558,Kasrawad,Madhya Pradesh,IN,22.12745,75.61101,Asia/Kolkata,1,"Kasrawad, Madhya Pradesh, IN"
1267579,Kashipur,Uttarakhand,IN,29.21399,78.95693,Asia/Kolkata,1,"Kashipur, Uttarakhand, IN"
1267588,Kasganj,Uttar Pradesh,IN,27.80882,78.64579,Asia/Kolkata,1,"Kasganj, Uttar Pradesh, IN"
1259108,Kasba,Bihar,IN,25.85643,87.53836,Asia/Kolkata,1,"Kasba, Bihar, IN"
1267605,Kasauli,Himachal Pradesh,IN,30.89856,76.96587,Asia/Kolkata,1,"Kasauli, Himachal Pradesh, IN"
1267616,Kasaragod,Kerala,IN,12.49838,74.98959,Asia/Kolkata,1,"Kasaragod, Kerala, IN"
1267635,Karwar,Karnataka,IN,14.81361,74.12972,Asia/Kolkata,1,"Karwar, Karnataka, IN"
1267648,Karur,Tamil Nadu,IN,10.95771,78.08095,Asia/Kolkata,1,"Karur, Tamil Nadu, IN"
1267660,Karumbakkam,Tamil Nadu,IN,12.70203,80.0911,Asia/Kolkata,1,"Karumbakkam, Tamil Nadu, IN"
1267669,Kartarpur,Punjab,IN,31.44268,75.49847,Asia/Kolkata,1,"Kartarpur, Punjab, IN"
1267675,Karsiyang,West Bengal,IN,26.88251,88.27729,Asia/Kolkata,1,"Karsiyang, West Bengal, IN"
1267680,Karrapur,Madhya Pradesh,IN,23.94891,78.86584,Asia/Kolkata,1,"Karrapur, Madhya Pradesh, IN"
1267696,Karol Bagh,Delhi,IN,28.65136,77.19072,Asia/Kolkata,1,"Karol Bagh, Delhi, IN"
1267708,Karnal,Haryana,IN,29.69197,76.98448,Asia/Kolkata,1,"Karnal, Haryana, IN"
1267716,Karmala,Maharashtra,IN,18.4077,75.19386,Asia/Kolkata,1,"Karmala, Maharashtra, IN"
1267739,Karkala,Karnataka,IN,13.21428,74.99234,Asia/Kolkata,1,"Karkala, Karnataka, IN"
1267742,Karjat,Maharashtra,IN,18.9107,73.32354,Asia/Kolkata,1,"Karjat, Maharashtra, IN"
1267754,Karimpur,West Bengal,IN,23.97594,88.61917,Asia/Kolkata,1,"Karimpur, West Bengal, IN"
1267755,Karimnagar,Telangana,IN,18.43915,79.12856,Asia/Kolkata,1,"Karimnagar, Telangana, IN"
1267758,Karimganj,Assam,IN,24.86919,92.35543,Asia/Kolkata,1,"Karimganj, Assam, IN"
1267745,Kariapatti,Tamil Nadu,IN,9.67505,78.09992,Asia/Kolkata,1,"Kariapatti, Tamil Nadu, IN"
1267772,Karhal,Uttar Pradesh,IN,27.00089,78.93935,Asia/Kolkata,1,"Karhal, Uttar Pradesh, IN"
1267776,Kargil,Ladakh,IN,34.55765,76.12622,Asia/Kolkata,1,"Kargil, Ladakh, IN"
1267786,Karera,Madhya Pradesh,IN,25.45815,78.13583,Asia/Kolkata,1,"Karera, Madhya Pradesh, IN"
1267794,Kareli,Madhya Pradesh,IN,22.91533,79.06378,Asia/Kolkata,1,"Kareli, Madhya Pradesh, IN"
1267819,Karauli,Rajasthan,IN,26.49831,77.02755,Asia/Kolkata,1,"Karauli, Rajasthan, IN"
1267827,Karari,Uttar Pradesh,IN,25.45241,81.42675,Asia/Kolkata,1,"Karari, Uttar Pradesh, IN"
1255646,Karanpur,Rajasthan,IN,29.84042,73.45519,Asia/Kolkata,1,"Karanpur, Rajasthan, IN"
1267853,Karanja,Maharashtra,IN,20.48273,77.48857,Asia/Kolkata,1,"Karanja, Maharashtra, IN"
1267862,Karamsad,Gujarat,IN,22.54243,72.90392,Asia/Kolkata,1,"Karamsad, Gujarat, IN"
1267867,Karambakkudi,Tamil Nadu,IN,10.45866,79.14101,Asia/Kolkata,1,"Karambakkudi, Tamil Nadu, IN"
1267869,Karamadai,Tamil Nadu,IN,11.24058,76.96009,Asia/Kolkata,1,"Karamadai, Tamil Nadu, IN"
1267885,Karaikkudi,Tamil Nadu,IN,10.06615,78.76784,Asia/Kolkata,1,"Karaikkudi, Tamil Nadu, IN"
1267887,Karaikal,Puducherry,IN,10.91667,79.83333,Asia/Kolkata,1,"Karaikal, Puducherry, IN"
1267904,Karad,Maharashtra,IN,17.28937,74.18183,Asia/Kolkata,1,"Karad, Maharashtra, IN"
1267911,Kapurthala,Punjab,IN,31.38011,75.38105,Asia/Kolkata,1,"Kapurthala, Punjab, IN"
1267923,Kapren,Rajasthan,IN,25.40529,76.07431,Asia/Kolkata,1,"Kapren, Rajasthan, IN"
1267939,Kapadvanj,Gujarat,IN,23.02302,73.07113,Asia/Kolkata,1,"Kapadvanj, Gujarat, IN"
7302825,Kanuru,Andhra Pradesh,IN,16.28584,81.25464,Asia/Kolkata,1,"Kanuru, Andhra Pradesh, IN"
1267964,Kantilo,Odisha,IN,20.36152,85.19212,Asia/Kolkata,1,"Kantilo, Odisha, IN"
1267972,Kanth,Uttar Pradesh,IN,29.05939,78.62951,Asia/Kolkata,1,"Kanth, Uttar Pradesh, IN"
1267978,Kantabanji,Odisha,IN,20.46709,82.92042,Asia/Kolkata,1,"Kantabanji, Odisha, IN"
1267979,Kant,Uttar Pradesh,IN,27.81049,79.79185,Asia/Kolkata,1,"Kant, Uttar Pradesh, IN"
1267995,Kanpur,Uttar Pradesh,IN,26.46523,80.34975,Asia/Kolkata,1,"Kanpur, Uttar Pradesh, IN"
1268001,Kanor,Rajasthan,IN,24.43437,74.26546,Asia/Kolkata,1,"Kanor, Rajasthan, IN"
1268004,Kanodar,Gujarat,IN,24.08932,72.39354,Asia/Kolkata,1,"Kanodar, Gujarat, IN"
1274987,Kannur,Kerala,IN,11.86752,75.35763,Asia/Kolkata,1,"Kannur, Kerala, IN"
1268007,Kannod,Madhya Pradesh,IN,22.66764,76.74286,Asia/Kolkata,1,"Kannod, Madhya Pradesh, IN"
1268008,Kanniyakumari,Tamil Nadu,IN,8.09008,77.53841,Asia/Kolkata,1,"Kanniyakumari, Tamil Nadu, IN"
1268010,Kannavam,Kerala,IN,11.8445,75.66266,Asia/Kolkata,1,"Kannavam, Kerala, IN"
1268011,Kannauj,Uttar Pradesh,IN,27.05524,79.9188,Asia/Kolkata,1,"Kannauj, Uttar Pradesh, IN"
1268015,Kannangad,Kerala,IN,12.30814,75.10632,Asia/Kolkata,1,"Kannangad, Kerala, IN"
1268020,Kannad,Maharashtra,IN,20.25684,75.13786,Asia/Kolkata,1,"Kannad, Maharashtra, IN"
1268022,Kankon,Goa,IN,15.02698,74.04617,Asia/Kolkata,1,"Kankon, Goa, IN"
1268024,Kankipadu,Andhra Pradesh,IN,16.4353,80.76715,Asia/Kolkata,1,"Kankipadu, Andhra Pradesh, IN"
1268031,Kanker,Chhattisgarh,IN,20.27193,81.49177,Asia/Kolkata,1,"Kanker, Chhattisgarh, IN"
1268032,Kanke,Jharkhand,IN,23.43478,85.32059,Asia/Kolkata,1,"Kanke, Jharkhand, IN"
1268035,Kankauli,Maharashtra,IN,16.26609,73.71217,Asia/Kolkata,1,"Kankauli, Maharashtra, IN"
1268189,Kankanhalli,Karnataka,IN,12.54654,77.42005,Asia/Kolkata,1,"Kankanhalli, Karnataka, IN"
1268398,Kanina Khas,Haryana,IN,28.33093,76.31099,Asia/Kolkata,1,"Kanina Khas, Haryana, IN"
1268059,Kanigiri,Andhra Pradesh,IN,15.40555,79.50694,Asia/Kolkata,1,"Kanigiri, Andhra Pradesh, IN"
1268086,Kangpokpi,Manipur,IN,25.15273,93.97167,Asia/Kolkata,1,"Kangpokpi, Manipur, IN"
1268095,Kangayam,Tamil Nadu,IN,11.00599,77.5609,Asia/Kolkata,1,"Kangayam, Tamil Nadu, IN"
1268084,Kangar,Himachal Pradesh,IN,32.09135,76.26267,Asia/Kolkata,1,"Kangar, Himachal Pradesh, IN"
1268111,Kandukur,Andhra Pradesh,IN,15.21542,79.9039,Asia/Kolkata,1,"Kandukur, Andhra Pradesh, IN"
1268114,Kandri,Maharashtra,IN,21.4203,79.27663,Asia/Kolkata,1,"Kandri, Maharashtra, IN"
1268116,Kandra,Jharkhand,IN,22.8517,86.05192,Asia/Kolkata,1,"Kandra, Jharkhand, IN"
1268124,Kandla,Gujarat,IN,23.03333,70.21667,Asia/Kolkata,1,"Kandla, Gujarat, IN"
1268135,Kandi,West Bengal,IN,23.95946,88.04018,Asia/Kolkata,1,"Kandi, West Bengal, IN"
1268138,Kandhla,Uttar Pradesh,IN,29.32104,77.27101,Asia/Kolkata,1,"Kandhla, Uttar Pradesh, IN"
1268715,Kanchrapara,West Bengal,IN,22.95998,88.42849,Asia/Kolkata,1,"Kanchrapara, West Bengal, IN"
1268159,Kanchipuram,Tamil Nadu,IN,12.83515,79.70006,Asia/Kolkata,1,"Kanchipuram, Tamil Nadu, IN"
1268197,Kanadukattan,Tamil Nadu,IN,10.17209,78.77935,Asia/Kolkata,1,"Kanadukattan, Tamil Nadu, IN"
1268202,Kamuthi,Tamil Nadu,IN,9.40732,78.37337,Asia/Kolkata,1,"Kamuthi, Tamil Nadu, IN"
1268205,Kamthi,Maharashtra,IN,21.21615,79.1973,Asia/Kolkata,1,"Kamthi, Maharashtra, IN"
1268214,Kampli,Karnataka,IN,15.40626,76.60013,Asia/Kolkata,1,"Kampli, Karnataka, IN"
1268215,Kampil,Uttar Pradesh,IN,27.61268,79.27687,Asia/Kolkata,1,"Kampil, Uttar Pradesh, IN"
11875588,Kamjong,Manipur,IN,24.85846,94.51549,Asia/Kolkata,1,"Kamjong, Manipur, IN"
1268257,Kamarhati,West Bengal,IN,22.67111,88.37472,Asia/Kolkata,1,"Kamarhati, West Bengal, IN"
1268259,Kamareddi,Telangana,IN,18.32001,78.34177,Asia/Kolkata,1,"Kamareddi, Telangana, IN"
1268266,Kaman,Rajasthan,IN,27.65791,77.26908,Asia/Kolkata,1,"Kaman, Rajasthan, IN"
1268271,Kamalpur,Tripura,IN,24.19593,91.83438,Asia/Kolkata,1,"Kamalpur, Tripura, IN"
1268276,Kamalganj,Uttar Pradesh,IN,27.26181,79.63134,Asia/Kolkata,1,"Kamalganj, Uttar Pradesh, IN"
1268277,Kamalapuram,Andhra Pradesh,IN,14.5983,78.66948,Asia/Kolkata,1,"Kamalapuram, Andhra Pradesh, IN"
1268279,Kamakhyanagar,Odisha,IN,20.93385,85.54489,Asia/Kolkata,1,"Kamakhyanagar, Odisha, IN"
1268293,Kalyani,West Bengal,IN,22.9757,88.4337,Asia/Kolkata,1,"Kalyani, West Bengal, IN"
7302838,Kalyandurg,Andhra Pradesh,IN,14.54519,77.10552,Asia/Kolkata,1,"Kalyandurg, Andhra Pradesh, IN"
1268295,Kalyan,Maharashtra,IN,19.2437,73.13554,Asia/Kolkata,1,"Kalyan, Maharashtra, IN"
1268308,Kalundri,Maharashtra,IN,18.9802,73.12708,Asia/Kolkata,1,"Kalundri, Maharashtra, IN"
1268310,Kalugumalai,Tamil Nadu,IN,9.14941,77.70569,Asia/Kolkata,1,"Kalugumalai, Tamil Nadu, IN"
1268325,Kalpi,Uttar Pradesh,IN,26.11667,79.73333,Asia/Kolkata,1,"Kalpi, Uttar Pradesh, IN"
1268327,Kalpatta,Kerala,IN,11.60871,76.08343,Asia/Kolkata,1,"Kalpatta, Kerala, IN"
1268339,Kalol,Gujarat,IN,22.60777,73.46272,Asia/Kolkata,1,"Kalol, Gujarat, IN"
1268341,Kalna,West Bengal,IN,23.21944,88.36295,Asia/Kolkata,1,"Kalna, West Bengal, IN"
1268344,Kalmeshwar,Maharashtra,IN,21.23219,78.91988,Asia/Kolkata,1,"Kalmeshwar, Maharashtra, IN"
1268355,Kallupatti,Tamil Nadu,IN,9.71667,77.86667,Asia/Kolkata,1,"Kallupatti, Tamil Nadu, IN"
1268360,Kallidaikurichi,Tamil Nadu,IN,8.68591,77.46592,Asia/Kolkata,1,"Kallidaikurichi, Tamil Nadu, IN"
12165956,Kallakurichi,Tamil Nadu,IN,11.73379,78.95925,Asia/Kolkata,1,"Kallakurichi, Tamil Nadu, IN"
1268376,Kallakkurichchi,Tamil Nadu,IN,11.7404,78.959,Asia/Kolkata,1,"Kallakkurichchi, Tamil Nadu, IN"
1268381,Kalka,Himachal Pradesh,IN,30.83982,76.94065,Asia/Kolkata,1,"Kalka, Himachal Pradesh, IN"
1268383,Kaliyaganj,West Bengal,IN,25.63442,88.32665,Asia/Kolkata,1,"Kaliyaganj, West Bengal, IN"
1268399,Kalinagar,Uttar Pradesh,IN,28.62019,80.08152,Asia/Kolkata,1,"Kalinagar, Uttar Pradesh, IN"
8690167,"Kalimpong, Kruketi",West Bengal,IN,27.05623,88.46207,Asia/Kolkata,1,"Kalimpong, Kruketi, West Bengal, IN"
1268403,Kalimpong,West Bengal,IN,27.07059,88.47529,Asia/Kolkata,1,"Kalimpong, West Bengal, IN"
1268408,Kalikapur,Jharkhand,IN,22.61662,86.2881,Asia/Kolkata,1,"Kalikapur, Jharkhand, IN"
1268434,Kalghatgi,Karnataka,IN,15.18315,74.97099,Asia/Kolkata,1,"Kalghatgi, Karnataka, IN"
10629189,Kalavoor,Kerala,IN,9.57046,76.32756,Asia/Kolkata,1,"Kalavoor, Kerala, IN"
1268449,Kalavai,Tamil Nadu,IN,12.77029,79.41999,Asia/Kolkata,1,"Kalavai, Tamil Nadu, IN"
1268450,Kalavad,Gujarat,IN,22.20789,70.38343,Asia/Kolkata,1,"Kalavad, Gujarat, IN"
1268460,Kalas,Maharashtra,IN,18.17241,74.79045,Asia/Kolkata,1,"Kalas, Maharashtra, IN"
1268469,Kalanwali,Haryana,IN,29.83573,74.9717,Asia/Kolkata,1,"Kalanwali, Haryana, IN"
1268476,Kalanaur,Haryana,IN,28.82823,76.3955,Asia/Kolkata,1,"Kalanaur, Haryana, IN"
1268475,Kalanaur,Punjab,IN,32.01227,75.15063,Asia/Kolkata,1,"Kalanaur, Punjab, IN"
1268480,Kalamnuri,Maharashtra,IN,19.67386,77.31149,Asia/Kolkata,1,"Kalamnuri, Maharashtra, IN"
1268484,Kalamb,Maharashtra,IN,19.04437,73.95554,Asia/Kolkata,1,"Kalamb, Maharashtra, IN"
10630431,Kalamassery,Kerala,IN,10.0614,76.32631,Asia/Kolkata,1,"Kalamassery, Kerala, IN"
1268495,Kalakkadu,Tamil Nadu,IN,8.5138,77.54944,Asia/Kolkata,1,"Kalakkadu, Tamil Nadu, IN"
1268504,Kalaikunda,West Bengal,IN,22.3393,87.22637,Asia/Kolkata,1,"Kalaikunda, West Bengal, IN"
1268510,Kalagarh Project Colony,Uttarakhand,IN,29.4778,78.78449,Asia/Kolkata,1,"Kalagarh Project Colony, Uttarakhand, IN"
1268513,Kaladhungi,Uttarakhand,IN,29.28351,79.351,Asia/Kolkata,1,"Kaladhungi, Uttarakhand, IN"
1268540,Kakrala,Uttar Pradesh,IN,27.89269,79.1945,Asia/Kolkata,1,"Kakrala, Uttar Pradesh, IN"
1268545,Kakori,Uttar Pradesh,IN,26.868,80.7857,Asia/Kolkata,1,"Kakori, Uttar Pradesh, IN"
1268561,Kakinada,Andhra Pradesh,IN,16.96036,82.23809,Asia/Kolkata,1,"Kakinada, Andhra Pradesh, IN"
1268566,Kakdwip,West Bengal,IN,21.87914,88.1913,Asia/Kolkata,1,"Kakdwip, West Bengal, IN"
1268567,Kakching,Manipur,IN,24.4982,93.98126,Asia/Kolkata,1,"Kakching, Manipur, IN"
1268593,Kaithal,Haryana,IN,29.80153,76.39959,Asia/Kolkata,1,"Kaithal, Haryana, IN"
1268601,Kairana,Uttar Pradesh,IN,29.39541,77.2054,Asia/Kolkata,1,"Kairana, Uttar Pradesh, IN"
1268610,Kaintragarh,Odisha,IN,20.72115,84.53514,Asia/Kolkata,1,"Kaintragarh, Odisha, IN"
1268615,Kaimori,Madhya Pradesh,IN,23.38465,79.7442,Asia/Kolkata,1,"Kaimori, Madhya Pradesh, IN"
1268616,Kaimganj,Uttar Pradesh,IN,27.55441,79.33525,Asia/Kolkata,1,"Kaimganj, Uttar Pradesh, IN"
1268622,Kailashahar,Tripura,IN,24.33199,92.00391,Asia/Kolkata,1,"Kailashahar, Tripura, IN"
1268624,Kailaras,Madhya Pradesh,IN,26.30498,77.616,Asia/Kolkata,1,"Kailaras, Madhya Pradesh, IN"
1268627,Kaikalur,Andhra Pradesh,IN,16.55154,81.214,Asia/Kolkata,1,"Kaikalur, Andhra Pradesh, IN"
8541672,Kagaznagar,Telangana,IN,19.33159,79.46605,Asia/Kolkata,1,"Kagaznagar, Telangana, IN"
1268651,Kagal,Maharashtra,IN,16.57702,74.31544,Asia/Kolkata,1,"Kagal, Maharashtra, IN"
1268662,Kadur,Karnataka,IN,13.55285,76.01164,Asia/Kolkata,1,"Kadur, Karnataka, IN"
1268667,Kadod,Gujarat,IN,21.21717,73.21972,Asia/Kolkata,1,"Kadod, Gujarat, IN"
1268673,Kadiri,Andhra Pradesh,IN,14.11168,78.15982,Asia/Kolkata,1,"Kadiri, Andhra Pradesh, IN"
1268677,Kadipur,Uttar Pradesh,IN,26.16779,82.37028,Asia/Kolkata,1,"Kadipur, Uttar Pradesh, IN"
1268680,Kadi,Gujarat,IN,23.29908,72.33362,Asia/Kolkata,1,"Kadi, Gujarat, IN"
1268707,Kadayanallur,Tamil Nadu,IN,9.07277,77.34152,Asia/Kolkata,1,"Kadayanallur, Tamil Nadu, IN"
1268686,Kadaura,Uttar Pradesh,IN,25.98537,79.83842,Asia/Kolkata,1,"Kadaura, Uttar Pradesh, IN"
1268693,Kadambur,Tamil Nadu,IN,8.99739,77.86191,Asia/Kolkata,1,"Kadambur, Tamil Nadu, IN"
10628608,Kadakkavoor,Kerala,IN,8.67921,76.76714,Asia/Kolkata,1,"Kadakkavoor, Kerala, IN"
1268722,Kachhwa,Uttar Pradesh,IN,25.20615,82.71442,Asia/Kolkata,1,"Kachhwa, Uttar Pradesh, IN"
1268739,Kabrai,Uttar Pradesh,IN,25.40281,79.9997,Asia/Kolkata,1,"Kabrai, Uttar Pradesh, IN"
1268754,Jutogh,Himachal Pradesh,IN,31.1,77.11667,Asia/Kolkata,1,"Jutogh, Himachal Pradesh, IN"
1268761,Junnar,Maharashtra,IN,19.20815,73.8752,Asia/Kolkata,1,"Junnar, Maharashtra, IN"
1268772,Junagarh,Chhattisgarh,IN,19.85993,82.93385,Asia/Kolkata,1,"Junagarh, Chhattisgarh, IN"
1268773,Junagadh,Gujarat,IN,21.51966,70.45981,Asia/Kolkata,1,"Junagadh, Gujarat, IN"
1268799,Jugsalai,Jharkhand,IN,22.77668,86.18351,Asia/Kolkata,1,"Jugsalai, Jharkhand, IN"
1268802,Jubbal,Himachal Pradesh,IN,31.10923,77.65085,Asia/Kolkata,1,"Jubbal, Himachal Pradesh, IN"
1268806,Jua,Goa,IN,15.5307,73.95047,Asia/Kolkata,1,"Jua, Goa, IN"
1268814,Joshimath,Uttarakhand,IN,30.55543,79.56436,Asia/Kolkata,1,"Joshimath, Uttarakhand, IN"
1268820,Jorhat,Assam,IN,26.75751,94.20306,Asia/Kolkata,1,"Jorhat, Assam, IN"
7279751,Jorethang,Sikkim,IN,27.10696,88.32332,Asia/Kolkata,1,"Jorethang, Sikkim, IN"
1268823,Jora,Madhya Pradesh,IN,26.34209,77.8092,Asia/Kolkata,1,"Jora, Madhya Pradesh, IN"
1268849,Jogindarnagar,Himachal Pradesh,IN,31.98727,76.78906,Asia/Kolkata,1,"Jogindarnagar, Himachal Pradesh, IN"
1268851,Jogighopa,Assam,IN,26.22646,90.57247,Asia/Kolkata,1,"Jogighopa, Assam, IN"
1268855,Jogbani,Bihar,IN,26.39905,87.26525,Asia/Kolkata,1,"Jogbani, Bihar, IN"
1268863,Jodiya Bandar,Gujarat,IN,22.71667,70.28333,Asia/Kolkata,1,"Jodiya Bandar, Gujarat, IN"
1268866,Jodhpur,Gujarat,IN,21.90174,70.0327,Asia/Kolkata,1,"Jodhpur, Gujarat, IN"
1268865,Jodhpur,Rajasthan,IN,26.26841,73.00594,Asia/Kolkata,1,"Jodhpur, Rajasthan, IN"
1268874,Jobner,Rajasthan,IN,26.97257,75.38752,Asia/Kolkata,1,"Jobner, Rajasthan, IN"
1268875,Jobat,Madhya Pradesh,IN,22.41599,74.56828,Asia/Kolkata,1,"Jobat, Madhya Pradesh, IN"
11875582,Jiribam,Manipur,IN,24.80427,93.12148,Asia/Kolkata,1,"Jiribam, Manipur, IN"
1268893,Jiran,Madhya Pradesh,IN,24.30871,74.89087,Asia/Kolkata,1,"Jiran, Madhya Pradesh, IN"
1268896,Jintur,Maharashtra,IN,19.61186,76.6874,Asia/Kolkata,1,"Jintur, Maharashtra, IN"
1268907,Jind,Haryana,IN,29.31577,76.31502,Asia/Kolkata,1,"Jind, Haryana, IN"
1268929,Jhusi,Uttar Pradesh,IN,25.43745,81.9055,Asia/Kolkata,1,"Jhusi, Uttar Pradesh, IN"
1268936,Jhunjhunun,Rajasthan,IN,28.12559,75.39797,Asia/Kolkata,1,"Jhunjhunun, Rajasthan, IN"
1268775,Jhumri Telaiya,Jharkhand,IN,24.4349,85.52951,Asia/Kolkata,1,"Jhumri Telaiya, Jharkhand, IN"
7303983,Jhulasan,Gujarat,IN,23.3286,72.47314,Asia/Kolkata,1,"Jhulasan, Gujarat, IN"
1268961,Jhinjhana,Uttar Pradesh,IN,29.52118,77.2247,Asia/Kolkata,1,"Jhinjhana, Uttar Pradesh, IN"
1268962,Jhinjhak,Uttar Pradesh,IN,26.56093,79.73423,Asia/Kolkata,1,"Jhinjhak, Uttar Pradesh, IN"
1268977,Jharsuguda,Odisha,IN,21.85531,84.00698,Asia/Kolkata,1,"Jharsuguda, Odisha, IN"
1268988,Jharia,Jharkhand,IN,23.74079,86.41456,Asia/Kolkata,1,"Jharia, Jharkhand, IN"
1268990,Jhargram,West Bengal,IN,22.45384,86.99497,Asia/Kolkata,1,"Jhargram, West Bengal, IN"
1269006,Jhansi,Uttar Pradesh,IN,25.45887,78.57994,Asia/Kolkata,1,"Jhansi, Uttar Pradesh, IN"
1269012,Jhanjharpur,Bihar,IN,26.26467,86.27993,Asia/Kolkata,1,"Jhanjharpur, Bihar, IN"
1269019,Jhalu,Uttar Pradesh,IN,29.33609,78.22608,Asia/Kolkata,1,"Jhalu, Uttar Pradesh, IN"
1269020,Jhalrapatan,Rajasthan,IN,24.54205,76.17242,Asia/Kolkata,1,"Jhalrapatan, Rajasthan, IN"
1269026,Jhalida,West Bengal,IN,23.36545,85.97643,Asia/Kolkata,1,"Jhalida, West Bengal, IN"
1269027,Jhalawar,Rajasthan,IN,24.59633,76.16499,Asia/Kolkata,1,"Jhalawar, Rajasthan, IN"
1269042,Jhajjar,Haryana,IN,28.6063,76.6565,Asia/Kolkata,1,"Jhajjar, Haryana, IN"
1269053,Jhabua,Madhya Pradesh,IN,22.76772,74.59087,Asia/Kolkata,1,"Jhabua, Madhya Pradesh, IN"
1269046,Jha-Jha,Bihar,IN,24.77107,86.37888,Asia/Kolkata,1,"Jha-Jha, Bihar, IN"
1269092,Jeypore,Odisha,IN,18.8563,82.5716,Asia/Kolkata,1,"Jeypore, Odisha, IN"
1269056,Jewar,Uttar Pradesh,IN,28.122,77.55734,Asia/Kolkata,1,"Jewar, Uttar Pradesh, IN"
1269057,Jevargi,Karnataka,IN,17.01394,76.77317,Asia/Kolkata,1,"Jevargi, Karnataka, IN"
1269065,Jetpur,Gujarat,IN,21.75482,70.62347,Asia/Kolkata,1,"Jetpur, Gujarat, IN"
1269064,Jetpur,Gujarat,IN,22.34472,73.84093,Asia/Kolkata,1,"Jetpur, Gujarat, IN"
1269070,Jetalsar,Gujarat,IN,21.70891,70.57695,Asia/Kolkata,1,"Jetalsar, Gujarat, IN"
1269087,Jejuri,Maharashtra,IN,18.27658,74.16008,Asia/Kolkata,1,"Jejuri, Maharashtra, IN"
1269094,Jaynagar Majilpur,West Bengal,IN,22.17449,88.41836,Asia/Kolkata,1,"Jaynagar Majilpur, West Bengal, IN"
1269102,Jayamkondacholapuram,Tamil Nadu,IN,11.21266,79.36369,Asia/Kolkata,1,"Jayamkondacholapuram, Tamil Nadu, IN"
1269106,Jawhar,Maharashtra,IN,19.91213,73.22679,Asia/Kolkata,1,"Jawhar, Maharashtra, IN"
1269119,Jawala Mukhi,Himachal Pradesh,IN,31.87456,76.32013,Asia/Kolkata,1,"Jawala Mukhi, Himachal Pradesh, IN"
1269126,Jawad,Madhya Pradesh,IN,24.59916,74.86261,Asia/Kolkata,1,"Jawad, Madhya Pradesh, IN"
1431732,Jaurian,Jammu And Kashmir,IN,32.83255,74.57612,Asia/Kolkata,1,"Jaurian, Jammu And Kashmir, IN"
1269135,Jaunpur,Uttar Pradesh,IN,25.75356,82.68689,Asia/Kolkata,1,"Jaunpur, Uttar Pradesh, IN"
1269153,Jatara,Madhya Pradesh,IN,25.00964,79.04869,Asia/Kolkata,1,"Jatara, Madhya Pradesh, IN"
1269154,Jatani,Odisha,IN,20.15975,85.70742,Asia/Kolkata,1,"Jatani, Odisha, IN"
1269158,Jaswantnagar,Uttar Pradesh,IN,26.88271,78.90256,Asia/Kolkata,1,"Jaswantnagar, Uttar Pradesh, IN"
1269163,Jasrasar,Rajasthan,IN,27.70701,73.81276,Asia/Kolkata,1,"Jasrasar, Rajasthan, IN"
1269165,Jasrana,Uttar Pradesh,IN,27.23587,78.65244,Asia/Kolkata,1,"Jasrana, Uttar Pradesh, IN"
1269168,Jaspur,Uttarakhand,IN,29.27919,78.82798,Asia/Kolkata,1,"Jaspur, Uttarakhand, IN"
1269175,Jasidih,Jharkhand,IN,24.51379,86.64576,Asia/Kolkata,1,"Jasidih, Jharkhand, IN"
1269177,Jashpurnagar,Chhattisgarh,IN,22.88783,84.13864,Asia/Kolkata,1,"Jashpurnagar, Chhattisgarh, IN"
1269179,Jasdan,Gujarat,IN,22.03709,71.20794,Asia/Kolkata,1,"Jasdan, Gujarat, IN"
1269183,Jarwal,Uttar Pradesh,IN,27.1629,81.54179,Asia/Kolkata,1,"Jarwal, Uttar Pradesh, IN"
1269217,Jaora,Madhya Pradesh,IN,23.63783,75.12711,Asia/Kolkata,1,"Jaora, Madhya Pradesh, IN"
1269227,Jansath,Uttar Pradesh,IN,29.32502,77.85044,Asia/Kolkata,1,"Jansath, Uttar Pradesh, IN"
1269239,Janjgir,Chhattisgarh,IN,22.00922,82.5778,Asia/Kolkata,1,"Janjgir, Chhattisgarh, IN"
1269247,Jangipur,West Bengal,IN,24.47001,88.07659,Asia/Kolkata,1,"Jangipur, West Bengal, IN"
1269256,Jangaon,Telangana,IN,17.72602,79.15236,Asia/Kolkata,1,"Jangaon, Telangana, IN"
1269267,Jandiala Guru,Punjab,IN,31.56198,75.0277,Asia/Kolkata,1,"Jandiala Guru, Punjab, IN"
1269269,Jandiala,Punjab,IN,31.1593,75.61755,Asia/Kolkata,1,"Jandiala, Punjab, IN"
1269280,Jamuria,West Bengal,IN,23.70468,87.07872,Asia/Kolkata,1,"Jamuria, West Bengal, IN"
1269291,Jamui,Bihar,IN,24.92606,86.22531,Asia/Kolkata,1,"Jamui, Bihar, IN"
1269298,Jamtara,Jharkhand,IN,23.963,86.80285,Asia/Kolkata,1,"Jamtara, Jharkhand, IN"
1269300,Jamshedpur,Jharkhand,IN,22.80278,86.18545,Asia/Kolkata,1,"Jamshedpur, Jharkhand, IN"
1269317,Jamnagar,Gujarat,IN,22.47292,70.06673,Asia/Kolkata,1,"Jamnagar, Gujarat, IN"
1269321,Jammu,Jammu And Kashmir,IN,32.73569,74.86911,Asia/Kolkata,1,"Jammu, Jammu And Kashmir, IN"
1269323,Jammalamadugu,Andhra Pradesh,IN,14.84677,78.38314,Asia/Kolkata,1,"Jammalamadugu, Andhra Pradesh, IN"
1269328,Jamkhandi,Karnataka,IN,16.50461,75.29146,Asia/Kolkata,1,"Jamkhandi, Karnataka, IN"
1269350,Jambusar,Gujarat,IN,22.05236,72.80074,Asia/Kolkata,1,"Jambusar, Gujarat, IN"
1269374,Jamalpur,Bihar,IN,25.31258,86.48888,Asia/Kolkata,1,"Jamalpur, Bihar, IN"
1269377,Jamai,Madhya Pradesh,IN,22.19644,78.59191,Asia/Kolkata,1,"Jamai, Madhya Pradesh, IN"
1269379,Jamadoba,Jharkhand,IN,23.71667,86.4,Asia/Kolkata,1,"Jamadoba, Jharkhand, IN"
1269388,Jalpaiguri,West Bengal,IN,26.51667,88.73333,Asia/Kolkata,1,"Jalpaiguri, West Bengal, IN"
1269392,Jalor,Rajasthan,IN,25.34558,72.61559,Asia/Kolkata,1,"Jalor, Rajasthan, IN"
1269395,Jalna,Maharashtra,IN,19.84102,75.88636,Asia/Kolkata,1,"Jalna, Maharashtra, IN"
1269406,Jalgaon Jamod,Maharashtra,IN,21.05194,76.53464,Asia/Kolkata,1,"Jalgaon Jamod, Maharashtra, IN"
1269410,Jalgaon,Maharashtra,IN,17.74026,73.19087,Asia/Kolkata,1,"Jalgaon, Maharashtra, IN"
1269407,Jalgaon,Maharashtra,IN,21.00292,75.56602,Asia/Kolkata,1,"Jalgaon, Maharashtra, IN"
1269413,Jaleshwar,Odisha,IN,21.80176,87.2225,Asia/Kolkata,1,"Jaleshwar, Odisha, IN"
1269415,Jalesar,Uttar Pradesh,IN,27.47315,78.3031,Asia/Kolkata,1,"Jalesar, Uttar Pradesh, IN"
1269422,Jalaun,Uttar Pradesh,IN,26.1451,79.3366,Asia/Kolkata,1,"Jalaun, Uttar Pradesh, IN"
1268834,Jalarpet,Tamil Nadu,IN,12.57025,78.57318,Asia/Kolkata,1,"Jalarpet, Tamil Nadu, IN"
1268782,Jalandhar,Punjab,IN,31.32556,75.57917,Asia/Kolkata,1,"Jalandhar, Punjab, IN"
1269435,Jalalpur,Uttar Pradesh,IN,26.31162,82.73859,Asia/Kolkata,1,"Jalalpur, Uttar Pradesh, IN"
1269439,Jalalpore,Gujarat,IN,20.94896,72.89829,Asia/Kolkata,1,"Jalalpore, Gujarat, IN"
1269441,Jalali,Uttar Pradesh,IN,27.8668,78.25267,Asia/Kolkata,1,"Jalali, Uttar Pradesh, IN"
1269447,Jalalabad,Uttar Pradesh,IN,27.72625,79.65523,Asia/Kolkata,1,"Jalalabad, Uttar Pradesh, IN"
1269446,Jalalabad,Uttar Pradesh,IN,29.61853,77.43908,Asia/Kolkata,1,"Jalalabad, Uttar Pradesh, IN"
1269445,Jalalabad,Punjab,IN,30.60622,74.25727,Asia/Kolkata,1,"Jalalabad, Punjab, IN"
1269449,Jalakandapuram,Tamil Nadu,IN,11.69779,77.87298,Asia/Kolkata,1,"Jalakandapuram, Tamil Nadu, IN"
1269470,Jakhal,Haryana,IN,29.79627,75.82392,Asia/Kolkata,1,"Jakhal, Haryana, IN"
1269477,Jajpur,Odisha,IN,20.84852,86.33729,Asia/Kolkata,1,"Jajpur, Odisha, IN"
1269488,Jaito,Punjab,IN,30.45126,74.89189,Asia/Kolkata,1,"Jaito, Punjab, IN"
1269495,Jaithari,Madhya Pradesh,IN,23.20856,78.61487,Asia/Kolkata,1,"Jaithari, Madhya Pradesh, IN"
1269498,Jaitaran,Rajasthan,IN,26.20446,73.93676,Asia/Kolkata,1,"Jaitaran, Rajasthan, IN"
1269502,Jaisingpur,Maharashtra,IN,16.77639,74.55361,Asia/Kolkata,1,"Jaisingpur, Maharashtra, IN"
1269503,Jaisinghnagar,Madhya Pradesh,IN,23.68582,81.39085,Asia/Kolkata,1,"Jaisinghnagar, Madhya Pradesh, IN"
1269507,Jaisalmer,Rajasthan,IN,26.91763,70.90387,Asia/Kolkata,1,"Jaisalmer, Rajasthan, IN"
1269509,Jais,Uttar Pradesh,IN,26.2649,81.54855,Asia/Kolkata,1,"Jais, Uttar Pradesh, IN"
1269515,Jaipur,Rajasthan,IN,26.91962,75.78781,Asia/Kolkata,1,"Jaipur, Rajasthan, IN"
1269525,Jainpur,Uttar Pradesh,IN,26.15389,83.33505,Asia/Kolkata,1,"Jainpur, Uttar Pradesh, IN"
1269093,Jainagar,Bihar,IN,26.59048,86.13791,Asia/Kolkata,1,"Jainagar, Bihar, IN"
7284820,Jaigaon,West Bengal,IN,26.84766,89.37558,Asia/Kolkata,1,"Jaigaon, West Bengal, IN"
1269545,Jahazpur,Rajasthan,IN,25.61994,75.27609,Asia/Kolkata,1,"Jahazpur, Rajasthan, IN"
1269548,Jahangirpur,Uttar Pradesh,IN,28.17919,77.70501,Asia/Kolkata,1,"Jahangirpur, Uttar Pradesh, IN"
1269551,Jahangirabad,Uttar Pradesh,IN,28.40549,78.10588,Asia/Kolkata,1,"Jahangirabad, Uttar Pradesh, IN"
1269557,Jahanabad,Bihar,IN,25.21368,84.9871,Asia/Kolkata,1,"Jahanabad, Bihar, IN"
1269555,Jahanabad,Uttar Pradesh,IN,28.63025,79.71818,Asia/Kolkata,1,"Jahanabad, Uttar Pradesh, IN"
1269562,Jagtial,Telangana,IN,18.79473,78.91661,Asia/Kolkata,1,"Jagtial, Telangana, IN"
1269564,Jagraon,Punjab,IN,30.78783,75.47391,Asia/Kolkata,1,"Jagraon, Punjab, IN"
1269567,Jagnair,Uttar Pradesh,IN,26.8636,77.60231,Asia/Kolkata,1,"Jagnair, Uttar Pradesh, IN"
1269570,Jaggayyapeta,Andhra Pradesh,IN,16.8938,80.09807,Asia/Kolkata,1,"Jaggayyapeta, Andhra Pradesh, IN"
1269573,Jagdispur,Bihar,IN,25.46811,84.41939,Asia/Kolkata,1,"Jagdispur, Bihar, IN"
1269574,Jagdishpur,Uttar Pradesh,IN,26.74967,80.5451,Asia/Kolkata,1,"Jagdishpur, Uttar Pradesh, IN"
1269578,Jagdalpur,Chhattisgarh,IN,19.08136,82.02131,Asia/Kolkata,1,"Jagdalpur, Chhattisgarh, IN"
1269581,Jagatsinghapur,Odisha,IN,20.2557,86.17112,Asia/Kolkata,1,"Jagatsinghapur, Odisha, IN"
1269592,Jagannathpur,Jharkhand,IN,22.22115,85.63917,Asia/Kolkata,1,"Jagannathpur, Jharkhand, IN"
1269602,Jagalur,Karnataka,IN,14.51957,76.33915,Asia/Kolkata,1,"Jagalur, Karnataka, IN"
1269605,Jagadhri,Haryana,IN,30.16719,77.30367,Asia/Kolkata,1,"Jagadhri, Haryana, IN"
1269633,Jabalpur,Madhya Pradesh,IN,23.16697,79.95006,Asia/Kolkata,1,"Jabalpur, Madhya Pradesh, IN"
1269646,Itimadpur,Uttar Pradesh,IN,27.23541,78.19829,Asia/Kolkata,1,"Itimadpur, Uttar Pradesh, IN"
1269652,Itaunja,Uttar Pradesh,IN,27.08347,80.89672,Asia/Kolkata,1,"Itaunja, Uttar Pradesh, IN"
1269653,Itarsi,Madhya Pradesh,IN,22.61477,77.76222,Asia/Kolkata,1,"Itarsi, Madhya Pradesh, IN"
1269655,Itanagar,Arunachal Pradesh,IN,27.08694,93.60987,Asia/Kolkata,1,"Itanagar, Arunachal Pradesh, IN"
1269666,Islampur,Bihar,IN,25.14075,85.20587,Asia/Kolkata,1,"Islampur, Bihar, IN"
1269665,Islampur,West Bengal,IN,26.26541,88.18982,Asia/Kolkata,1,"Islampur, West Bengal, IN"
1269670,Islamnagar,Uttar Pradesh,IN,28.32896,78.72524,Asia/Kolkata,1,"Islamnagar, Uttar Pradesh, IN"
1269685,Isagarh,Madhya Pradesh,IN,24.83906,77.88274,Asia/Kolkata,1,"Isagarh, Madhya Pradesh, IN"
1269690,Irugur,Tamil Nadu,IN,11.01782,77.06285,Asia/Kolkata,1,"Irugur, Tamil Nadu, IN"
1269693,Irinjalakuda,Kerala,IN,10.34238,76.21124,Asia/Kolkata,1,"Irinjalakuda, Kerala, IN"
1269694,Iringal,Kerala,IN,11.55929,75.61663,Asia/Kolkata,1,"Iringal, Kerala, IN"
9212569,Injambakkam,Tamil Nadu,IN,12.9162,80.2488,Asia/Kolkata,1,"Injambakkam, Tamil Nadu, IN"
1269723,Ingraj Bazar,West Bengal,IN,25.00447,88.14573,Asia/Kolkata,1,"Ingraj Bazar, West Bengal, IN"
1269731,Indri,Haryana,IN,29.87999,77.05972,Asia/Kolkata,1,"Indri, Haryana, IN"
1269743,Indore,Madhya Pradesh,IN,22.71792,75.8333,Asia/Kolkata,1,"Indore, Madhya Pradesh, IN"
1269751,Indi,Karnataka,IN,17.17735,75.9526,Asia/Kolkata,1,"Indi, Karnataka, IN"
1269752,Indergarh,Uttar Pradesh,IN,26.93521,79.6712,Asia/Kolkata,1,"Indergarh, Uttar Pradesh, IN"
1269761,Indapur,Maharashtra,IN,18.3,73.25,Asia/Kolkata,1,"Indapur, Maharashtra, IN"
9977596,Inda Chhoi,Haryana,IN,29.64042,75.79041,Asia/Kolkata,1,"Inda Chhoi, Haryana, IN"
1269771,Imphal,Manipur,IN,24.80805,93.9442,Asia/Kolkata,1,"Imphal, Manipur, IN"
1269782,Iluppur,Tamil Nadu,IN,10.51347,78.62357,Asia/Kolkata,1,"Iluppur, Tamil Nadu, IN"
1269784,Ilkal,Karnataka,IN,15.95923,76.11351,Asia/Kolkata,1,"Ilkal, Karnataka, IN"
1269792,Ilampillai,Tamil Nadu,IN,11.60659,78.00676,Asia/Kolkata,1,"Ilampillai, Tamil Nadu, IN"
1269801,Iklehra,Madhya Pradesh,IN,23.14667,76.39044,Asia/Kolkata,1,"Iklehra, Madhya Pradesh, IN"
1269805,Ikauna,Uttar Pradesh,IN,27.53097,81.96917,Asia/Kolkata,1,"Ikauna, Uttar Pradesh, IN"
1269809,Iglas,Uttar Pradesh,IN,27.711,77.93967,Asia/Kolkata,1,"Iglas, Uttar Pradesh, IN"
1269810,Igatpuri,Maharashtra,IN,19.69522,73.5626,Asia/Kolkata,1,"Igatpuri, Maharashtra, IN"
1269811,Idukki,Kerala,IN,9.85,76.96667,Asia/Kolkata,1,"Idukki, Kerala, IN"
1269819,Idappadi,Tamil Nadu,IN,11.58624,77.83891,Asia/Kolkata,1,"Idappadi, Tamil Nadu, IN"
1269824,Ichhawar,Madhya Pradesh,IN,23.02816,77.01729,Asia/Kolkata,1,"Ichhawar, Madhya Pradesh, IN"
1269827,Ichchapuram,Andhra Pradesh,IN,19.11393,84.68721,Asia/Kolkata,1,"Ichchapuram, Andhra Pradesh, IN"
1269834,Ichalkaranji,Maharashtra,IN,16.69117,74.46054,Asia/Kolkata,1,"Ichalkaranji, Maharashtra, IN"
1269110,Iawar,Madhya Pradesh,IN,23.00943,76.5007,Asia/Kolkata,1,"Iawar, Madhya Pradesh, IN"
1269843,Hyderabad,Telangana,IN,17.38405,78.45636,Asia/Kolkata,1,"Hyderabad, Telangana, IN"
1269862,Husainabad,Jharkhand,IN,24.52849,84,Asia/Kolkata,1,"Husainabad, Jharkhand, IN"
1269873,Hunsur,Karnataka,IN,12.30359,76.29275,Asia/Kolkata,1,"Hunsur, Karnataka, IN"
1269876,Hungund,Karnataka,IN,16.06213,76.0586,Asia/Kolkata,1,"Hungund, Karnataka, IN"
1269908,Hukeri,Karnataka,IN,16.23082,74.60244,Asia/Kolkata,1,"Hukeri, Karnataka, IN"
1269910,Hugli,West Bengal,IN,22.90877,88.39674,Asia/Kolkata,1,"Hugli, West Bengal, IN"
1269920,Hubli,Karnataka,IN,15.34776,75.13378,Asia/Kolkata,1,"Hubli, Karnataka, IN"
1269927,Howli,Assam,IN,26.42237,90.98004,Asia/Kolkata,1,"Howli, Assam, IN"
1269934,Hosur,Tamil Nadu,IN,12.73647,77.83264,Asia/Kolkata,1,"Hosur, Tamil Nadu, IN"
1269935,Hospet,Karnataka,IN,15.26954,76.3871,Asia/Kolkata,1,"Hospet, Karnataka, IN"
1269936,Hoskote,Karnataka,IN,13.0707,77.79814,Asia/Kolkata,1,"Hoskote, Karnataka, IN"
1269937,Hoshiarpur,Punjab,IN,31.53723,75.91269,Asia/Kolkata,1,"Hoshiarpur, Punjab, IN"
1269939,Hoshangabad,Madhya Pradesh,IN,22.74747,77.72736,Asia/Kolkata,1,"Hoshangabad, Madhya Pradesh, IN"
1269943,Hosdurga,Karnataka,IN,13.79631,76.28408,Asia/Kolkata,1,"Hosdurga, Karnataka, IN"
1269945,Hosangadi,Karnataka,IN,13.69756,74.95427,Asia/Kolkata,1,"Hosangadi, Karnataka, IN"
1269946,Hosanagara,Karnataka,IN,13.91387,75.06503,Asia/Kolkata,1,"Hosanagara, Karnataka, IN"
1269947,Hosakote,Karnataka,IN,14.27603,77.16827,Asia/Kolkata,1,"Hosakote, Karnataka, IN"
1269970,Honnali,Karnataka,IN,14.23976,75.64507,Asia/Kolkata,1,"Honnali, Karnataka, IN"
1269976,Honavar,Karnataka,IN,14.28088,74.44497,Asia/Kolkata,1,"Honavar, Karnataka, IN"
1269979,Homnabad,Karnataka,IN,17.77074,77.12519,Asia/Kolkata,1,"Homnabad, Karnataka, IN"
1269985,Hole Narsipur,Karnataka,IN,12.78635,76.24331,Asia/Kolkata,1,"Hole Narsipur, Karnataka, IN"
1269990,Holalkere,Karnataka,IN,14.04295,76.18496,Asia/Kolkata,1,"Holalkere, Karnataka, IN"
1269993,Hojai,Assam,IN,26.00281,92.85605,Asia/Kolkata,1,"Hojai, Assam, IN"
1270000,Hodal,Haryana,IN,27.89196,77.36744,Asia/Kolkata,1,"Hodal, Haryana, IN"
12165957,Hnahthial,Mizoram,IN,22.91,92.76,Asia/Kolkata,1,"Hnahthial, Mizoram, IN"
1270021,Hisua,Bihar,IN,24.8336,85.41729,Asia/Kolkata,1,"Hisua, Bihar, IN"
1270022,Hisar,Haryana,IN,29.15394,75.72294,Asia/Kolkata,1,"Hisar, Haryana, IN"
1270032,Hiriyur,Karnataka,IN,13.94455,76.61723,Asia/Kolkata,1,"Hiriyur, Karnataka, IN"
1270036,Hirekerur,Karnataka,IN,14.45506,75.3952,Asia/Kolkata,1,"Hirekerur, Karnataka, IN"
1270048,Hirapur Hamesha,Maharashtra,IN,21.55546,79.78581,Asia/Kolkata,1,"Hirapur Hamesha, Maharashtra, IN"
1270056,Hiranagar,Jammu And Kashmir,IN,32.45493,75.27187,Asia/Kolkata,1,"Hiranagar, Jammu And Kashmir, IN"
1270059,Hirakud,Odisha,IN,21.52502,83.87275,Asia/Kolkata,1,"Hirakud, Odisha, IN"
1270066,Hinjilikatu,Odisha,IN,19.48166,84.74489,Asia/Kolkata,1,"Hinjilikatu, Odisha, IN"
1270072,Hingoli,Maharashtra,IN,19.71464,77.14238,Asia/Kolkata,1,"Hingoli, Maharashtra, IN"
1270077,Hinganghat,Maharashtra,IN,20.54875,78.83978,Asia/Kolkata,1,"Hinganghat, Maharashtra, IN"
1270079,Hindupur,Andhra Pradesh,IN,13.82807,77.49143,Asia/Kolkata,1,"Hindupur, Andhra Pradesh, IN"
1270082,Hindoria,Madhya Pradesh,IN,23.90345,79.56861,Asia/Kolkata,1,"Hindoria, Madhya Pradesh, IN"
1270090,Hindaun,Rajasthan,IN,26.73411,77.03519,Asia/Kolkata,1,"Hindaun, Rajasthan, IN"
1270099,Himatnagar,Gujarat,IN,23.59893,72.96602,Asia/Kolkata,1,"Himatnagar, Gujarat, IN"
1270102,Hilsa,Bihar,IN,25.31642,85.28234,Asia/Kolkata,1,"Hilsa, Bihar, IN"
1270118,Hesla,Jharkhand,IN,24.06313,85.87905,Asia/Kolkata,1,"Hesla, Jharkhand, IN"
1270151,Heggadadevankote,Karnataka,IN,12.08809,76.32957,Asia/Kolkata,1,"Heggadadevankote, Karnataka, IN"
1270164,Hazaribagh,Jharkhand,IN,23.99241,85.36162,Asia/Kolkata,1,"Hazaribagh, Jharkhand, IN"
1270167,Hayuliang,Arunachal Pradesh,IN,28.07301,96.54305,Asia/Kolkata,1,"Hayuliang, Arunachal Pradesh, IN"
11169179,Hawai,Arunachal Pradesh,IN,27.88677,96.8017,Asia/Kolkata,1,"Hawai, Arunachal Pradesh, IN"
1270171,Haveri,Karnataka,IN,14.79354,75.40448,Asia/Kolkata,1,"Haveri, Karnataka, IN"
1270185,Hatta,Madhya Pradesh,IN,24.13406,79.60119,Asia/Kolkata,1,"Hatta, Madhya Pradesh, IN"
11185376,Hatsingimari,Assam,IN,25.70986,89.90078,Asia/Kolkata,1,"Hatsingimari, Assam, IN"
1270192,Hatod,Madhya Pradesh,IN,22.79378,75.73928,Asia/Kolkata,1,"Hatod, Madhya Pradesh, IN"
1270216,Hathras,Uttar Pradesh,IN,27.59551,78.05201,Asia/Kolkata,1,"Hathras, Uttar Pradesh, IN"
1270232,Hata,Uttar Pradesh,IN,26.7412,83.74526,Asia/Kolkata,1,"Hata, Uttar Pradesh, IN"
1270237,Hastinapur,Uttar Pradesh,IN,29.16042,78.00762,Asia/Kolkata,1,"Hastinapur, Uttar Pradesh, IN"
1270239,Hassan,Karnataka,IN,13.00715,76.0962,Asia/Kolkata,1,"Hassan, Karnataka, IN"
1270245,Hasimara,West Bengal,IN,26.7469,89.35385,Asia/Kolkata,1,"Hasimara, West Bengal, IN"
1270252,Hasanpur,Haryana,IN,27.96944,77.49544,Asia/Kolkata,1,"Hasanpur, Haryana, IN"
1270251,Hasanpur,Uttar Pradesh,IN,28.72249,78.28436,Asia/Kolkata,1,"Hasanpur, Uttar Pradesh, IN"
1270265,Harur,Tamil Nadu,IN,12.05267,78.48023,Asia/Kolkata,1,"Harur, Tamil Nadu, IN"
1270271,Harsud,Madhya Pradesh,IN,22.09947,76.73423,Asia/Kolkata,1,"Harsud, Madhya Pradesh, IN"
1270286,Harrai,Madhya Pradesh,IN,22.61428,79.22207,Asia/Kolkata,1,"Harrai, Madhya Pradesh, IN"
1270287,Harpanahalli,Karnataka,IN,14.78766,75.98863,Asia/Kolkata,1,"Harpanahalli, Karnataka, IN"
1270291,Harpalpur,Madhya Pradesh,IN,25.28773,79.33279,Asia/Kolkata,1,"Harpalpur, Madhya Pradesh, IN"
1270304,Harnai,Maharashtra,IN,17.8134,73.09668,Asia/Kolkata,1,"Harnai, Maharashtra, IN"
1348581,Haripur,West Bengal,IN,22.93611,88.23194,Asia/Kolkata,1,"Haripur, West Bengal, IN"
1270336,Haringhata,West Bengal,IN,22.96474,88.57451,Asia/Kolkata,1,"Haringhata, West Bengal, IN"
12129177,Harina Pashdal Bar,West Bengal,IN,21.9021,87.7062,Asia/Kolkata,1,"Harina Pashdal Bar, West Bengal, IN"
1270343,Harij,Gujarat,IN,23.69356,71.907,Asia/Kolkata,1,"Harij, Gujarat, IN"
1270349,Harihar,Karnataka,IN,14.51288,75.80716,Asia/Kolkata,1,"Harihar, Karnataka, IN"
1270351,Haridwar,Uttarakhand,IN,29.94791,78.16025,Asia/Kolkata,1,"Haridwar, Uttarakhand, IN"
1270357,Hariana,Punjab,IN,31.63512,75.83887,Asia/Kolkata,1,"Hariana, Punjab, IN"
1270364,Harduaganj,Uttar Pradesh,IN,27.94361,78.15789,Asia/Kolkata,1,"Harduaganj, Uttar Pradesh, IN"
1270370,Hardoi,Uttar Pradesh,IN,27.39491,80.13165,Asia/Kolkata,1,"Hardoi, Uttar Pradesh, IN"
1270375,Harda Khas,Madhya Pradesh,IN,22.34414,77.09536,Asia/Kolkata,1,"Harda Khas, Madhya Pradesh, IN"
1270127,Harbatpur,Uttarakhand,IN,30.43863,77.74058,Asia/Kolkata,1,"Harbatpur, Uttarakhand, IN"
1270391,Haraiya,Uttar Pradesh,IN,26.79477,82.46436,Asia/Kolkata,1,"Haraiya, Uttar Pradesh, IN"
1270393,Hapur,Uttar Pradesh,IN,28.72985,77.78068,Asia/Kolkata,1,"Hapur, Uttar Pradesh, IN"
1270396,Haora,West Bengal,IN,22.57688,88.31857,Asia/Kolkata,1,"Haora, West Bengal, IN"
1270407,Hanumangarh,Rajasthan,IN,29.58182,74.32938,Asia/Kolkata,1,"Hanumangarh, Rajasthan, IN"
1270413,Hansot,Gujarat,IN,21.58496,72.80764,Asia/Kolkata,1,"Hansot, Gujarat, IN"
1270417,Hansi,Haryana,IN,29.10239,75.96253,Asia/Kolkata,1,"Hansi, Haryana, IN"
1270435,Hangal,Karnataka,IN,14.76465,75.1246,Asia/Kolkata,1,"Hangal, Karnataka, IN"
1270437,Handia,Uttar Pradesh,IN,25.36379,82.18655,Asia/Kolkata,1,"Handia, Uttar Pradesh, IN"
11875615,Hamren,Assam,IN,25.93354,92.61656,Asia/Kolkata,1,"Hamren, Assam, IN"
1270448,Hampi,Karnataka,IN,15.3352,76.4603,Asia/Kolkata,1,"Hampi, Karnataka, IN"
1270455,Hamirpur,Uttar Pradesh,IN,25.9553,80.14842,Asia/Kolkata,1,"Hamirpur, Uttar Pradesh, IN"
1270454,Hamirpur,Himachal Pradesh,IN,31.68411,76.52506,Asia/Kolkata,1,"Hamirpur, Himachal Pradesh, IN"
1270466,Halvad,Gujarat,IN,23.01516,71.18029,Asia/Kolkata,1,"Halvad, Gujarat, IN"
1270474,Halol,Gujarat,IN,22.50321,73.47242,Asia/Kolkata,1,"Halol, Gujarat, IN"
1270482,Haliyal,Karnataka,IN,15.32864,74.75638,Asia/Kolkata,1,"Haliyal, Karnataka, IN"
1270484,Halisahar,West Bengal,IN,22.93218,88.41859,Asia/Kolkata,1,"Halisahar, West Bengal, IN"
1270498,Haldwani,Uttarakhand,IN,29.22254,79.5286,Asia/Kolkata,1,"Haldwani, Uttarakhand, IN"
1270504,Haldibari,West Bengal,IN,26.33887,88.7822,Asia/Kolkata,1,"Haldibari, West Bengal, IN"
1344377,Haldia,West Bengal,IN,22.06046,88.10975,Asia/Kolkata,1,"Haldia, West Bengal, IN"
1270509,Haldaur,Uttar Pradesh,IN,29.28988,78.28437,Asia/Kolkata,1,"Haldaur, Uttar Pradesh, IN"
1270522,Hajo,Assam,IN,26.2452,91.52525,Asia/Kolkata,1,"Hajo, Assam, IN"
1270525,Hajipur,Bihar,IN,25.68544,85.20981,Asia/Kolkata,1,"Hajipur, Bihar, IN"
1270523,Hajipur,Punjab,IN,31.97714,75.75438,Asia/Kolkata,1,"Hajipur, Punjab, IN"
1270529,Hajan,Jammu And Kashmir,IN,34.29895,74.61681,Asia/Kolkata,1,"Hajan, Jammu And Kashmir, IN"
1270530,Hailakandi,Assam,IN,24.68394,92.56097,Asia/Kolkata,1,"Hailakandi, Assam, IN"
1270543,Haflong,Assam,IN,25.16478,93.01744,Asia/Kolkata,1,"Haflong, Assam, IN"
1270554,Hadgaon,Maharashtra,IN,19.49552,77.65863,Asia/Kolkata,1,"Hadgaon, Maharashtra, IN"
1269849,Hadagalli,Karnataka,IN,15.02048,75.93185,Asia/Kolkata,1,"Hadagalli, Karnataka, IN"
1270568,Habra,West Bengal,IN,22.84202,88.65606,Asia/Kolkata,1,"Habra, West Bengal, IN"
1270576,Gyanpur,Uttar Pradesh,IN,25.33268,82.46637,Asia/Kolkata,1,"Gyanpur, Uttar Pradesh, IN"
1270577,Gyalshing,Sikkim,IN,27.28952,88.25764,Asia/Kolkata,1,"Gyalshing, Sikkim, IN"
1270583,Gwalior,Madhya Pradesh,IN,26.22983,78.17337,Asia/Kolkata,1,"Gwalior, Madhya Pradesh, IN"
1271476,Guwahati,Assam,IN,26.1844,91.7458,Asia/Kolkata,1,"Guwahati, Assam, IN"
1270598,Guskhara,West Bengal,IN,23.49276,87.73484,Asia/Kolkata,1,"Guskhara, West Bengal, IN"
1270603,Guruvayur,Kerala,IN,10.5943,76.0411,Asia/Kolkata,1,"Guruvayur, Kerala, IN"
1270612,Guru Har Sahai,Punjab,IN,30.70862,74.40407,Asia/Kolkata,1,"Guru Har Sahai, Punjab, IN"
1270618,Gursarai,Uttar Pradesh,IN,25.61677,79.18053,Asia/Kolkata,1,"Gursarai, Uttar Pradesh, IN"
1270619,Gursahaiganj,Uttar Pradesh,IN,27.11518,79.73174,Asia/Kolkata,1,"Gursahaiganj, Uttar Pradesh, IN"
1270627,Gurmatkal,Karnataka,IN,16.86773,77.39088,Asia/Kolkata,1,"Gurmatkal, Karnataka, IN"
1270640,Gurh,Madhya Pradesh,IN,24.50265,81.50037,Asia/Kolkata,1,"Gurh, Madhya Pradesh, IN"
1270642,Gurgaon,Haryana,IN,28.4601,77.02635,Asia/Kolkata,1,"Gurgaon, Haryana, IN"
1349229,Gurdaha,West Bengal,IN,22.73472,88.75944,Asia/Kolkata,1,"Gurdaha, West Bengal, IN"
1270667,Gunupur,Odisha,IN,19.0804,83.80879,Asia/Kolkata,1,"Gunupur, Odisha, IN"
1270668,Guntur,Andhra Pradesh,IN,16.29974,80.45729,Asia/Kolkata,1,"Guntur, Andhra Pradesh, IN"
1270670,Guntakal Junction,Andhra Pradesh,IN,15.17112,77.36244,Asia/Kolkata,1,"Guntakal Junction, Andhra Pradesh, IN"
1270674,Gunnaur,Uttar Pradesh,IN,28.23995,78.43994,Asia/Kolkata,1,"Gunnaur, Uttar Pradesh, IN"
1270686,Gundlupet,Karnataka,IN,11.81004,76.69027,Asia/Kolkata,1,"Gundlupet, Karnataka, IN"
1270711,Guna,Madhya Pradesh,IN,24.64691,77.3113,Asia/Kolkata,1,"Guna, Madhya Pradesh, IN"
1270718,Gummidipundi,Tamil Nadu,IN,13.40765,80.10879,Asia/Kolkata,1,"Gummidipundi, Tamil Nadu, IN"
1270722,Gumla,Jharkhand,IN,23.04268,84.54429,Asia/Kolkata,1,"Gumla, Jharkhand, IN"
1270723,Gumia,Jharkhand,IN,23.7975,85.82523,Asia/Kolkata,1,"Gumia, Jharkhand, IN"
1270750,Guledagudda,Karnataka,IN,16.05025,75.78997,Asia/Kolkata,1,"Guledagudda, Karnataka, IN"
1270752,Gulbarga,Karnataka,IN,17.33583,76.83757,Asia/Kolkata,1,"Gulbarga, Karnataka, IN"
1270759,Gulaothi,Uttar Pradesh,IN,28.58938,77.79318,Asia/Kolkata,1,"Gulaothi, Uttar Pradesh, IN"
1270763,Gulabpura,Rajasthan,IN,25.90448,74.66025,Asia/Kolkata,1,"Gulabpura, Rajasthan, IN"
1270774,Guirim,Goa,IN,15.57552,73.80722,Asia/Kolkata,1,"Guirim, Goa, IN"
1270779,Guhagar,Maharashtra,IN,17.48415,73.19289,Asia/Kolkata,1,"Guhagar, Maharashtra, IN"
1270787,Guduvancheri,Tamil Nadu,IN,12.84519,80.06055,Asia/Kolkata,1,"Guduvancheri, Tamil Nadu, IN"
1270791,Gudur,Andhra Pradesh,IN,14.15093,79.8521,Asia/Kolkata,1,"Gudur, Andhra Pradesh, IN"
1270789,Gudur,Telangana,IN,17.49174,78.82302,Asia/Kolkata,1,"Gudur, Telangana, IN"
1270798,Gudlavalleru,Andhra Pradesh,IN,16.35,81.05,Asia/Kolkata,1,"Gudlavalleru, Andhra Pradesh, IN"
1270800,Gudiyatham,Tamil Nadu,IN,12.94601,78.87377,Asia/Kolkata,1,"Gudiyatham, Tamil Nadu, IN"
1270801,Gudivada,Andhra Pradesh,IN,16.43547,80.99555,Asia/Kolkata,1,"Gudivada, Andhra Pradesh, IN"
1270806,Gudibanda,Karnataka,IN,13.67099,77.70414,Asia/Kolkata,1,"Gudibanda, Karnataka, IN"
1270818,Gudari,Odisha,IN,19.34762,83.78128,Asia/Kolkata,1,"Gudari, Odisha, IN"
1270820,Gudalur,Tamil Nadu,IN,9.67826,77.24951,Asia/Kolkata,1,"Gudalur, Tamil Nadu, IN"
1270824,Gubbi,Karnataka,IN,13.31216,76.94102,Asia/Kolkata,1,"Gubbi, Karnataka, IN"
1270827,Gua,Jharkhand,IN,22.21361,85.38774,Asia/Kolkata,1,"Gua, Jharkhand, IN"
6954929,Greater Noida,Uttar Pradesh,IN,28.49615,77.53601,Asia/Kolkata,1,"Greater Noida, Uttar Pradesh, IN"
1270845,Goyerkata,West Bengal,IN,26.69984,89.02565,Asia/Kolkata,1,"Goyerkata, West Bengal, IN"
1270856,Govindgarh,Madhya Pradesh,IN,24.37845,81.29644,Asia/Kolkata,1,"Govindgarh, Madhya Pradesh, IN"
1270854,Govindgarh,Rajasthan,IN,27.50423,76.99938,Asia/Kolkata,1,"Govindgarh, Rajasthan, IN"
8436374,Govindapuram,Andhra Pradesh,IN,16.15477,80.10279,Asia/Kolkata,1,"Govindapuram, Andhra Pradesh, IN"
1270863,Govardhan,Uttar Pradesh,IN,27.49658,77.46263,Asia/Kolkata,1,"Govardhan, Uttar Pradesh, IN"
1270888,Goshaingaon,Assam,IN,26.43946,89.96307,Asia/Kolkata,1,"Goshaingaon, Assam, IN"
1270895,Goshainganj,Uttar Pradesh,IN,26.57115,82.38091,Asia/Kolkata,1,"Goshainganj, Uttar Pradesh, IN"
1270890,Goshainganj,Uttar Pradesh,IN,26.76793,81.10752,Asia/Kolkata,1,"Goshainganj, Uttar Pradesh, IN"
1270896,Gosaba,West Bengal,IN,22.16547,88.8007,Asia/Kolkata,1,"Gosaba, West Bengal, IN"
1270898,Gorur,Karnataka,IN,12.82297,76.06463,Asia/Kolkata,1,"Gorur, Karnataka, IN"
1270914,Goregaon,Maharashtra,IN,18.15483,73.29147,Asia/Kolkata,1,"Goregaon, Maharashtra, IN"
1270923,Gorantla,Andhra Pradesh,IN,13.98411,77.77224,Asia/Kolkata,1,"Gorantla, Andhra Pradesh, IN"
1270927,Gorakhpur,Uttar Pradesh,IN,26.76628,83.36889,Asia/Kolkata,1,"Gorakhpur, Uttar Pradesh, IN"
1270926,Gorakhpur,Haryana,IN,29.44768,75.67206,Asia/Kolkata,1,"Gorakhpur, Haryana, IN"
1270944,Gopinathpur,Jharkhand,IN,22.66301,86.075,Asia/Kolkata,1,"Gopinathpur, Jharkhand, IN"
1270951,Gopamau,Uttar Pradesh,IN,27.53468,80.28507,Asia/Kolkata,1,"Gopamau, Uttar Pradesh, IN"
1270952,Gopalur,Telangana,IN,16.6122,77.80728,Asia/Kolkata,1,"Gopalur, Telangana, IN"
1349263,Gopalpur,West Bengal,IN,22.61845,88.75119,Asia/Kolkata,1,"Gopalpur, West Bengal, IN"
1270961,Gopalpur,Odisha,IN,19.25861,84.90517,Asia/Kolkata,1,"Gopalpur, Odisha, IN"
1270965,Gopalganj,Bihar,IN,26.46734,84.44041,Asia/Kolkata,1,"Gopalganj, Bihar, IN"
1270990,Gondia,Maharashtra,IN,21.46026,80.19205,Asia/Kolkata,1,"Gondia, Maharashtra, IN"
1270994,Gondal,Gujarat,IN,21.96074,70.80255,Asia/Kolkata,1,"Gondal, Gujarat, IN"
